Source	Target	Type	Weight
81	116	Undirected	1.0
81	152	Undirected	1.0
81	153	Undirected	1.0
81	185	Undirected	1.0
116	152	Undirected	1.0
116	153	Undirected	1.0
116	185	Undirected	23.0
152	153	Undirected	1.0
152	185	Undirected	1.0
153	185	Undirected	1.0
22	25	Undirected	5.0
22	54	Undirected	10.0
22	88	Undirected	1.0
22	92	Undirected	2.0
22	114	Undirected	11.0
22	133	Undirected	1.0
22	167	Undirected	2.0
22	173	Undirected	2.0
25	54	Undirected	40.0
25	88	Undirected	39.0
25	92	Undirected	27.0
25	114	Undirected	12.0
25	133	Undirected	9.0
25	167	Undirected	19.0
25	173	Undirected	13.0
54	88	Undirected	29.0
54	92	Undirected	29.0
54	114	Undirected	32.0
54	133	Undirected	10.0
54	167	Undirected	18.0
54	173	Undirected	16.0
88	92	Undirected	28.0
88	114	Undirected	7.0
88	133	Undirected	11.0
88	167	Undirected	12.0
88	173	Undirected	14.0
92	114	Undirected	4.0
92	133	Undirected	12.0
92	167	Undirected	13.0
92	173	Undirected	14.0
114	133	Undirected	4.0
114	167	Undirected	5.0
114	173	Undirected	6.0
133	167	Undirected	10.0
133	173	Undirected	12.0
167	173	Undirected	12.0
49	62	Undirected	2.0
49	136	Undirected	8.0
49	143	Undirected	1.0
49	168	Undirected	3.0
49	170	Undirected	17.0
62	136	Undirected	14.0
62	143	Undirected	8.0
62	168	Undirected	17.0
62	170	Undirected	7.0
136	143	Undirected	10.0
136	168	Undirected	23.0
136	170	Undirected	9.0
143	168	Undirected	9.0
143	170	Undirected	1.0
168	170	Undirected	4.0
15	17	Undirected	2.0
15	64	Undirected	2.0
15	99	Undirected	3.0
15	124	Undirected	6.0
15	127	Undirected	6.0
15	138	Undirected	2.0
15	140	Undirected	2.0
15	193	Undirected	6.0
17	64	Undirected	11.0
17	99	Undirected	11.0
17	124	Undirected	23.0
17	127	Undirected	3.0
17	138	Undirected	2.0
17	140	Undirected	2.0
17	193	Undirected	23.0
64	99	Undirected	4.0
64	124	Undirected	16.0
64	127	Undirected	2.0
64	138	Undirected	2.0
64	140	Undirected	2.0
64	193	Undirected	10.0
99	124	Undirected	14.0
99	127	Undirected	4.0
99	138	Undirected	2.0
99	140	Undirected	2.0
99	193	Undirected	11.0
124	127	Undirected	10.0
124	138	Undirected	2.0
124	140	Undirected	2.0
124	193	Undirected	16.0
127	138	Undirected	2.0
127	140	Undirected	2.0
127	193	Undirected	4.0
138	140	Undirected	2.0
138	193	Undirected	2.0
140	193	Undirected	2.0
25	70	Undirected	1.0
25	74	Undirected	7.0
25	116	Undirected	24.0
25	144	Undirected	6.0
25	146	Undirected	4.0
25	168	Undirected	1.0
25	181	Undirected	12.0
70	74	Undirected	1.0
70	116	Undirected	5.0
70	144	Undirected	2.0
70	146	Undirected	1.0
70	168	Undirected	5.0
70	181	Undirected	1.0
74	116	Undirected	14.0
74	144	Undirected	5.0
74	146	Undirected	3.0
74	168	Undirected	1.0
74	181	Undirected	3.0
116	144	Undirected	15.0
116	146	Undirected	15.0
116	168	Undirected	10.0
116	181	Undirected	16.0
144	146	Undirected	34.0
144	168	Undirected	10.0
144	181	Undirected	6.0
146	168	Undirected	5.0
146	181	Undirected	16.0
168	181	Undirected	1.0
53	69	Undirected	2.0
53	70	Undirected	1.0
53	75	Undirected	8.0
53	76	Undirected	3.0
53	85	Undirected	3.0
53	113	Undirected	19.0
53	114	Undirected	15.0
53	116	Undirected	4.0
53	117	Undirected	5.0
53	118	Undirected	4.0
53	144	Undirected	2.0
53	168	Undirected	2.0
53	187	Undirected	5.0
69	70	Undirected	1.0
69	75	Undirected	8.0
69	76	Undirected	5.0
69	85	Undirected	7.0
69	113	Undirected	4.0
69	114	Undirected	5.0
69	116	Undirected	9.0
69	117	Undirected	4.0
69	118	Undirected	17.0
69	144	Undirected	2.0
69	168	Undirected	1.0
69	187	Undirected	4.0
70	75	Undirected	1.0
70	76	Undirected	1.0
70	85	Undirected	1.0
70	113	Undirected	2.0
70	114	Undirected	2.0
70	117	Undirected	2.0
70	118	Undirected	4.0
70	187	Undirected	1.0
75	76	Undirected	19.0
75	85	Undirected	8.0
75	113	Undirected	8.0
75	114	Undirected	17.0
75	116	Undirected	11.0
75	117	Undirected	13.0
75	118	Undirected	10.0
75	144	Undirected	2.0
75	168	Undirected	1.0
75	187	Undirected	28.0
76	85	Undirected	14.0
76	113	Undirected	4.0
76	114	Undirected	11.0
76	116	Undirected	14.0
76	117	Undirected	7.0
76	118	Undirected	8.0
76	144	Undirected	1.0
76	168	Undirected	2.0
76	187	Undirected	32.0
85	113	Undirected	5.0
85	114	Undirected	5.0
85	116	Undirected	19.0
85	117	Undirected	7.0
85	118	Undirected	15.0
85	144	Undirected	1.0
85	168	Undirected	1.0
85	187	Undirected	8.0
113	114	Undirected	70.0
113	116	Undirected	21.0
113	117	Undirected	35.0
113	118	Undirected	20.0
113	144	Undirected	8.0
113	168	Undirected	3.0
113	187	Undirected	4.0
114	116	Undirected	38.0
114	117	Undirected	79.0
114	118	Undirected	38.0
114	144	Undirected	18.0
114	168	Undirected	9.0
114	187	Undirected	4.0
116	117	Undirected	58.0
116	118	Undirected	123.0
116	187	Undirected	6.0
117	118	Undirected	33.0
117	144	Undirected	12.0
117	168	Undirected	8.0
117	187	Undirected	4.0
118	144	Undirected	17.0
118	168	Undirected	12.0
118	187	Undirected	6.0
144	187	Undirected	1.0
168	187	Undirected	2.0
114	146	Undirected	35.0
117	146	Undirected	14.0
29	46	Undirected	4.0
29	71	Undirected	7.0
29	110	Undirected	8.0
29	118	Undirected	23.0
29	166	Undirected	5.0
46	71	Undirected	9.0
46	110	Undirected	43.0
46	118	Undirected	26.0
46	166	Undirected	21.0
71	110	Undirected	6.0
71	118	Undirected	28.0
71	166	Undirected	8.0
110	118	Undirected	25.0
110	166	Undirected	12.0
118	166	Undirected	11.0
5	29	Undirected	12.0
5	151	Undirected	5.0
5	173	Undirected	1.0
29	151	Undirected	5.0
29	173	Undirected	3.0
151	173	Undirected	2.0
68	71	Undirected	7.0
68	76	Undirected	6.0
68	158	Undirected	1.0
68	187	Undirected	7.0
71	76	Undirected	9.0
71	158	Undirected	7.0
71	187	Undirected	10.0
76	158	Undirected	2.0
158	187	Undirected	2.0
105	114	Undirected	13.0
105	119	Undirected	8.0
114	119	Undirected	34.0
23	75	Undirected	18.0
76	181	Undirected	10.0
21	46	Undirected	17.0
21	93	Undirected	12.0
21	110	Undirected	13.0
21	166	Undirected	5.0
21	181	Undirected	11.0
46	93	Undirected	11.0
46	181	Undirected	13.0
93	110	Undirected	11.0
93	166	Undirected	2.0
93	181	Undirected	12.0
110	181	Undirected	12.0
166	181	Undirected	3.0
14	66	Undirected	4.0
14	75	Undirected	6.0
14	85	Undirected	10.0
14	188	Undirected	8.0
66	75	Undirected	4.0
66	85	Undirected	2.0
66	188	Undirected	1.0
75	188	Undirected	15.0
85	188	Undirected	21.0
25	129	Undirected	23.0
54	129	Undirected	22.0
88	129	Undirected	20.0
92	129	Undirected	25.0
46	116	Undirected	29.0
46	185	Undirected	6.0
110	116	Undirected	20.0
110	185	Undirected	11.0
118	185	Undirected	22.0
21	39	Undirected	19.0
21	116	Undirected	17.0
39	46	Undirected	7.0
39	116	Undirected	28.0
116	188	Undirected	9.0
118	188	Undirected	12.0
113	143	Undirected	5.0
143	144	Undirected	15.0
13	52	Undirected	2.0
13	63	Undirected	2.0
13	71	Undirected	10.0
13	105	Undirected	3.0
13	118	Undirected	1.0
13	143	Undirected	3.0
13	144	Undirected	7.0
13	145	Undirected	3.0
13	146	Undirected	10.0
13	168	Undirected	1.0
52	63	Undirected	2.0
52	71	Undirected	9.0
52	105	Undirected	3.0
52	118	Undirected	10.0
52	143	Undirected	2.0
52	144	Undirected	4.0
52	145	Undirected	2.0
52	146	Undirected	6.0
52	168	Undirected	3.0
63	71	Undirected	5.0
63	105	Undirected	5.0
63	118	Undirected	1.0
63	143	Undirected	5.0
63	144	Undirected	5.0
63	145	Undirected	3.0
63	146	Undirected	5.0
63	168	Undirected	1.0
71	105	Undirected	7.0
71	143	Undirected	8.0
71	144	Undirected	15.0
71	145	Undirected	4.0
71	146	Undirected	27.0
71	168	Undirected	11.0
105	118	Undirected	7.0
105	143	Undirected	10.0
105	144	Undirected	24.0
105	145	Undirected	19.0
105	146	Undirected	18.0
105	168	Undirected	3.0
118	143	Undirected	6.0
118	145	Undirected	3.0
118	146	Undirected	26.0
143	145	Undirected	6.0
143	146	Undirected	19.0
144	145	Undirected	14.0
145	146	Undirected	16.0
145	168	Undirected	2.0
5	9	Undirected	1.0
5	116	Undirected	13.0
5	118	Undirected	17.0
9	116	Undirected	1.0
9	118	Undirected	1.0
62	97	Undirected	14.0
62	99	Undirected	6.0
97	99	Undirected	13.0
97	170	Undirected	7.0
99	170	Undirected	9.0
99	146	Undirected	7.0
99	166	Undirected	3.0
146	166	Undirected	15.0
25	29	Undirected	12.0
25	118	Undirected	27.0
29	54	Undirected	4.0
29	116	Undirected	13.0
54	116	Undirected	14.0
54	118	Undirected	14.0
23	52	Undirected	6.0
23	62	Undirected	1.0
23	136	Undirected	6.0
23	168	Undirected	1.0
23	170	Undirected	5.0
23	196	Undirected	14.0
52	62	Undirected	2.0
52	136	Undirected	2.0
52	170	Undirected	7.0
52	196	Undirected	5.0
62	196	Undirected	1.0
136	196	Undirected	10.0
168	196	Undirected	1.0
170	196	Undirected	6.0
56	124	Undirected	1.0
71	116	Undirected	21.0
189	201	Undirected	5.0
116	119	Undirected	26.0
117	119	Undirected	23.0
3	48	Undirected	18.0
3	52	Undirected	1.0
3	113	Undirected	1.0
3	114	Undirected	2.0
3	116	Undirected	3.0
3	117	Undirected	6.0
3	119	Undirected	6.0
48	52	Undirected	1.0
48	113	Undirected	2.0
48	114	Undirected	2.0
48	116	Undirected	4.0
48	117	Undirected	3.0
48	119	Undirected	2.0
52	113	Undirected	14.0
52	114	Undirected	27.0
52	116	Undirected	12.0
52	117	Undirected	18.0
52	119	Undirected	12.0
113	119	Undirected	9.0
28	32	Undirected	13.0
28	85	Undirected	1.0
28	185	Undirected	10.0
32	85	Undirected	1.0
32	185	Undirected	6.0
85	185	Undirected	3.0
7	41	Undirected	3.0
7	44	Undirected	14.0
7	62	Undirected	10.0
7	96	Undirected	43.0
7	97	Undirected	24.0
7	98	Undirected	29.0
7	132	Undirected	7.0
7	134	Undirected	7.0
7	135	Undirected	3.0
41	44	Undirected	3.0
41	62	Undirected	2.0
41	96	Undirected	3.0
41	97	Undirected	3.0
41	98	Undirected	1.0
41	132	Undirected	3.0
41	134	Undirected	3.0
41	135	Undirected	3.0
44	62	Undirected	4.0
44	96	Undirected	23.0
44	97	Undirected	18.0
44	98	Undirected	14.0
44	132	Undirected	7.0
44	134	Undirected	4.0
44	135	Undirected	3.0
62	96	Undirected	8.0
62	98	Undirected	9.0
62	132	Undirected	3.0
62	134	Undirected	10.0
62	135	Undirected	2.0
96	97	Undirected	24.0
96	98	Undirected	48.0
96	132	Undirected	12.0
96	134	Undirected	8.0
96	135	Undirected	3.0
97	98	Undirected	13.0
97	132	Undirected	7.0
97	134	Undirected	6.0
97	135	Undirected	3.0
98	132	Undirected	6.0
98	134	Undirected	4.0
98	135	Undirected	1.0
132	134	Undirected	4.0
132	135	Undirected	3.0
134	135	Undirected	3.0
7	86	Undirected	19.0
7	122	Undirected	5.0
7	179	Undirected	16.0
7	194	Undirected	9.0
86	122	Undirected	4.0
86	179	Undirected	28.0
86	194	Undirected	2.0
122	179	Undirected	3.0
122	194	Undirected	2.0
179	194	Undirected	2.0
2	3	Undirected	15.0
2	38	Undirected	14.0
2	77	Undirected	10.0
2	93	Undirected	13.0
2	141	Undirected	5.0
3	38	Undirected	18.0
3	77	Undirected	3.0
3	93	Undirected	16.0
3	141	Undirected	2.0
38	77	Undirected	4.0
38	93	Undirected	16.0
38	141	Undirected	2.0
77	93	Undirected	2.0
77	141	Undirected	5.0
93	141	Undirected	3.0
75	181	Undirected	2.0
25	85	Undirected	15.0
25	188	Undirected	13.0
54	85	Undirected	13.0
54	181	Undirected	7.0
54	188	Undirected	10.0
85	88	Undirected	10.0
85	92	Undirected	9.0
85	129	Undirected	8.0
85	181	Undirected	7.0
88	181	Undirected	7.0
88	188	Undirected	7.0
92	181	Undirected	5.0
92	188	Undirected	8.0
129	181	Undirected	6.0
129	188	Undirected	8.0
181	188	Undirected	10.0
7	42	Undirected	3.0
42	96	Undirected	2.0
3	196	Undirected	10.0
5	25	Undirected	7.0
5	88	Undirected	12.0
12	17	Undirected	2.0
12	23	Undirected	6.0
12	24	Undirected	1.0
12	25	Undirected	5.0
12	54	Undirected	5.0
12	69	Undirected	1.0
12	85	Undirected	6.0
12	88	Undirected	2.0
12	92	Undirected	2.0
12	93	Undirected	1.0
12	116	Undirected	2.0
12	118	Undirected	3.0
12	129	Undirected	2.0
12	133	Undirected	2.0
12	151	Undirected	1.0
12	167	Undirected	2.0
12	173	Undirected	2.0
12	181	Undirected	1.0
12	185	Undirected	1.0
12	188	Undirected	1.0
12	201	Undirected	6.0
17	23	Undirected	2.0
17	24	Undirected	9.0
17	25	Undirected	10.0
17	54	Undirected	6.0
17	69	Undirected	1.0
17	85	Undirected	9.0
17	88	Undirected	5.0
17	92	Undirected	1.0
17	93	Undirected	6.0
17	116	Undirected	28.0
17	118	Undirected	21.0
17	129	Undirected	5.0
17	133	Undirected	1.0
17	151	Undirected	4.0
17	167	Undirected	1.0
17	173	Undirected	1.0
17	181	Undirected	5.0
17	185	Undirected	11.0
17	188	Undirected	3.0
17	201	Undirected	1.0
23	24	Undirected	2.0
23	25	Undirected	3.0
23	54	Undirected	3.0
23	69	Undirected	2.0
23	85	Undirected	7.0
23	88	Undirected	2.0
23	92	Undirected	3.0
23	93	Undirected	1.0
23	116	Undirected	3.0
23	118	Undirected	5.0
23	129	Undirected	3.0
23	133	Undirected	2.0
23	151	Undirected	1.0
23	167	Undirected	3.0
23	173	Undirected	3.0
23	181	Undirected	1.0
23	185	Undirected	1.0
23	188	Undirected	6.0
23	201	Undirected	12.0
24	25	Undirected	8.0
24	54	Undirected	7.0
24	69	Undirected	5.0
24	85	Undirected	12.0
24	88	Undirected	5.0
24	92	Undirected	4.0
24	93	Undirected	2.0
24	116	Undirected	11.0
24	118	Undirected	7.0
24	129	Undirected	4.0
24	133	Undirected	2.0
24	151	Undirected	3.0
24	167	Undirected	5.0
24	173	Undirected	6.0
24	181	Undirected	5.0
24	185	Undirected	2.0
24	188	Undirected	6.0
24	201	Undirected	1.0
25	69	Undirected	9.0
25	93	Undirected	8.0
25	151	Undirected	9.0
25	185	Undirected	11.0
25	201	Undirected	2.0
54	69	Undirected	6.0
54	93	Undirected	1.0
54	151	Undirected	3.0
54	185	Undirected	4.0
54	201	Undirected	3.0
69	88	Undirected	4.0
69	92	Undirected	4.0
69	93	Undirected	1.0
69	129	Undirected	5.0
69	133	Undirected	2.0
69	151	Undirected	4.0
69	167	Undirected	5.0
69	173	Undirected	9.0
69	181	Undirected	3.0
69	185	Undirected	7.0
69	188	Undirected	5.0
69	201	Undirected	1.0
85	93	Undirected	1.0
85	133	Undirected	3.0
85	151	Undirected	3.0
85	167	Undirected	7.0
85	173	Undirected	7.0
85	201	Undirected	9.0
88	93	Undirected	3.0
88	116	Undirected	13.0
88	118	Undirected	13.0
88	151	Undirected	6.0
88	185	Undirected	7.0
88	201	Undirected	2.0
92	93	Undirected	1.0
92	116	Undirected	6.0
92	118	Undirected	8.0
92	151	Undirected	1.0
92	185	Undirected	1.0
92	201	Undirected	2.0
93	116	Undirected	8.0
93	118	Undirected	7.0
93	129	Undirected	3.0
93	133	Undirected	1.0
93	151	Undirected	1.0
93	167	Undirected	2.0
93	173	Undirected	1.0
93	185	Undirected	6.0
93	188	Undirected	1.0
93	201	Undirected	1.0
116	129	Undirected	7.0
116	133	Undirected	2.0
116	151	Undirected	7.0
116	167	Undirected	4.0
116	173	Undirected	7.0
116	201	Undirected	2.0
118	129	Undirected	9.0
118	133	Undirected	3.0
118	151	Undirected	6.0
118	167	Undirected	6.0
118	173	Undirected	8.0
118	181	Undirected	17.0
118	201	Undirected	2.0
129	133	Undirected	10.0
129	151	Undirected	1.0
129	167	Undirected	8.0
129	173	Undirected	6.0
129	185	Undirected	1.0
129	201	Undirected	2.0
133	151	Undirected	1.0
133	181	Undirected	2.0
133	185	Undirected	1.0
133	188	Undirected	2.0
133	201	Undirected	2.0
151	167	Undirected	1.0
151	181	Undirected	2.0
151	185	Undirected	5.0
151	188	Undirected	1.0
151	201	Undirected	1.0
167	181	Undirected	6.0
167	185	Undirected	2.0
167	188	Undirected	6.0
167	201	Undirected	2.0
173	181	Undirected	3.0
173	185	Undirected	1.0
173	188	Undirected	5.0
173	201	Undirected	2.0
181	185	Undirected	2.0
181	201	Undirected	1.0
185	188	Undirected	1.0
185	201	Undirected	1.0
188	201	Undirected	7.0
46	165	Undirected	10.0
110	165	Undirected	9.0
118	165	Undirected	5.0
17	76	Undirected	10.0
25	76	Undirected	4.0
76	93	Undirected	1.0
76	185	Undirected	2.0
28	64	Undirected	3.0
28	118	Undirected	15.0
64	118	Undirected	8.0
46	74	Undirected	3.0
74	118	Undirected	3.0
25	30	Undirected	4.0
25	48	Undirected	1.0
25	179	Undirected	1.0
30	48	Undirected	1.0
30	88	Undirected	4.0
30	116	Undirected	6.0
30	118	Undirected	4.0
30	179	Undirected	1.0
30	185	Undirected	2.0
48	88	Undirected	1.0
48	118	Undirected	4.0
48	179	Undirected	4.0
48	185	Undirected	1.0
88	179	Undirected	1.0
116	179	Undirected	2.0
118	179	Undirected	1.0
179	185	Undirected	1.0
5	21	Undirected	1.0
5	106	Undirected	1.0
5	171	Undirected	1.0
21	88	Undirected	7.0
21	106	Undirected	6.0
21	171	Undirected	6.0
88	106	Undirected	8.0
88	171	Undirected	6.0
106	171	Undirected	7.0
17	18	Undirected	13.0
17	126	Undirected	9.0
18	64	Undirected	4.0
18	124	Undirected	13.0
18	126	Undirected	9.0
64	126	Undirected	10.0
124	126	Undirected	31.0
17	113	Undirected	9.0
96	114	Undirected	7.0
96	119	Undirected	4.0
96	124	Undirected	7.0
97	114	Undirected	14.0
97	119	Undirected	15.0
97	124	Undirected	11.0
98	114	Undirected	13.0
98	119	Undirected	4.0
98	124	Undirected	14.0
114	124	Undirected	16.0
119	124	Undirected	10.0
5	17	Undirected	4.0
5	24	Undirected	4.0
5	71	Undirected	9.0
5	76	Undirected	5.0
5	77	Undirected	4.0
5	85	Undirected	4.0
5	97	Undirected	5.0
5	99	Undirected	26.0
5	113	Undirected	5.0
5	114	Undirected	6.0
5	117	Undirected	7.0
5	119	Undirected	3.0
5	124	Undirected	13.0
5	142	Undirected	3.0
5	193	Undirected	6.0
17	71	Undirected	3.0
17	77	Undirected	8.0
17	97	Undirected	4.0
17	114	Undirected	16.0
17	117	Undirected	8.0
17	119	Undirected	8.0
17	142	Undirected	8.0
24	71	Undirected	1.0
24	76	Undirected	13.0
24	77	Undirected	8.0
24	97	Undirected	3.0
24	99	Undirected	9.0
24	113	Undirected	4.0
24	114	Undirected	6.0
24	117	Undirected	4.0
24	119	Undirected	11.0
24	124	Undirected	4.0
24	142	Undirected	8.0
24	193	Undirected	8.0
71	77	Undirected	3.0
71	85	Undirected	1.0
71	97	Undirected	2.0
71	99	Undirected	5.0
71	113	Undirected	19.0
71	114	Undirected	36.0
71	117	Undirected	25.0
71	119	Undirected	4.0
71	124	Undirected	10.0
71	142	Undirected	1.0
71	193	Undirected	1.0
76	77	Undirected	8.0
76	97	Undirected	3.0
76	99	Undirected	9.0
76	119	Undirected	8.0
76	124	Undirected	4.0
76	142	Undirected	8.0
76	193	Undirected	8.0
77	85	Undirected	8.0
77	97	Undirected	5.0
77	99	Undirected	9.0
77	113	Undirected	6.0
77	114	Undirected	14.0
77	116	Undirected	14.0
77	117	Undirected	11.0
77	119	Undirected	18.0
77	124	Undirected	4.0
77	142	Undirected	8.0
77	193	Undirected	8.0
85	97	Undirected	4.0
85	99	Undirected	9.0
85	119	Undirected	8.0
85	124	Undirected	3.0
85	142	Undirected	8.0
85	193	Undirected	8.0
97	113	Undirected	4.0
97	116	Undirected	4.0
97	117	Undirected	4.0
97	142	Undirected	3.0
97	193	Undirected	6.0
99	113	Undirected	5.0
99	114	Undirected	10.0
99	116	Undirected	15.0
99	117	Undirected	10.0
99	119	Undirected	16.0
99	142	Undirected	8.0
113	124	Undirected	4.0
113	142	Undirected	2.0
113	193	Undirected	5.0
114	142	Undirected	3.0
114	193	Undirected	8.0
116	124	Undirected	11.0
116	142	Undirected	8.0
116	193	Undirected	15.0
117	124	Undirected	11.0
117	142	Undirected	3.0
117	193	Undirected	5.0
119	142	Undirected	8.0
119	193	Undirected	8.0
124	142	Undirected	3.0
142	193	Undirected	8.0
7	45	Undirected	4.0
7	71	Undirected	4.0
7	136	Undirected	28.0
7	148	Undirected	2.0
7	198	Undirected	1.0
45	71	Undirected	12.0
45	86	Undirected	27.0
45	98	Undirected	7.0
45	136	Undirected	23.0
45	148	Undirected	11.0
45	179	Undirected	20.0
45	198	Undirected	4.0
71	86	Undirected	5.0
71	98	Undirected	4.0
71	136	Undirected	11.0
71	148	Undirected	7.0
71	179	Undirected	8.0
71	198	Undirected	2.0
86	98	Undirected	15.0
86	136	Undirected	22.0
86	148	Undirected	5.0
86	198	Undirected	3.0
98	136	Undirected	36.0
98	148	Undirected	2.0
98	179	Undirected	15.0
98	198	Undirected	1.0
136	148	Undirected	9.0
136	179	Undirected	24.0
136	198	Undirected	3.0
148	179	Undirected	10.0
148	198	Undirected	3.0
179	198	Undirected	3.0
76	146	Undirected	7.0
52	97	Undirected	6.0
49	113	Undirected	19.0
49	114	Undirected	18.0
113	170	Undirected	14.0
114	170	Undirected	14.0
52	53	Undirected	6.0
18	113	Undirected	2.0
18	114	Undirected	5.0
18	193	Undirected	5.0
64	113	Undirected	7.0
64	114	Undirected	9.0
7	130	Undirected	14.0
7	172	Undirected	5.0
62	130	Undirected	2.0
62	172	Undirected	1.0
62	179	Undirected	1.0
96	130	Undirected	23.0
96	136	Undirected	27.0
96	172	Undirected	5.0
96	179	Undirected	14.0
98	130	Undirected	30.0
98	172	Undirected	5.0
130	134	Undirected	2.0
130	136	Undirected	19.0
130	172	Undirected	2.0
130	179	Undirected	7.0
134	136	Undirected	2.0
134	172	Undirected	1.0
134	179	Undirected	1.0
136	172	Undirected	3.0
172	179	Undirected	1.0
64	116	Undirected	8.0
2	49	Undirected	6.0
2	113	Undirected	2.0
2	139	Undirected	7.0
2	182	Undirected	2.0
49	77	Undirected	6.0
49	139	Undirected	6.0
49	141	Undirected	2.0
49	182	Undirected	5.0
77	139	Undirected	7.0
77	182	Undirected	2.0
113	139	Undirected	2.0
113	141	Undirected	2.0
113	182	Undirected	5.0
139	141	Undirected	43.0
139	182	Undirected	37.0
141	182	Undirected	37.0
40	49	Undirected	3.0
40	136	Undirected	13.0
40	190	Undirected	1.0
40	191	Undirected	2.0
49	190	Undirected	1.0
49	191	Undirected	1.0
136	190	Undirected	2.0
136	191	Undirected	1.0
190	191	Undirected	1.0
28	88	Undirected	7.0
71	74	Undirected	4.0
74	113	Undirected	4.0
74	114	Undirected	10.0
74	117	Undirected	8.0
87	106	Undirected	1.0
7	12	Undirected	1.0
7	23	Undirected	1.0
7	66	Undirected	3.0
7	85	Undirected	1.0
7	109	Undirected	1.0
7	111	Undirected	4.0
7	156	Undirected	1.0
7	182	Undirected	18.0
7	201	Undirected	3.0
12	66	Undirected	1.0
12	96	Undirected	2.0
12	98	Undirected	2.0
12	109	Undirected	2.0
12	111	Undirected	1.0
12	130	Undirected	2.0
12	136	Undirected	1.0
12	156	Undirected	2.0
12	179	Undirected	1.0
12	182	Undirected	1.0
23	66	Undirected	1.0
23	96	Undirected	6.0
23	98	Undirected	12.0
23	109	Undirected	2.0
23	111	Undirected	3.0
23	130	Undirected	9.0
23	156	Undirected	2.0
23	179	Undirected	1.0
23	182	Undirected	2.0
66	96	Undirected	3.0
66	98	Undirected	1.0
66	109	Undirected	1.0
66	111	Undirected	3.0
66	130	Undirected	1.0
66	136	Undirected	3.0
66	156	Undirected	1.0
66	179	Undirected	3.0
66	182	Undirected	3.0
66	201	Undirected	1.0
85	96	Undirected	2.0
85	98	Undirected	3.0
85	109	Undirected	2.0
85	111	Undirected	2.0
85	130	Undirected	3.0
85	136	Undirected	2.0
85	156	Undirected	2.0
85	179	Undirected	1.0
85	182	Undirected	1.0
96	109	Undirected	3.0
96	111	Undirected	7.0
96	156	Undirected	3.0
96	182	Undirected	9.0
96	201	Undirected	5.0
98	109	Undirected	3.0
98	111	Undirected	4.0
98	156	Undirected	3.0
98	182	Undirected	17.0
98	201	Undirected	4.0
109	111	Undirected	1.0
109	130	Undirected	3.0
109	136	Undirected	1.0
109	156	Undirected	3.0
109	179	Undirected	1.0
109	182	Undirected	1.0
109	201	Undirected	2.0
111	130	Undirected	2.0
111	136	Undirected	12.0
111	156	Undirected	1.0
111	179	Undirected	4.0
111	182	Undirected	3.0
111	201	Undirected	8.0
130	156	Undirected	3.0
130	182	Undirected	8.0
130	201	Undirected	4.0
136	156	Undirected	1.0
136	182	Undirected	15.0
136	201	Undirected	9.0
156	179	Undirected	1.0
156	182	Undirected	1.0
156	201	Undirected	2.0
179	182	Undirected	6.0
179	201	Undirected	2.0
182	201	Undirected	3.0
45	96	Undirected	3.0
45	130	Undirected	3.0
45	168	Undirected	2.0
86	96	Undirected	11.0
86	130	Undirected	9.0
86	168	Undirected	2.0
96	168	Undirected	4.0
98	168	Undirected	5.0
130	168	Undirected	5.0
168	179	Undirected	1.0
75	77	Undirected	1.0
12	44	Undirected	1.0
12	97	Undirected	1.0
12	132	Undirected	1.0
23	44	Undirected	3.0
23	97	Undirected	2.0
23	132	Undirected	1.0
44	85	Undirected	1.0
44	109	Undirected	1.0
44	130	Undirected	4.0
44	156	Undirected	1.0
44	201	Undirected	2.0
85	132	Undirected	1.0
97	109	Undirected	1.0
97	130	Undirected	5.0
97	156	Undirected	1.0
97	201	Undirected	1.0
109	132	Undirected	1.0
130	132	Undirected	3.0
132	156	Undirected	1.0
132	201	Undirected	1.0
73	75	Undirected	4.0
73	202	Undirected	6.0
75	202	Undirected	4.0
14	24	Undirected	4.0
14	38	Undirected	3.0
14	72	Undirected	8.0
14	119	Undirected	1.0
14	160	Undirected	4.0
24	38	Undirected	5.0
24	66	Undirected	1.0
24	72	Undirected	7.0
24	75	Undirected	3.0
24	160	Undirected	5.0
38	66	Undirected	1.0
38	72	Undirected	13.0
38	75	Undirected	6.0
38	119	Undirected	11.0
38	160	Undirected	11.0
66	72	Undirected	1.0
66	119	Undirected	1.0
66	160	Undirected	1.0
72	75	Undirected	11.0
72	119	Undirected	12.0
72	160	Undirected	19.0
75	119	Undirected	1.0
75	160	Undirected	3.0
119	160	Undirected	11.0
181	187	Undirected	2.0
34	73	Undirected	4.0
2	82	Undirected	5.0
2	129	Undirected	3.0
3	82	Undirected	10.0
3	129	Undirected	2.0
38	82	Undirected	14.0
38	129	Undirected	3.0
82	93	Undirected	5.0
82	129	Undirected	10.0
30	184	Undirected	12.0
25	28	Undirected	9.0
25	99	Undirected	6.0
28	99	Undirected	13.0
28	116	Undirected	17.0
28	151	Undirected	10.0
88	99	Undirected	5.0
99	118	Undirected	10.0
99	151	Undirected	10.0
38	54	Undirected	1.0
38	71	Undirected	1.0
38	105	Undirected	2.0
38	113	Undirected	1.0
38	114	Undirected	4.0
38	117	Undirected	2.0
54	71	Undirected	5.0
54	72	Undirected	3.0
54	105	Undirected	2.0
54	113	Undirected	14.0
54	117	Undirected	11.0
54	119	Undirected	2.0
54	160	Undirected	2.0
71	72	Undirected	1.0
71	160	Undirected	1.0
72	105	Undirected	1.0
72	113	Undirected	2.0
72	114	Undirected	11.0
72	117	Undirected	6.0
105	113	Undirected	3.0
105	117	Undirected	5.0
105	160	Undirected	1.0
113	160	Undirected	1.0
114	160	Undirected	5.0
117	160	Undirected	2.0
116	194	Undirected	1.0
117	194	Undirected	1.0
119	194	Undirected	2.0
46	146	Undirected	9.0
110	146	Undirected	4.0
12	30	Undirected	1.0
23	30	Undirected	4.0
30	85	Undirected	4.0
30	201	Undirected	3.0
9	16	Undirected	4.0
9	29	Undirected	7.0
16	29	Undirected	6.0
54	64	Undirected	3.0
54	149	Undirected	17.0
64	149	Undirected	4.0
113	149	Undirected	6.0
40	53	Undirected	5.0
40	55	Undirected	2.0
40	75	Undirected	8.0
40	94	Undirected	3.0
40	96	Undirected	4.0
40	98	Undirected	8.0
40	100	Undirected	1.0
40	113	Undirected	6.0
40	114	Undirected	2.0
40	130	Undirected	4.0
40	187	Undirected	20.0
40	188	Undirected	6.0
40	189	Undirected	3.0
40	201	Undirected	15.0
53	55	Undirected	5.0
53	94	Undirected	6.0
53	96	Undirected	8.0
53	98	Undirected	17.0
53	100	Undirected	4.0
53	130	Undirected	12.0
53	188	Undirected	3.0
53	189	Undirected	2.0
53	201	Undirected	1.0
55	75	Undirected	6.0
55	94	Undirected	11.0
55	96	Undirected	7.0
55	98	Undirected	14.0
55	100	Undirected	1.0
55	113	Undirected	7.0
55	114	Undirected	6.0
55	130	Undirected	7.0
55	187	Undirected	2.0
55	188	Undirected	2.0
55	189	Undirected	2.0
55	201	Undirected	1.0
75	94	Undirected	5.0
75	96	Undirected	14.0
75	98	Undirected	12.0
75	100	Undirected	1.0
75	130	Undirected	10.0
75	189	Undirected	3.0
75	201	Undirected	5.0
94	96	Undirected	14.0
94	98	Undirected	18.0
94	100	Undirected	1.0
94	113	Undirected	4.0
94	114	Undirected	3.0
94	130	Undirected	7.0
94	187	Undirected	1.0
94	188	Undirected	1.0
94	189	Undirected	1.0
94	201	Undirected	1.0
96	100	Undirected	1.0
96	113	Undirected	5.0
96	187	Undirected	3.0
96	188	Undirected	1.0
96	189	Undirected	1.0
98	100	Undirected	7.0
98	113	Undirected	16.0
98	187	Undirected	4.0
98	188	Undirected	3.0
98	189	Undirected	2.0
100	113	Undirected	8.0
100	114	Undirected	5.0
100	130	Undirected	1.0
100	187	Undirected	1.0
100	188	Undirected	1.0
100	189	Undirected	1.0
100	201	Undirected	1.0
113	130	Undirected	3.0
113	188	Undirected	3.0
113	189	Undirected	3.0
113	201	Undirected	2.0
114	130	Undirected	2.0
114	188	Undirected	3.0
114	189	Undirected	4.0
114	201	Undirected	1.0
130	187	Undirected	5.0
130	188	Undirected	3.0
130	189	Undirected	2.0
187	188	Undirected	17.0
187	189	Undirected	2.0
187	201	Undirected	15.0
188	189	Undirected	4.0
75	196	Undirected	15.0
188	196	Undirected	7.0
114	181	Undirected	9.0
17	20	Undirected	1.0
17	39	Undirected	7.0
20	39	Undirected	1.0
20	116	Undirected	1.0
20	118	Undirected	1.0
20	151	Undirected	1.0
20	185	Undirected	1.0
39	118	Undirected	14.0
39	151	Undirected	2.0
39	185	Undirected	3.0
75	92	Undirected	12.0
76	92	Undirected	5.0
92	187	Undirected	5.0
110	144	Undirected	4.0
52	74	Undirected	3.0
52	96	Undirected	4.0
52	112	Undirected	1.0
52	132	Undirected	2.0
74	96	Undirected	2.0
74	112	Undirected	1.0
74	132	Undirected	1.0
96	112	Undirected	3.0
112	114	Undirected	5.0
112	132	Undirected	2.0
114	132	Undirected	1.0
122	182	Undirected	11.0
182	194	Undirected	7.0
94	111	Undirected	2.0
94	115	Undirected	1.0
94	164	Undirected	1.0
96	115	Undirected	2.0
96	164	Undirected	2.0
98	115	Undirected	2.0
98	164	Undirected	9.0
111	115	Undirected	2.0
111	164	Undirected	2.0
115	164	Undirected	2.0
39	133	Undirected	8.0
39	149	Undirected	5.0
133	149	Undirected	4.0
45	62	Undirected	1.0
34	201	Undirected	6.0
28	54	Undirected	2.0
28	114	Undirected	3.0
28	149	Undirected	3.0
54	99	Undirected	2.0
99	149	Undirected	1.0
114	149	Undirected	10.0
114	151	Undirected	1.0
116	149	Undirected	8.0
118	149	Undirected	3.0
149	151	Undirected	1.0
98	126	Undirected	5.0
98	170	Undirected	9.0
126	170	Undirected	6.0
28	29	Undirected	15.0
28	166	Undirected	7.0
29	32	Undirected	12.0
32	166	Undirected	2.0
5	30	Undirected	2.0
5	53	Undirected	1.0
5	64	Undirected	3.0
5	74	Undirected	2.0
5	84	Undirected	2.0
17	30	Undirected	3.0
17	53	Undirected	1.0
17	74	Undirected	1.0
17	84	Undirected	2.0
24	30	Undirected	4.0
24	53	Undirected	2.0
24	64	Undirected	1.0
24	74	Undirected	1.0
24	84	Undirected	2.0
25	53	Undirected	3.0
25	64	Undirected	2.0
25	77	Undirected	3.0
25	84	Undirected	2.0
25	97	Undirected	2.0
25	113	Undirected	12.0
25	119	Undirected	4.0
25	124	Undirected	3.0
25	142	Undirected	2.0
25	193	Undirected	2.0
30	53	Undirected	1.0
30	64	Undirected	2.0
30	74	Undirected	1.0
30	76	Undirected	3.0
30	77	Undirected	3.0
30	84	Undirected	2.0
30	97	Undirected	3.0
30	99	Undirected	2.0
30	113	Undirected	2.0
30	119	Undirected	6.0
30	124	Undirected	2.0
30	142	Undirected	2.0
30	151	Undirected	2.0
30	193	Undirected	2.0
53	64	Undirected	1.0
53	74	Undirected	1.0
53	77	Undirected	2.0
53	84	Undirected	1.0
53	88	Undirected	1.0
53	97	Undirected	2.0
53	99	Undirected	2.0
53	119	Undirected	1.0
53	124	Undirected	1.0
53	142	Undirected	1.0
53	151	Undirected	1.0
53	193	Undirected	1.0
64	74	Undirected	1.0
64	76	Undirected	1.0
64	77	Undirected	1.0
64	84	Undirected	1.0
64	85	Undirected	1.0
64	88	Undirected	2.0
64	97	Undirected	2.0
64	119	Undirected	1.0
64	142	Undirected	1.0
64	151	Undirected	1.0
74	76	Undirected	2.0
74	77	Undirected	2.0
74	84	Undirected	1.0
74	85	Undirected	1.0
74	88	Undirected	2.0
74	97	Undirected	2.0
74	99	Undirected	2.0
74	119	Undirected	8.0
74	124	Undirected	2.0
74	142	Undirected	1.0
74	151	Undirected	1.0
74	193	Undirected	1.0
76	84	Undirected	2.0
76	88	Undirected	4.0
76	151	Undirected	2.0
77	84	Undirected	2.0
77	88	Undirected	2.0
77	118	Undirected	3.0
77	151	Undirected	2.0
84	85	Undirected	2.0
84	88	Undirected	2.0
84	97	Undirected	2.0
84	99	Undirected	2.0
84	113	Undirected	1.0
84	116	Undirected	2.0
84	118	Undirected	1.0
84	119	Undirected	2.0
84	124	Undirected	2.0
84	142	Undirected	2.0
84	151	Undirected	2.0
84	193	Undirected	2.0
88	97	Undirected	2.0
88	113	Undirected	6.0
88	119	Undirected	2.0
88	124	Undirected	2.0
88	142	Undirected	2.0
88	193	Undirected	3.0
97	118	Undirected	1.0
97	151	Undirected	2.0
113	151	Undirected	1.0
118	119	Undirected	7.0
118	124	Undirected	8.0
118	142	Undirected	2.0
118	193	Undirected	9.0
119	151	Undirected	2.0
124	151	Undirected	2.0
142	151	Undirected	2.0
151	193	Undirected	2.0
5	28	Undirected	16.0
5	32	Undirected	6.0
5	69	Undirected	7.0
28	69	Undirected	6.0
28	77	Undirected	1.0
29	69	Undirected	12.0
29	77	Undirected	1.0
32	69	Undirected	6.0
32	77	Undirected	1.0
32	116	Undirected	8.0
32	118	Undirected	10.0
69	77	Undirected	1.0
116	166	Undirected	9.0
166	168	Undirected	2.0
17	146	Undirected	4.0
187	202	Undirected	6.0
46	144	Undirected	4.0
144	165	Undirected	2.0
146	165	Undirected	2.0
165	181	Undirected	1.0
16	21	Undirected	6.0
16	28	Undirected	1.0
16	39	Undirected	6.0
16	49	Undirected	1.0
16	54	Undirected	1.0
16	64	Undirected	5.0
16	98	Undirected	2.0
16	100	Undirected	1.0
16	112	Undirected	1.0
16	113	Undirected	1.0
16	114	Undirected	3.0
16	146	Undirected	4.0
16	149	Undirected	1.0
16	167	Undirected	1.0
16	185	Undirected	1.0
21	28	Undirected	1.0
21	49	Undirected	1.0
21	54	Undirected	1.0
21	64	Undirected	5.0
21	98	Undirected	2.0
21	100	Undirected	1.0
21	112	Undirected	1.0
21	113	Undirected	1.0
21	114	Undirected	4.0
21	146	Undirected	4.0
21	149	Undirected	2.0
21	167	Undirected	2.0
21	185	Undirected	2.0
28	39	Undirected	2.0
28	49	Undirected	2.0
28	98	Undirected	1.0
28	100	Undirected	1.0
28	112	Undirected	1.0
28	113	Undirected	3.0
28	146	Undirected	11.0
28	167	Undirected	1.0
39	49	Undirected	1.0
39	54	Undirected	3.0
39	64	Undirected	6.0
39	98	Undirected	5.0
39	100	Undirected	1.0
39	112	Undirected	1.0
39	113	Undirected	6.0
39	114	Undirected	13.0
39	146	Undirected	7.0
39	167	Undirected	4.0
49	54	Undirected	3.0
49	64	Undirected	1.0
49	98	Undirected	12.0
49	100	Undirected	8.0
49	112	Undirected	3.0
49	146	Undirected	2.0
49	149	Undirected	3.0
49	167	Undirected	1.0
49	185	Undirected	1.0
54	98	Undirected	5.0
54	100	Undirected	3.0
54	112	Undirected	2.0
54	146	Undirected	9.0
64	98	Undirected	1.0
64	100	Undirected	1.0
64	112	Undirected	1.0
64	146	Undirected	4.0
64	167	Undirected	2.0
64	185	Undirected	3.0
98	112	Undirected	5.0
98	146	Undirected	2.0
98	149	Undirected	4.0
98	167	Undirected	3.0
98	185	Undirected	1.0
100	112	Undirected	1.0
100	146	Undirected	1.0
100	149	Undirected	3.0
100	167	Undirected	1.0
100	185	Undirected	1.0
112	113	Undirected	6.0
112	146	Undirected	1.0
112	149	Undirected	2.0
112	167	Undirected	1.0
112	185	Undirected	1.0
113	146	Undirected	9.0
113	167	Undirected	4.0
113	185	Undirected	2.0
114	185	Undirected	7.0
146	149	Undirected	1.0
146	167	Undirected	1.0
146	185	Undirected	5.0
149	167	Undirected	6.0
149	185	Undirected	2.0
73	77	Undirected	1.0
73	127	Undirected	1.0
77	127	Undirected	3.0
2	53	Undirected	2.0
49	53	Undirected	11.0
53	139	Undirected	2.0
53	141	Undirected	2.0
15	89	Undirected	7.0
89	193	Undirected	4.0
24	187	Undirected	4.0
9	151	Undirected	1.0
70	71	Undirected	1.0
70	139	Undirected	1.0
71	139	Undirected	1.0
25	91	Undirected	1.0
74	91	Undirected	3.0
74	167	Undirected	1.0
91	124	Undirected	1.0
91	167	Undirected	1.0
124	167	Undirected	3.0
40	48	Undirected	3.0
40	124	Undirected	6.0
40	126	Undirected	1.0
40	127	Undirected	7.0
40	139	Undirected	12.0
40	141	Undirected	9.0
48	124	Undirected	3.0
48	126	Undirected	1.0
48	127	Undirected	2.0
48	139	Undirected	35.0
48	141	Undirected	28.0
124	139	Undirected	6.0
124	141	Undirected	7.0
126	127	Undirected	3.0
126	139	Undirected	4.0
126	141	Undirected	4.0
127	139	Undirected	6.0
127	141	Undirected	4.0
46	105	Undirected	4.0
46	145	Undirected	4.0
46	154	Undirected	1.0
105	154	Undirected	8.0
145	154	Undirected	1.0
82	133	Undirected	9.0
82	179	Undirected	4.0
133	179	Undirected	1.0
5	62	Undirected	10.0
5	134	Undirected	1.0
5	144	Undirected	16.0
5	146	Undirected	11.0
28	62	Undirected	4.0
28	97	Undirected	1.0
28	117	Undirected	5.0
28	134	Undirected	1.0
28	144	Undirected	6.0
62	117	Undirected	2.0
62	144	Undirected	19.0
62	146	Undirected	13.0
97	144	Undirected	5.0
97	146	Undirected	2.0
117	134	Undirected	1.0
134	144	Undirected	1.0
134	146	Undirected	1.0
23	40	Undirected	5.0
23	47	Undirected	10.0
23	91	Undirected	9.0
23	150	Undirected	3.0
23	180	Undirected	1.0
23	184	Undirected	11.0
23	187	Undirected	7.0
23	194	Undirected	14.0
23	199	Undirected	4.0
40	47	Undirected	3.0
40	91	Undirected	3.0
40	150	Undirected	1.0
40	180	Undirected	1.0
40	184	Undirected	2.0
40	194	Undirected	19.0
40	196	Undirected	19.0
40	199	Undirected	2.0
47	75	Undirected	7.0
47	91	Undirected	7.0
47	150	Undirected	3.0
47	180	Undirected	1.0
47	184	Undirected	16.0
47	187	Undirected	4.0
47	188	Undirected	1.0
47	194	Undirected	5.0
47	196	Undirected	10.0
47	199	Undirected	3.0
47	201	Undirected	4.0
75	91	Undirected	7.0
75	150	Undirected	2.0
75	180	Undirected	1.0
75	184	Undirected	8.0
75	194	Undirected	13.0
75	199	Undirected	2.0
91	150	Undirected	1.0
91	180	Undirected	3.0
91	184	Undirected	11.0
91	187	Undirected	4.0
91	188	Undirected	1.0
91	194	Undirected	6.0
91	196	Undirected	11.0
91	199	Undirected	1.0
91	201	Undirected	3.0
150	180	Undirected	1.0
150	184	Undirected	3.0
150	187	Undirected	1.0
150	188	Undirected	2.0
150	194	Undirected	4.0
150	196	Undirected	2.0
150	199	Undirected	3.0
150	201	Undirected	3.0
180	184	Undirected	1.0
180	187	Undirected	1.0
180	188	Undirected	1.0
180	194	Undirected	1.0
180	196	Undirected	1.0
180	199	Undirected	1.0
180	201	Undirected	1.0
184	187	Undirected	3.0
184	188	Undirected	1.0
184	194	Undirected	5.0
184	196	Undirected	11.0
184	199	Undirected	3.0
184	201	Undirected	4.0
187	194	Undirected	18.0
187	196	Undirected	19.0
187	199	Undirected	3.0
188	194	Undirected	7.0
188	199	Undirected	2.0
194	196	Undirected	19.0
194	199	Undirected	5.0
194	201	Undirected	12.0
196	199	Undirected	2.0
196	201	Undirected	12.0
199	201	Undirected	4.0
7	75	Undirected	3.0
7	99	Undirected	4.0
44	75	Undirected	1.0
44	99	Undirected	4.0
44	136	Undirected	7.0
44	182	Undirected	4.0
75	97	Undirected	2.0
75	99	Undirected	6.0
75	136	Undirected	10.0
75	182	Undirected	5.0
96	99	Undirected	6.0
97	136	Undirected	15.0
97	182	Undirected	3.0
98	99	Undirected	3.0
99	130	Undirected	2.0
99	136	Undirected	5.0
99	182	Undirected	3.0
39	69	Undirected	3.0
39	75	Undirected	1.0
39	76	Undirected	4.0
39	85	Undirected	2.0
39	187	Undirected	1.0
14	22	Undirected	3.0
14	23	Undirected	1.0
14	25	Undirected	4.0
14	27	Undirected	1.0
14	53	Undirected	1.0
14	54	Undirected	6.0
14	55	Undirected	1.0
14	69	Undirected	1.0
14	92	Undirected	3.0
14	98	Undirected	1.0
14	113	Undirected	1.0
14	114	Undirected	3.0
14	118	Undirected	4.0
14	129	Undirected	2.0
14	130	Undirected	1.0
14	164	Undirected	1.0
14	167	Undirected	3.0
14	173	Undirected	4.0
14	187	Undirected	2.0
14	189	Undirected	5.0
14	194	Undirected	2.0
14	199	Undirected	2.0
22	23	Undirected	1.0
22	24	Undirected	2.0
22	27	Undirected	3.0
22	53	Undirected	1.0
22	55	Undirected	4.0
22	69	Undirected	1.0
22	72	Undirected	2.0
22	75	Undirected	1.0
22	85	Undirected	1.0
22	98	Undirected	1.0
22	113	Undirected	4.0
22	118	Undirected	3.0
22	129	Undirected	3.0
22	130	Undirected	1.0
22	164	Undirected	1.0
22	187	Undirected	2.0
22	188	Undirected	1.0
22	189	Undirected	3.0
22	194	Undirected	1.0
22	199	Undirected	2.0
23	27	Undirected	1.0
23	53	Undirected	7.0
23	55	Undirected	1.0
23	72	Undirected	3.0
23	113	Undirected	1.0
23	114	Undirected	2.0
23	164	Undirected	8.0
23	189	Undirected	1.0
24	27	Undirected	1.0
24	55	Undirected	1.0
24	98	Undirected	1.0
24	130	Undirected	1.0
24	164	Undirected	1.0
24	189	Undirected	1.0
24	194	Undirected	1.0
24	199	Undirected	2.0
25	27	Undirected	4.0
25	55	Undirected	4.0
25	72	Undirected	2.0
25	75	Undirected	3.0
25	98	Undirected	1.0
25	130	Undirected	1.0
25	164	Undirected	1.0
25	187	Undirected	1.0
25	189	Undirected	5.0
25	194	Undirected	1.0
25	199	Undirected	2.0
27	53	Undirected	1.0
27	54	Undirected	3.0
27	55	Undirected	3.0
27	69	Undirected	2.0
27	72	Undirected	1.0
27	75	Undirected	1.0
27	85	Undirected	1.0
27	92	Undirected	1.0
27	98	Undirected	4.0
27	113	Undirected	3.0
27	114	Undirected	3.0
27	118	Undirected	3.0
27	129	Undirected	1.0
27	130	Undirected	1.0
27	164	Undirected	1.0
27	167	Undirected	1.0
27	173	Undirected	1.0
27	187	Undirected	1.0
27	188	Undirected	1.0
27	189	Undirected	3.0
27	194	Undirected	1.0
27	199	Undirected	1.0
53	54	Undirected	2.0
53	72	Undirected	2.0
53	92	Undirected	1.0
53	129	Undirected	1.0
53	164	Undirected	7.0
53	167	Undirected	1.0
53	173	Undirected	1.0
53	194	Undirected	12.0
53	199	Undirected	1.0
54	55	Undirected	4.0
54	75	Undirected	7.0
54	130	Undirected	1.0
54	164	Undirected	1.0
54	187	Undirected	1.0
54	189	Undirected	6.0
54	194	Undirected	1.0
54	199	Undirected	2.0
55	69	Undirected	1.0
55	72	Undirected	1.0
55	85	Undirected	1.0
55	92	Undirected	1.0
55	118	Undirected	3.0
55	129	Undirected	1.0
55	164	Undirected	1.0
55	167	Undirected	1.0
55	173	Undirected	1.0
55	194	Undirected	4.0
55	199	Undirected	1.0
69	72	Undirected	1.0
69	98	Undirected	3.0
69	130	Undirected	1.0
69	164	Undirected	1.0
69	189	Undirected	2.0
69	194	Undirected	1.0
69	199	Undirected	3.0
72	85	Undirected	2.0
72	92	Undirected	2.0
72	98	Undirected	3.0
72	118	Undirected	2.0
72	129	Undirected	1.0
72	130	Undirected	2.0
72	164	Undirected	2.0
72	167	Undirected	1.0
72	173	Undirected	2.0
72	187	Undirected	9.0
72	188	Undirected	4.0
72	189	Undirected	1.0
72	194	Undirected	5.0
72	199	Undirected	1.0
75	129	Undirected	3.0
75	164	Undirected	4.0
75	167	Undirected	2.0
75	173	Undirected	3.0
85	164	Undirected	1.0
85	189	Undirected	6.0
85	194	Undirected	2.0
85	199	Undirected	1.0
92	98	Undirected	1.0
92	113	Undirected	4.0
92	130	Undirected	1.0
92	164	Undirected	1.0
92	189	Undirected	4.0
92	194	Undirected	1.0
92	199	Undirected	1.0
98	118	Undirected	2.0
98	129	Undirected	8.0
98	173	Undirected	2.0
98	194	Undirected	15.0
98	199	Undirected	1.0
113	129	Undirected	4.0
113	164	Undirected	1.0
113	173	Undirected	8.0
113	194	Undirected	3.0
113	199	Undirected	1.0
114	129	Undirected	9.0
114	164	Undirected	1.0
114	194	Undirected	5.0
114	199	Undirected	2.0
118	130	Undirected	1.0
118	164	Undirected	1.0
118	189	Undirected	5.0
118	194	Undirected	1.0
118	199	Undirected	2.0
129	130	Undirected	2.0
129	164	Undirected	1.0
129	187	Undirected	1.0
129	189	Undirected	5.0
129	194	Undirected	1.0
129	199	Undirected	1.0
130	164	Undirected	7.0
130	167	Undirected	1.0
130	173	Undirected	1.0
130	194	Undirected	11.0
130	199	Undirected	1.0
164	167	Undirected	1.0
164	173	Undirected	1.0
164	187	Undirected	3.0
164	188	Undirected	2.0
164	189	Undirected	1.0
164	194	Undirected	7.0
164	199	Undirected	1.0
167	187	Undirected	1.0
167	189	Undirected	2.0
167	194	Undirected	1.0
167	199	Undirected	3.0
173	187	Undirected	1.0
173	189	Undirected	3.0
173	194	Undirected	1.0
173	199	Undirected	3.0
189	194	Undirected	1.0
189	199	Undirected	1.0
25	149	Undirected	6.0
112	136	Undirected	4.0
112	170	Undirected	3.0
62	103	Undirected	1.0
62	147	Undirected	1.0
98	103	Undirected	1.0
98	143	Undirected	2.0
98	147	Undirected	2.0
103	136	Undirected	2.0
103	143	Undirected	1.0
103	147	Undirected	2.0
103	168	Undirected	1.0
136	147	Undirected	2.0
143	147	Undirected	1.0
147	168	Undirected	1.0
106	154	Undirected	5.0
23	49	Undirected	2.0
23	117	Undirected	1.0
47	49	Undirected	1.0
47	72	Undirected	1.0
47	114	Undirected	1.0
47	117	Undirected	1.0
49	72	Undirected	1.0
49	75	Undirected	3.0
49	117	Undirected	5.0
49	184	Undirected	1.0
49	187	Undirected	2.0
72	184	Undirected	1.0
114	184	Undirected	1.0
117	184	Undirected	1.0
97	143	Undirected	3.0
97	168	Undirected	10.0
136	144	Undirected	5.0
131	136	Undirected	8.0
131	179	Undirected	3.0
131	190	Undirected	1.0
179	190	Undirected	1.0
25	62	Undirected	1.0
49	82	Undirected	2.0
53	82	Undirected	2.0
82	100	Undirected	2.0
7	34	Undirected	1.0
7	53	Undirected	7.0
7	60	Undirected	2.0
7	112	Undirected	2.0
7	161	Undirected	1.0
7	196	Undirected	2.0
34	44	Undirected	2.0
34	45	Undirected	1.0
34	53	Undirected	1.0
34	60	Undirected	1.0
34	86	Undirected	1.0
34	96	Undirected	2.0
34	97	Undirected	1.0
34	98	Undirected	3.0
34	112	Undirected	2.0
34	130	Undirected	2.0
34	136	Undirected	2.0
34	161	Undirected	1.0
34	179	Undirected	4.0
34	196	Undirected	3.0
44	45	Undirected	1.0
44	53	Undirected	3.0
44	60	Undirected	4.0
44	86	Undirected	4.0
44	112	Undirected	1.0
44	161	Undirected	1.0
44	179	Undirected	4.0
44	196	Undirected	1.0
45	53	Undirected	1.0
45	60	Undirected	1.0
45	97	Undirected	2.0
45	112	Undirected	1.0
45	161	Undirected	1.0
45	196	Undirected	1.0
53	60	Undirected	2.0
53	86	Undirected	2.0
53	112	Undirected	5.0
53	136	Undirected	9.0
53	161	Undirected	1.0
53	179	Undirected	1.0
53	196	Undirected	4.0
60	86	Undirected	1.0
60	96	Undirected	4.0
60	97	Undirected	3.0
60	98	Undirected	2.0
60	112	Undirected	1.0
60	130	Undirected	2.0
60	136	Undirected	2.0
60	161	Undirected	1.0
60	179	Undirected	1.0
60	196	Undirected	1.0
86	97	Undirected	3.0
86	112	Undirected	1.0
86	161	Undirected	1.0
86	196	Undirected	1.0
96	161	Undirected	1.0
96	196	Undirected	4.0
97	112	Undirected	1.0
97	161	Undirected	1.0
97	179	Undirected	4.0
97	196	Undirected	1.0
98	161	Undirected	1.0
98	196	Undirected	7.0
112	130	Undirected	1.0
112	161	Undirected	1.0
112	179	Undirected	1.0
112	196	Undirected	2.0
130	161	Undirected	1.0
130	196	Undirected	7.0
136	161	Undirected	1.0
161	179	Undirected	1.0
161	196	Undirected	1.0
179	196	Undirected	1.0
62	197	Undirected	10.0
97	197	Undirected	9.0
117	181	Undirected	9.0
119	144	Undirected	6.0
119	168	Undirected	1.0
21	25	Undirected	3.0
25	39	Undirected	4.0
25	46	Undirected	4.0
25	110	Undirected	2.0
39	93	Undirected	2.0
39	110	Undirected	3.0
39	181	Undirected	5.0
46	167	Undirected	1.0
110	167	Undirected	1.0
77	169	Undirected	1.0
48	82	Undirected	16.0
87	114	Undirected	1.0
87	116	Undirected	3.0
87	117	Undirected	1.0
87	154	Undirected	7.0
87	155	Undirected	5.0
114	154	Undirected	3.0
114	155	Undirected	1.0
116	154	Undirected	3.0
116	155	Undirected	3.0
117	154	Undirected	2.0
117	155	Undirected	2.0
154	155	Undirected	9.0
72	116	Undirected	1.0
40	118	Undirected	1.0
118	127	Undirected	1.0
118	139	Undirected	3.0
118	141	Undirected	2.0
97	126	Undirected	5.0
126	193	Undirected	8.0
17	96	Undirected	4.0
17	98	Undirected	3.0
96	129	Undirected	4.0
124	129	Undirected	15.0
5	136	Undirected	4.0
5	143	Undirected	2.0
5	168	Undirected	1.0
62	71	Undirected	6.0
62	124	Undirected	11.0
124	136	Undirected	4.0
124	143	Undirected	1.0
124	144	Undirected	8.0
124	168	Undirected	2.0
62	159	Undirected	1.0
62	187	Undirected	1.0
159	187	Undirected	4.0
99	179	Undirected	3.0
82	139	Undirected	4.0
78	201	Undirected	1.0
7	43	Undirected	2.0
43	98	Undirected	2.0
46	88	Undirected	3.0
88	110	Undirected	2.0
4	123	Undirected	36.0
21	44	Undirected	1.0
21	55	Undirected	1.0
21	118	Undirected	3.0
21	141	Undirected	1.0
39	44	Undirected	1.0
39	55	Undirected	1.0
39	141	Undirected	1.0
44	46	Undirected	1.0
44	55	Undirected	2.0
44	93	Undirected	2.0
44	110	Undirected	1.0
44	116	Undirected	1.0
44	118	Undirected	1.0
44	141	Undirected	2.0
44	181	Undirected	1.0
46	55	Undirected	1.0
46	98	Undirected	1.0
46	141	Undirected	1.0
55	93	Undirected	2.0
55	110	Undirected	1.0
55	116	Undirected	1.0
55	141	Undirected	2.0
55	181	Undirected	1.0
93	98	Undirected	2.0
98	110	Undirected	1.0
98	116	Undirected	1.0
98	141	Undirected	4.0
98	181	Undirected	1.0
110	141	Undirected	1.0
116	141	Undirected	1.0
141	181	Undirected	1.0
23	86	Undirected	2.0
40	86	Undirected	1.0
40	164	Undirected	2.0
49	86	Undirected	6.0
49	130	Undirected	5.0
49	164	Undirected	1.0
49	194	Undirected	3.0
86	164	Undirected	2.0
136	164	Undirected	2.0
136	194	Undirected	16.0
40	67	Undirected	7.0
40	85	Undirected	2.0
40	111	Undirected	13.0
40	177	Undirected	7.0
67	75	Undirected	2.0
67	85	Undirected	1.0
67	111	Undirected	7.0
67	136	Undirected	7.0
67	177	Undirected	7.0
67	187	Undirected	7.0
67	188	Undirected	2.0
67	194	Undirected	7.0
67	196	Undirected	7.0
67	201	Undirected	7.0
75	111	Undirected	6.0
75	177	Undirected	2.0
85	177	Undirected	1.0
85	196	Undirected	1.0
111	177	Undirected	7.0
111	187	Undirected	13.0
111	188	Undirected	3.0
111	194	Undirected	14.0
111	196	Undirected	13.0
136	177	Undirected	7.0
136	187	Undirected	7.0
136	188	Undirected	2.0
177	187	Undirected	7.0
177	188	Undirected	2.0
177	194	Undirected	7.0
177	196	Undirected	7.0
177	201	Undirected	7.0
28	72	Undirected	1.0
72	151	Undirected	1.0
5	13	Undirected	8.0
5	92	Undirected	1.0
5	129	Undirected	4.0
5	133	Undirected	1.0
13	28	Undirected	7.0
13	92	Undirected	1.0
13	124	Undirected	6.0
13	129	Undirected	3.0
13	133	Undirected	1.0
28	71	Undirected	8.0
28	92	Undirected	1.0
28	124	Undirected	3.0
28	129	Undirected	3.0
28	133	Undirected	1.0
71	92	Undirected	2.0
71	129	Undirected	7.0
71	133	Undirected	3.0
92	124	Undirected	1.0
92	146	Undirected	2.0
124	133	Undirected	1.0
124	146	Undirected	9.0
129	146	Undirected	13.0
133	146	Undirected	1.0
77	201	Undirected	1.0
30	38	Undirected	2.0
30	52	Undirected	3.0
30	72	Undirected	2.0
30	98	Undirected	1.0
30	114	Undirected	3.0
30	160	Undirected	2.0
38	52	Undirected	2.0
38	97	Undirected	1.0
38	98	Undirected	1.0
52	72	Undirected	2.0
52	77	Undirected	5.0
52	98	Undirected	8.0
52	160	Undirected	2.0
72	77	Undirected	1.0
72	97	Undirected	1.0
77	98	Undirected	1.0
77	160	Undirected	1.0
97	160	Undirected	1.0
98	160	Undirected	1.0
54	127	Undirected	2.0
54	145	Undirected	2.0
114	127	Undirected	3.0
114	145	Undirected	5.0
127	145	Undirected	1.0
127	146	Undirected	2.0
77	170	Undirected	2.0
13	54	Undirected	2.0
13	114	Undirected	2.0
54	143	Undirected	2.0
54	144	Undirected	3.0
114	143	Undirected	7.0
52	54	Undirected	4.0
54	63	Undirected	1.0
63	114	Undirected	2.0
54	124	Undirected	4.0
113	136	Undirected	9.0
114	136	Undirected	5.0
136	146	Undirected	2.0
23	112	Undirected	1.0
30	47	Undirected	4.0
30	112	Undirected	1.0
30	150	Undirected	2.0
30	194	Undirected	2.0
30	199	Undirected	2.0
47	112	Undirected	1.0
112	150	Undirected	1.0
112	184	Undirected	1.0
112	194	Undirected	1.0
112	199	Undirected	1.0
112	201	Undirected	1.0
2	99	Undirected	5.0
99	129	Undirected	4.0
31	34	Undirected	4.0
31	74	Undirected	4.0
31	104	Undirected	4.0
34	74	Undirected	4.0
34	104	Undirected	4.0
74	104	Undirected	4.0
48	121	Undirected	27.0
5	15	Undirected	3.0
5	27	Undirected	8.0
5	89	Undirected	2.0
5	189	Undirected	1.0
5	201	Undirected	1.0
15	27	Undirected	5.0
15	189	Undirected	1.0
15	201	Undirected	1.0
27	89	Undirected	4.0
27	124	Undirected	4.0
27	201	Undirected	1.0
89	124	Undirected	4.0
89	189	Undirected	1.0
89	201	Undirected	1.0
124	189	Undirected	3.0
124	201	Undirected	1.0
77	185	Undirected	1.0
99	185	Undirected	2.0
117	185	Undirected	6.0
119	185	Undirected	2.0
142	185	Undirected	1.0
185	193	Undirected	1.0
93	148	Undirected	3.0
14	33	Undirected	1.0
33	38	Undirected	1.0
33	72	Undirected	1.0
33	194	Undirected	1.0
38	194	Undirected	1.0
13	15	Undirected	3.0
13	27	Undirected	3.0
13	39	Undirected	3.0
13	89	Undirected	3.0
13	98	Undirected	3.0
13	126	Undirected	2.0
13	127	Undirected	3.0
13	157	Undirected	3.0
13	182	Undirected	3.0
13	191	Undirected	3.0
15	39	Undirected	3.0
15	98	Undirected	4.0
15	126	Undirected	2.0
15	157	Undirected	3.0
15	182	Undirected	3.0
15	191	Undirected	3.0
27	39	Undirected	5.0
27	126	Undirected	1.0
27	127	Undirected	6.0
27	157	Undirected	3.0
27	182	Undirected	3.0
27	191	Undirected	3.0
39	89	Undirected	3.0
39	124	Undirected	6.0
39	126	Undirected	1.0
39	127	Undirected	3.0
39	157	Undirected	3.0
39	182	Undirected	3.0
39	191	Undirected	3.0
89	98	Undirected	3.0
89	126	Undirected	1.0
89	127	Undirected	3.0
89	157	Undirected	3.0
89	182	Undirected	3.0
89	191	Undirected	3.0
98	127	Undirected	4.0
98	157	Undirected	3.0
98	191	Undirected	3.0
124	157	Undirected	3.0
124	182	Undirected	7.0
124	191	Undirected	3.0
126	157	Undirected	1.0
126	182	Undirected	1.0
126	191	Undirected	1.0
127	157	Undirected	3.0
127	182	Undirected	6.0
127	191	Undirected	3.0
157	182	Undirected	3.0
157	191	Undirected	3.0
182	191	Undirected	8.0
7	129	Undirected	3.0
44	129	Undirected	1.0
97	129	Undirected	1.0
7	19	Undirected	2.0
7	126	Undirected	3.0
19	42	Undirected	1.0
19	96	Undirected	2.0
19	126	Undirected	3.0
42	126	Undirected	1.0
96	126	Undirected	2.0
7	36	Undirected	2.0
7	170	Undirected	16.0
36	97	Undirected	1.0
36	170	Undirected	2.0
126	129	Undirected	5.0
7	49	Undirected	10.0
7	195	Undirected	2.0
49	96	Undirected	7.0
49	195	Undirected	2.0
96	170	Undirected	13.0
96	195	Undirected	2.0
170	195	Undirected	2.0
7	40	Undirected	6.0
7	67	Undirected	1.0
7	177	Undirected	1.0
7	187	Undirected	3.0
40	170	Undirected	3.0
67	96	Undirected	1.0
67	170	Undirected	1.0
96	177	Undirected	1.0
96	194	Undirected	9.0
111	170	Undirected	2.0
170	177	Undirected	1.0
170	187	Undirected	2.0
170	194	Undirected	3.0
170	201	Undirected	2.0
52	55	Undirected	5.0
52	94	Undirected	6.0
52	187	Undirected	2.0
39	52	Undirected	4.0
39	71	Undirected	6.0
39	77	Undirected	6.0
39	117	Undirected	10.0
39	119	Undirected	3.0
39	200	Undirected	1.0
52	200	Undirected	2.0
71	200	Undirected	1.0
77	200	Undirected	2.0
113	200	Undirected	2.0
114	200	Undirected	4.0
116	200	Undirected	3.0
117	200	Undirected	3.0
119	200	Undirected	3.0
3	74	Undirected	3.0
48	74	Undirected	4.0
124	185	Undirected	1.0
127	185	Undirected	1.0
5	52	Undirected	2.0
52	99	Undirected	7.0
99	144	Undirected	10.0
106	166	Undirected	7.0
4	98	Undirected	4.0
4	182	Undirected	25.0
22	71	Undirected	1.0
22	116	Undirected	1.0
22	144	Undirected	1.0
22	146	Undirected	1.0
22	181	Undirected	2.0
71	181	Undirected	6.0
71	189	Undirected	2.0
116	189	Undirected	2.0
129	144	Undirected	11.0
144	189	Undirected	1.0
146	189	Undirected	2.0
181	189	Undirected	1.0
38	149	Undirected	1.0
82	149	Undirected	3.0
114	141	Undirected	5.0
114	182	Undirected	6.0
2	114	Undirected	2.0
2	119	Undirected	4.0
2	170	Undirected	1.0
49	119	Undirected	3.0
114	139	Undirected	4.0
119	139	Undirected	1.0
119	170	Undirected	1.0
139	170	Undirected	1.0
10	28	Undirected	2.0
10	37	Undirected	2.0
10	88	Undirected	2.0
10	106	Undirected	2.0
10	166	Undirected	2.0
28	37	Undirected	2.0
28	106	Undirected	2.0
37	88	Undirected	4.0
37	106	Undirected	6.0
37	166	Undirected	7.0
88	166	Undirected	3.0
16	25	Undirected	1.0
16	26	Undirected	2.0
16	27	Undirected	4.0
16	93	Undirected	1.0
16	127	Undirected	2.0
16	162	Undirected	1.0
16	183	Undirected	1.0
21	26	Undirected	1.0
21	27	Undirected	2.0
21	127	Undirected	1.0
21	162	Undirected	1.0
21	183	Undirected	1.0
25	26	Undirected	1.0
25	127	Undirected	1.0
25	162	Undirected	1.0
25	183	Undirected	1.0
26	27	Undirected	1.0
26	93	Undirected	1.0
26	127	Undirected	1.0
26	162	Undirected	1.0
26	183	Undirected	1.0
27	93	Undirected	1.0
27	162	Undirected	1.0
27	183	Undirected	1.0
93	127	Undirected	1.0
93	162	Undirected	1.0
93	183	Undirected	1.0
127	162	Undirected	1.0
127	183	Undirected	1.0
162	183	Undirected	1.0
86	128	Undirected	1.0
122	128	Undirected	1.0
21	105	Undirected	7.0
21	144	Undirected	3.0
21	154	Undirected	8.0
88	105	Undirected	3.0
88	144	Undirected	3.0
88	154	Undirected	3.0
105	106	Undirected	3.0
105	171	Undirected	3.0
106	144	Undirected	3.0
144	154	Undirected	3.0
144	171	Undirected	3.0
154	171	Undirected	3.0
21	82	Undirected	2.0
21	124	Undirected	3.0
21	126	Undirected	1.0
21	129	Undirected	1.0
21	169	Undirected	1.0
64	82	Undirected	1.0
64	129	Undirected	3.0
64	169	Undirected	1.0
82	114	Undirected	4.0
82	124	Undirected	3.0
82	126	Undirected	3.0
82	169	Undirected	3.0
114	126	Undirected	3.0
114	169	Undirected	2.0
124	169	Undirected	3.0
126	169	Undirected	3.0
129	169	Undirected	1.0
4	48	Undirected	26.0
4	107	Undirected	27.0
4	121	Undirected	28.0
4	139	Undirected	25.0
4	141	Undirected	28.0
48	107	Undirected	25.0
48	123	Undirected	25.0
107	121	Undirected	25.0
107	123	Undirected	25.0
107	139	Undirected	25.0
107	141	Undirected	25.0
121	123	Undirected	28.0
121	139	Undirected	26.0
121	141	Undirected	32.0
123	139	Undirected	25.0
123	141	Undirected	27.0
5	181	Undirected	1.0
13	117	Undirected	1.0
13	181	Undirected	1.0
28	181	Undirected	1.0
62	63	Undirected	1.0
62	105	Undirected	9.0
62	114	Undirected	3.0
62	129	Undirected	11.0
62	145	Undirected	9.0
63	129	Undirected	1.0
105	129	Undirected	9.0
129	143	Undirected	1.0
129	145	Undirected	9.0
39	193	Undirected	5.0
64	117	Undirected	5.0
39	48	Undirected	5.0
39	82	Undirected	9.0
39	129	Undirected	7.0
39	139	Undirected	2.0
48	129	Undirected	5.0
48	133	Undirected	8.0
82	118	Undirected	1.0
129	139	Undirected	1.0
133	139	Undirected	1.0
27	88	Undirected	4.0
29	53	Undirected	1.0
29	117	Undirected	3.0
29	181	Undirected	2.0
53	71	Undirected	2.0
53	181	Undirected	1.0
4	122	Undirected	9.0
4	191	Undirected	5.0
48	122	Undirected	9.0
48	182	Undirected	22.0
48	191	Undirected	5.0
107	122	Undirected	9.0
107	182	Undirected	21.0
107	191	Undirected	5.0
121	122	Undirected	9.0
121	182	Undirected	26.0
121	191	Undirected	5.0
122	123	Undirected	9.0
122	139	Undirected	9.0
122	141	Undirected	9.0
122	191	Undirected	5.0
123	182	Undirected	21.0
123	191	Undirected	5.0
139	191	Undirected	6.0
141	191	Undirected	5.0
39	92	Undirected	3.0
39	173	Undirected	2.0
48	92	Undirected	1.0
48	173	Undirected	1.0
82	92	Undirected	4.0
82	173	Undirected	2.0
4	166	Undirected	1.0
123	166	Undirected	1.0
86	107	Undirected	1.0
86	182	Undirected	4.0
13	74	Undirected	1.0
28	74	Undirected	1.0
14	116	Undirected	3.0
5	105	Undirected	4.0
5	145	Undirected	2.0
5	170	Undirected	3.0
13	29	Undirected	2.0
13	62	Undirected	3.0
13	99	Undirected	2.0
13	170	Undirected	2.0
28	105	Undirected	4.0
28	145	Undirected	4.0
28	170	Undirected	2.0
29	62	Undirected	2.0
29	99	Undirected	5.0
29	105	Undirected	1.0
29	129	Undirected	5.0
29	144	Undirected	3.0
29	145	Undirected	1.0
29	146	Undirected	4.0
29	170	Undirected	2.0
71	170	Undirected	3.0
99	105	Undirected	5.0
99	145	Undirected	2.0
105	170	Undirected	3.0
129	170	Undirected	4.0
144	170	Undirected	3.0
145	170	Undirected	2.0
146	170	Undirected	3.0
34	121	Undirected	1.0
34	141	Undirected	1.0
34	182	Undirected	2.0
18	23	Undirected	1.0
18	116	Undirected	3.0
18	118	Undirected	2.0
23	124	Undirected	1.0
3	99	Undirected	5.0
3	124	Undirected	4.0
30	91	Undirected	6.0
3	40	Undirected	2.0
3	47	Undirected	1.0
3	80	Undirected	1.0
3	95	Undirected	1.0
3	111	Undirected	1.0
3	178	Undirected	1.0
3	187	Undirected	2.0
3	194	Undirected	4.0
40	80	Undirected	6.0
40	95	Undirected	6.0
40	178	Undirected	6.0
47	80	Undirected	1.0
47	95	Undirected	1.0
47	111	Undirected	2.0
47	178	Undirected	1.0
80	95	Undirected	6.0
80	111	Undirected	6.0
80	178	Undirected	6.0
80	187	Undirected	6.0
80	194	Undirected	6.0
80	196	Undirected	6.0
95	111	Undirected	6.0
95	178	Undirected	6.0
95	187	Undirected	6.0
95	194	Undirected	6.0
95	196	Undirected	6.0
111	178	Undirected	6.0
178	187	Undirected	6.0
178	194	Undirected	6.0
178	196	Undirected	6.0
3	53	Undirected	4.0
105	166	Undirected	5.0
143	166	Undirected	8.0
144	166	Undirected	7.0
145	166	Undirected	5.0
31	76	Undirected	1.0
31	187	Undirected	1.0
34	76	Undirected	1.0
34	187	Undirected	1.0
74	187	Undirected	1.0
76	104	Undirected	1.0
104	187	Undirected	1.0
124	197	Undirected	4.0
77	202	Undirected	1.0
14	76	Undirected	4.0
14	159	Undirected	4.0
14	181	Undirected	5.0
22	76	Undirected	1.0
22	159	Undirected	1.0
22	160	Undirected	1.0
24	159	Undirected	2.0
54	76	Undirected	4.0
54	159	Undirected	1.0
72	76	Undirected	6.0
72	159	Undirected	3.0
72	181	Undirected	3.0
76	159	Undirected	5.0
76	160	Undirected	4.0
114	159	Undirected	1.0
159	160	Undirected	2.0
159	181	Undirected	4.0
160	181	Undirected	2.0
45	182	Undirected	2.0
3	75	Undirected	5.0
71	82	Undirected	1.0
71	126	Undirected	3.0
71	169	Undirected	1.0
82	146	Undirected	1.0
126	146	Undirected	3.0
146	169	Undirected	1.0
5	126	Undirected	3.0
29	68	Undirected	1.0
29	76	Undirected	3.0
29	168	Undirected	1.0
29	187	Undirected	1.0
68	116	Undirected	2.0
68	118	Undirected	2.0
68	168	Undirected	1.0
44	66	Undirected	1.0
44	111	Undirected	1.0
66	97	Undirected	1.0
66	99	Undirected	1.0
97	111	Undirected	1.0
99	111	Undirected	2.0
5	188	Undirected	1.0
69	99	Undirected	3.0
76	188	Undirected	11.0
99	188	Undirected	2.0
17	68	Undirected	1.0
17	187	Undirected	2.0
24	68	Undirected	2.0
68	77	Undirected	1.0
68	85	Undirected	1.0
68	99	Undirected	1.0
68	119	Undirected	1.0
68	142	Undirected	1.0
68	188	Undirected	2.0
68	193	Undirected	1.0
77	187	Undirected	1.0
77	188	Undirected	2.0
99	187	Undirected	3.0
119	187	Undirected	1.0
119	188	Undirected	1.0
142	187	Undirected	1.0
142	188	Undirected	1.0
187	193	Undirected	1.0
188	193	Undirected	1.0
2	48	Undirected	5.0
2	148	Undirected	1.0
3	148	Undirected	1.0
38	48	Undirected	8.0
38	148	Undirected	1.0
48	93	Undirected	7.0
48	148	Undirected	2.0
7	168	Undirected	8.0
4	114	Undirected	2.0
49	121	Undirected	1.0
14	29	Undirected	1.0
14	88	Undirected	2.0
14	133	Undirected	1.0
29	85	Undirected	2.0
29	88	Undirected	2.0
29	92	Undirected	2.0
29	133	Undirected	1.0
29	167	Undirected	2.0
29	189	Undirected	3.0
88	189	Undirected	3.0
133	189	Undirected	1.0
144	185	Undirected	2.0
29	75	Undirected	2.0
29	185	Undirected	8.0
46	69	Undirected	2.0
46	75	Undirected	1.0
46	99	Undirected	1.0
69	71	Undirected	2.0
69	110	Undirected	5.0
69	166	Undirected	2.0
71	75	Undirected	2.0
71	185	Undirected	5.0
75	110	Undirected	1.0
75	166	Undirected	1.0
75	185	Undirected	1.0
99	110	Undirected	1.0
166	185	Undirected	3.0
82	113	Undirected	1.0
82	117	Undirected	1.0
113	133	Undirected	3.0
117	133	Undirected	3.0
25	117	Undirected	7.0
88	117	Undirected	6.0
92	117	Undirected	3.0
117	129	Undirected	4.0
117	173	Undirected	6.0
117	188	Undirected	3.0
7	15	Undirected	2.0
15	86	Undirected	1.0
117	149	Undirected	6.0
117	139	Undirected	3.0
117	141	Undirected	3.0
117	182	Undirected	3.0
136	197	Undirected	3.0
143	197	Undirected	1.0
144	197	Undirected	2.0
168	197	Undirected	2.0
91	139	Undirected	2.0
91	141	Undirected	2.0
91	182	Undirected	2.0
49	52	Undirected	3.0
49	97	Undirected	2.0
49	99	Undirected	2.0
24	39	Undirected	3.0
39	88	Undirected	4.0
49	71	Undirected	2.0
71	130	Undirected	1.0
25	112	Undirected	1.0
53	149	Undirected	1.0
53	170	Undirected	7.0
23	115	Undirected	1.0
47	86	Undirected	1.0
47	96	Undirected	1.0
47	98	Undirected	1.0
47	115	Undirected	1.0
47	136	Undirected	1.0
47	164	Undirected	1.0
75	86	Undirected	1.0
75	115	Undirected	1.0
86	111	Undirected	2.0
86	115	Undirected	1.0
86	184	Undirected	1.0
96	184	Undirected	1.0
98	184	Undirected	1.0
111	184	Undirected	1.0
115	136	Undirected	1.0
115	184	Undirected	1.0
136	184	Undirected	1.0
164	184	Undirected	1.0
7	55	Undirected	2.0
7	94	Undirected	9.0
7	113	Undirected	4.0
7	131	Undirected	3.0
40	131	Undirected	4.0
40	182	Undirected	13.0
53	131	Undirected	2.0
53	182	Undirected	6.0
55	131	Undirected	1.0
55	136	Undirected	3.0
55	182	Undirected	2.0
75	131	Undirected	2.0
94	131	Undirected	2.0
94	136	Undirected	6.0
94	182	Undirected	5.0
94	194	Undirected	6.0
96	131	Undirected	4.0
98	131	Undirected	5.0
113	131	Undirected	4.0
130	131	Undirected	2.0
131	182	Undirected	4.0
131	194	Undirected	2.0
5	110	Undirected	3.0
5	185	Undirected	2.0
32	110	Undirected	3.0
25	71	Undirected	3.0
71	93	Undirected	1.0
46	54	Undirected	1.0
46	85	Undirected	1.0
46	92	Undirected	1.0
46	129	Undirected	1.0
46	188	Undirected	1.0
21	52	Undirected	3.0
21	74	Undirected	2.0
21	117	Undirected	3.0
21	119	Undirected	1.0
46	52	Undirected	1.0
46	117	Undirected	2.0
46	119	Undirected	1.0
52	93	Undirected	1.0
52	110	Undirected	1.0
52	181	Undirected	2.0
74	93	Undirected	2.0
74	110	Undirected	2.0
93	117	Undirected	1.0
93	119	Undirected	1.0
110	117	Undirected	1.0
110	119	Undirected	1.0
119	181	Undirected	1.0
49	131	Undirected	3.0
49	159	Undirected	1.0
86	131	Undirected	3.0
86	159	Undirected	1.0
131	159	Undirected	1.0
136	159	Undirected	1.0
23	38	Undirected	1.0
23	73	Undirected	1.0
38	73	Undirected	1.0
38	118	Undirected	1.0
38	188	Undirected	3.0
73	118	Undirected	1.0
73	188	Undirected	2.0
39	74	Undirected	1.0
74	82	Undirected	1.0
74	129	Undirected	1.0
74	133	Undirected	3.0
76	202	Undirected	3.0
188	202	Undirected	3.0
40	76	Undirected	2.0
76	196	Undirected	1.0
76	201	Undirected	2.0
23	76	Undirected	1.0
23	202	Undirected	1.0
53	202	Undirected	2.0
72	202	Undirected	2.0
76	98	Undirected	1.0
76	130	Undirected	1.0
76	164	Undirected	1.0
76	194	Undirected	1.0
98	202	Undirected	1.0
130	202	Undirected	1.0
164	202	Undirected	1.0
194	202	Undirected	2.0
62	182	Undirected	2.0
6	18	Undirected	2.0
6	44	Undirected	2.0
6	60	Undirected	2.0
6	61	Undirected	2.0
6	96	Undirected	2.0
6	97	Undirected	2.0
6	132	Undirected	2.0
6	138	Undirected	2.0
6	192	Undirected	2.0
18	44	Undirected	3.0
18	60	Undirected	2.0
18	61	Undirected	2.0
18	96	Undirected	6.0
18	97	Undirected	5.0
18	132	Undirected	2.0
18	138	Undirected	2.0
18	192	Undirected	2.0
44	61	Undirected	3.0
44	138	Undirected	3.0
44	192	Undirected	2.0
60	61	Undirected	3.0
60	132	Undirected	3.0
60	138	Undirected	3.0
60	192	Undirected	2.0
61	96	Undirected	3.0
61	97	Undirected	2.0
61	132	Undirected	3.0
61	138	Undirected	3.0
61	192	Undirected	2.0
96	138	Undirected	6.0
96	192	Undirected	2.0
97	138	Undirected	4.0
97	192	Undirected	2.0
132	138	Undirected	6.0
132	192	Undirected	2.0
138	192	Undirected	2.0
7	76	Undirected	1.0
7	137	Undirected	4.0
7	139	Undirected	2.0
7	141	Undirected	2.0
40	137	Undirected	2.0
76	137	Undirected	1.0
76	139	Undirected	1.0
76	141	Undirected	1.0
76	182	Undirected	2.0
137	139	Undirected	2.0
137	141	Undirected	2.0
137	182	Undirected	2.0
137	187	Undirected	1.0
139	187	Undirected	1.0
141	187	Undirected	1.0
182	187	Undirected	3.0
4	75	Undirected	1.0
48	75	Undirected	2.0
75	107	Undirected	1.0
75	121	Undirected	1.0
75	123	Undirected	1.0
75	139	Undirected	1.0
75	141	Undirected	1.0
90	91	Undirected	1.0
90	184	Undirected	1.0
90	186	Undirected	1.0
90	194	Undirected	1.0
91	186	Undirected	1.0
184	186	Undirected	1.0
186	194	Undirected	1.0
48	77	Undirected	1.0
77	82	Undirected	1.0
106	110	Undirected	3.0
106	185	Undirected	3.0
27	32	Undirected	3.0
27	146	Undirected	1.0
27	181	Undirected	1.0
32	88	Undirected	2.0
32	146	Undirected	1.0
32	181	Undirected	1.0
88	146	Undirected	2.0
3	202	Undirected	1.0
196	202	Undirected	2.0
19	45	Undirected	1.0
19	71	Undirected	1.0
19	124	Undirected	3.0
19	127	Undirected	3.0
19	136	Undirected	1.0
19	148	Undirected	1.0
19	179	Undirected	1.0
45	124	Undirected	1.0
45	127	Undirected	1.0
71	127	Undirected	1.0
124	148	Undirected	1.0
124	179	Undirected	1.0
127	136	Undirected	1.0
127	148	Undirected	1.0
127	179	Undirected	1.0
44	170	Undirected	1.0
53	93	Undirected	1.0
55	99	Undirected	1.0
55	170	Undirected	1.0
93	96	Undirected	1.0
93	99	Undirected	1.0
93	170	Undirected	1.0
96	141	Undirected	1.0
99	141	Undirected	2.0
141	170	Undirected	1.0
34	40	Undirected	1.0
40	112	Undirected	1.0
74	87	Undirected	1.0
74	154	Undirected	1.0
74	155	Undirected	1.0
77	144	Undirected	1.0
12	22	Undirected	3.0
12	27	Undirected	2.0
12	55	Undirected	3.0
12	113	Undirected	3.0
12	114	Undirected	3.0
17	22	Undirected	3.0
17	27	Undirected	1.0
17	55	Undirected	1.0
12	52	Undirected	1.0
12	82	Undirected	1.0
12	149	Undirected	1.0
23	82	Undirected	1.0
23	149	Undirected	1.0
25	52	Undirected	2.0
25	82	Undirected	1.0
52	82	Undirected	1.0
52	85	Undirected	2.0
52	88	Undirected	2.0
52	92	Undirected	1.0
52	129	Undirected	2.0
52	133	Undirected	1.0
52	149	Undirected	4.0
52	167	Undirected	3.0
52	173	Undirected	1.0
52	201	Undirected	2.0
54	82	Undirected	2.0
82	85	Undirected	1.0
82	88	Undirected	1.0
82	167	Undirected	1.0
82	201	Undirected	1.0
85	149	Undirected	1.0
88	149	Undirected	2.0
92	149	Undirected	1.0
129	149	Undirected	2.0
149	173	Undirected	2.0
149	201	Undirected	1.0
16	52	Undirected	2.0
16	71	Undirected	2.0
16	117	Undirected	2.0
21	71	Undirected	2.0
52	64	Undirected	3.0
64	71	Undirected	3.0
7	58	Undirected	2.0
58	94	Undirected	2.0
58	96	Undirected	2.0
58	170	Undirected	2.0
94	170	Undirected	4.0
21	37	Undirected	1.0
37	171	Undirected	2.0
166	171	Undirected	2.0
4	40	Undirected	1.0
4	124	Undirected	1.0
40	107	Undirected	1.0
40	121	Undirected	1.0
40	123	Undirected	1.0
107	124	Undirected	1.0
121	124	Undirected	2.0
123	124	Undirected	1.0
5	155	Undirected	1.0
99	155	Undirected	1.0
117	136	Undirected	2.0
136	155	Undirected	1.0
74	185	Undirected	1.0
7	114	Undirected	3.0
7	117	Undirected	2.0
71	112	Undirected	1.0
98	117	Undirected	2.0
112	117	Undirected	1.0
112	168	Undirected	1.0
117	170	Undirected	3.0
18	71	Undirected	1.0
18	158	Undirected	1.0
124	158	Undirected	1.0
126	158	Undirected	1.0
9	25	Undirected	3.0
9	129	Undirected	2.0
116	184	Undirected	1.0
75	149	Undirected	1.0
96	137	Undirected	2.0
15	96	Undirected	1.0
15	170	Undirected	1.0
23	80	Undirected	1.0
23	95	Undirected	1.0
23	99	Undirected	4.0
23	178	Undirected	1.0
40	52	Undirected	2.0
40	99	Undirected	2.0
52	75	Undirected	2.0
52	80	Undirected	1.0
52	91	Undirected	3.0
52	95	Undirected	1.0
52	111	Undirected	1.0
52	178	Undirected	1.0
52	194	Undirected	3.0
75	80	Undirected	2.0
75	95	Undirected	2.0
75	170	Undirected	3.0
75	178	Undirected	2.0
80	91	Undirected	1.0
80	99	Undirected	1.0
80	170	Undirected	1.0
91	95	Undirected	1.0
91	99	Undirected	9.0
91	111	Undirected	1.0
91	170	Undirected	3.0
91	178	Undirected	1.0
95	99	Undirected	1.0
95	170	Undirected	1.0
99	178	Undirected	1.0
99	194	Undirected	2.0
99	196	Undirected	7.0
170	178	Undirected	1.0
7	125	Undirected	5.0
7	138	Undirected	4.0
7	174	Undirected	3.0
96	125	Undirected	5.0
96	174	Undirected	3.0
97	125	Undirected	1.0
97	174	Undirected	1.0
98	125	Undirected	5.0
98	138	Undirected	4.0
98	174	Undirected	3.0
125	132	Undirected	4.0
125	136	Undirected	4.0
125	138	Undirected	4.0
125	174	Undirected	3.0
125	179	Undirected	1.0
132	136	Undirected	4.0
132	174	Undirected	3.0
132	179	Undirected	1.0
136	138	Undirected	4.0
136	174	Undirected	3.0
138	174	Undirected	3.0
138	179	Undirected	1.0
174	179	Undirected	1.0
125	130	Undirected	3.0
125	172	Undirected	2.0
130	138	Undirected	2.0
130	174	Undirected	1.0
132	172	Undirected	2.0
138	172	Undirected	2.0
172	174	Undirected	2.0
3	23	Undirected	3.0
3	98	Undirected	3.0
3	130	Undirected	3.0
3	164	Undirected	3.0
164	196	Undirected	3.0
5	40	Undirected	2.0
5	127	Undirected	3.0
5	139	Undirected	2.0
5	141	Undirected	1.0
99	139	Undirected	1.0
165	166	Undirected	5.0
4	86	Undirected	1.0
4	137	Undirected	1.0
86	137	Undirected	1.0
45	48	Undirected	1.0
45	73	Undirected	1.0
45	195	Undirected	1.0
48	71	Undirected	1.0
48	73	Undirected	1.0
48	136	Undirected	1.0
48	195	Undirected	1.0
48	198	Undirected	1.0
71	73	Undirected	1.0
71	195	Undirected	1.0
73	136	Undirected	2.0
73	148	Undirected	1.0
73	179	Undirected	4.0
73	195	Undirected	1.0
73	198	Undirected	1.0
136	195	Undirected	1.0
148	195	Undirected	1.0
179	195	Undirected	1.0
195	198	Undirected	1.0
5	7	Undirected	2.0
5	86	Undirected	2.0
5	98	Undirected	2.0
7	144	Undirected	4.0
62	86	Undirected	1.0
86	144	Undirected	3.0
98	144	Undirected	3.0
16	62	Undirected	1.0
16	124	Undirected	2.0
16	154	Undirected	1.0
16	197	Undirected	1.0
21	62	Undirected	1.0
21	197	Undirected	1.0
39	62	Undirected	1.0
39	154	Undirected	1.0
39	197	Undirected	1.0
62	64	Undirected	1.0
62	154	Undirected	1.0
64	154	Undirected	1.0
64	197	Undirected	1.0
124	154	Undirected	1.0
146	154	Undirected	2.0
146	197	Undirected	2.0
154	197	Undirected	1.0
38	49	Undirected	2.0
38	68	Undirected	2.0
38	92	Undirected	2.0
49	68	Undirected	2.0
49	92	Undirected	1.0
68	75	Undirected	2.0
68	92	Undirected	5.0
38	99	Undirected	4.0
48	99	Undirected	1.0
43	96	Undirected	1.0
43	172	Undirected	1.0
35	55	Undirected	1.0
35	75	Undirected	1.0
35	94	Undirected	1.0
35	96	Undirected	1.0
35	98	Undirected	1.0
35	111	Undirected	1.0
35	130	Undirected	1.0
35	136	Undirected	1.0
35	194	Undirected	1.0
55	111	Undirected	1.0
113	202	Undirected	1.0
114	202	Undirected	1.0
117	202	Undirected	1.0
3	72	Undirected	1.0
3	160	Undirected	1.0
92	160	Undirected	1.0
160	187	Undirected	3.0
7	46	Undirected	2.0
7	110	Undirected	1.0
7	146	Undirected	3.0
7	165	Undirected	1.0
7	166	Undirected	2.0
46	86	Undirected	2.0
86	110	Undirected	1.0
86	146	Undirected	2.0
86	165	Undirected	1.0
86	166	Undirected	2.0
28	46	Undirected	5.0
28	53	Undirected	1.0
28	110	Undirected	3.0
46	53	Undirected	1.0
53	105	Undirected	1.0
53	110	Undirected	1.0
53	145	Undirected	1.0
53	166	Undirected	1.0
53	185	Undirected	1.0
105	110	Undirected	1.0
105	116	Undirected	3.0
105	185	Undirected	1.0
110	145	Undirected	1.0
116	145	Undirected	2.0
145	185	Undirected	1.0
46	151	Undirected	1.0
110	151	Undirected	1.0
28	52	Undirected	2.0
44	194	Undirected	3.0
75	82	Undirected	3.0
29	113	Undirected	3.0
29	114	Undirected	2.0
25	49	Undirected	1.0
49	74	Undirected	1.0
49	116	Undirected	2.0
49	144	Undirected	2.0
1	21	Undirected	1.0
1	105	Undirected	1.0
1	154	Undirected	1.0
1	155	Undirected	1.0
21	155	Undirected	4.0
105	155	Undirected	4.0
30	75	Undirected	1.0
30	170	Undirected	1.0
30	196	Undirected	4.0
52	184	Undirected	1.0
170	184	Undirected	1.0
93	202	Undirected	1.0
148	202	Undirected	1.0
5	54	Undirected	1.0
30	54	Undirected	1.0
30	117	Undirected	2.0
54	77	Undirected	1.0
54	84	Undirected	2.0
54	97	Undirected	2.0
54	142	Undirected	1.0
54	193	Undirected	1.0
84	117	Undirected	1.0
117	151	Undirected	1.0
34	82	Undirected	3.0
73	82	Undirected	4.0
114	121	Undirected	1.0
19	21	Undirected	1.0
19	165	Undirected	1.0
21	165	Undirected	3.0
124	165	Undirected	1.0
36	52	Undirected	1.0
36	96	Undirected	2.0
36	113	Undirected	1.0
27	28	Undirected	1.0
2	84	Undirected	1.0
2	149	Undirected	2.0
84	149	Undirected	1.0
7	18	Undirected	4.0
18	136	Undirected	2.0
18	168	Undirected	3.0
49	179	Undirected	3.0
86	170	Undirected	4.0
130	170	Undirected	1.0
170	179	Undirected	4.0
30	79	Undirected	2.0
47	79	Undirected	1.0
47	119	Undirected	1.0
79	119	Undirected	2.0
79	184	Undirected	2.0
79	196	Undirected	2.0
119	184	Undirected	2.0
119	196	Undirected	2.0
181	199	Undirected	1.0
27	29	Undirected	3.0
27	110	Undirected	1.0
27	144	Undirected	1.0
37	76	Undirected	1.0
2	4	Undirected	1.0
2	107	Undirected	1.0
2	121	Undirected	1.0
2	122	Undirected	1.0
2	123	Undirected	1.0
2	169	Undirected	1.0
4	149	Undirected	1.0
4	169	Undirected	1.0
48	149	Undirected	1.0
48	169	Undirected	1.0
107	149	Undirected	1.0
107	169	Undirected	1.0
121	149	Undirected	1.0
121	169	Undirected	1.0
122	149	Undirected	1.0
122	169	Undirected	1.0
123	149	Undirected	1.0
123	169	Undirected	1.0
139	149	Undirected	1.0
139	169	Undirected	1.0
141	149	Undirected	1.0
141	169	Undirected	1.0
149	169	Undirected	1.0
149	182	Undirected	1.0
169	182	Undirected	1.0
14	17	Undirected	1.0
14	18	Undirected	1.0
14	117	Undirected	1.0
14	124	Undirected	1.0
14	149	Undirected	1.0
17	149	Undirected	2.0
17	159	Undirected	1.0
18	76	Undirected	1.0
18	117	Undirected	2.0
18	149	Undirected	1.0
18	159	Undirected	1.0
18	181	Undirected	1.0
18	187	Undirected	1.0
18	188	Undirected	1.0
76	149	Undirected	2.0
116	159	Undirected	1.0
117	159	Undirected	1.0
124	149	Undirected	3.0
124	159	Undirected	1.0
124	181	Undirected	1.0
124	187	Undirected	1.0
124	188	Undirected	1.0
149	159	Undirected	1.0
149	181	Undirected	1.0
149	187	Undirected	1.0
149	188	Undirected	1.0
159	188	Undirected	2.0
18	105	Undirected	1.0
105	124	Undirected	7.0
105	126	Undirected	4.0
75	88	Undirected	2.0
75	133	Undirected	1.0
18	99	Undirected	1.0
99	126	Undirected	3.0
3	68	Undirected	3.0
3	92	Undirected	3.0
40	73	Undirected	1.0
67	73	Undirected	1.0
73	111	Undirected	1.0
73	177	Undirected	1.0
73	187	Undirected	2.0
73	194	Undirected	1.0
73	196	Undirected	1.0
73	201	Undirected	1.0
2	188	Undirected	1.0
3	188	Undirected	1.0
141	188	Undirected	1.0
17	168	Undirected	1.0
72	74	Undirected	2.0
74	194	Undirected	2.0
86	121	Undirected	1.0
86	127	Undirected	1.0
86	141	Undirected	1.0
121	127	Undirected	1.0
5	49	Undirected	1.0
5	96	Undirected	1.0
5	130	Undirected	1.0
5	131	Undirected	1.0
5	179	Undirected	1.0
7	28	Undirected	1.0
7	116	Undirected	1.0
28	86	Undirected	1.0
28	96	Undirected	1.0
28	130	Undirected	1.0
28	131	Undirected	1.0
28	179	Undirected	1.0
86	99	Undirected	1.0
86	116	Undirected	1.0
96	116	Undirected	1.0
99	131	Undirected	1.0
116	130	Undirected	1.0
116	131	Undirected	1.0
23	34	Undirected	1.0
34	194	Undirected	1.0
2	24	Undirected	1.0
3	24	Undirected	1.0
24	48	Undirected	1.0
24	82	Undirected	1.0
39	165	Undirected	1.0
39	166	Undirected	2.0
116	165	Undirected	2.0
5	38	Undirected	2.0
38	62	Undirected	1.0
38	144	Undirected	2.0
38	145	Undirected	1.0
38	146	Undirected	1.0
22	108	Undirected	1.0
108	187	Undirected	1.0
131	141	Undirected	1.0
136	141	Undirected	1.0
25	32	Undirected	7.0
85	146	Undirected	2.0
146	187	Undirected	1.0
146	188	Undirected	1.0
146	201	Undirected	1.0
16	116	Undirected	1.0
27	116	Undirected	1.0
7	124	Undirected	3.0
124	130	Undirected	2.0
75	146	Undirected	3.0
3	105	Undirected	2.0
3	144	Undirected	2.0
39	143	Undirected	2.0
158	168	Undirected	1.0
146	151	Undirected	1.0
3	87	Undirected	2.0
3	154	Undirected	2.0
3	155	Undirected	2.0
46	143	Undirected	4.0
32	99	Undirected	1.0
32	151	Undirected	2.0
26	29	Undirected	1.0
7	127	Undirected	2.0
7	197	Undirected	2.0
19	36	Undirected	1.0
19	137	Undirected	1.0
19	197	Undirected	1.0
36	127	Undirected	1.0
36	137	Undirected	1.0
36	197	Undirected	1.0
96	127	Undirected	1.0
96	197	Undirected	4.0
127	137	Undirected	1.0
127	197	Undirected	1.0
137	197	Undirected	1.0
7	147	Undirected	1.0
7	175	Undirected	1.0
7	176	Undirected	2.0
86	125	Undirected	1.0
86	147	Undirected	1.0
86	175	Undirected	1.0
86	176	Undirected	1.0
96	147	Undirected	1.0
96	175	Undirected	1.0
96	176	Undirected	1.0
98	175	Undirected	1.0
98	176	Undirected	2.0
125	147	Undirected	1.0
125	175	Undirected	1.0
125	176	Undirected	1.0
130	147	Undirected	1.0
130	175	Undirected	1.0
130	176	Undirected	1.0
147	175	Undirected	1.0
147	176	Undirected	1.0
175	176	Undirected	1.0
124	170	Undirected	5.0
70	106	Undirected	1.0
70	110	Undirected	1.0
70	185	Undirected	1.0
106	116	Undirected	1.0
106	118	Undirected	1.0
106	168	Undirected	1.0
110	168	Undirected	1.0
168	185	Undirected	1.0
52	124	Undirected	1.0
5	75	Undirected	2.0
75	105	Undirected	1.0
75	143	Undirected	1.0
99	143	Undirected	1.0
105	136	Undirected	1.0
118	136	Undirected	1.0
1	124	Undirected	1.0
1	126	Undirected	1.0
15	62	Undirected	1.0
15	134	Undirected	1.0
15	197	Undirected	1.0
62	89	Undirected	1.0
62	193	Undirected	1.0
89	134	Undirected	1.0
89	197	Undirected	1.0
134	193	Undirected	1.0
134	197	Undirected	1.0
193	197	Undirected	1.0
2	52	Undirected	1.0
2	71	Undirected	1.0
2	74	Undirected	1.0
2	96	Undirected	1.0
2	97	Undirected	1.0
71	96	Undirected	1.0
17	105	Undirected	1.0
17	144	Undirected	1.0
17	145	Undirected	1.0
17	166	Undirected	1.0
39	105	Undirected	2.0
39	144	Undirected	1.0
39	145	Undirected	1.0
105	181	Undirected	1.0
145	181	Undirected	1.0
5	39	Undirected	2.0
27	151	Undirected	1.0
124	145	Undirected	2.0
4	127	Undirected	1.0
54	154	Undirected	2.0
149	154	Undirected	1.0
44	94	Undirected	3.0
98	197	Undirected	1.0
119	130	Undirected	1.0
119	136	Undirected	1.0
119	197	Undirected	1.0
130	197	Undirected	1.0
113	181	Undirected	3.0
28	119	Undirected	1.0
5	23	Undirected	1.0
5	47	Undirected	1.0
5	91	Undirected	1.0
5	184	Undirected	1.0
47	99	Undirected	1.0
99	184	Undirected	1.0
17	171	Undirected	1.0
126	171	Undirected	1.0
55	196	Undirected	1.0
94	196	Undirected	1.0
16	118	Undirected	1.0
176	179	Undirected	2.0
24	146	Undirected	1.0
39	99	Undirected	2.0
39	142	Undirected	1.0
77	146	Undirected	1.0
119	146	Undirected	1.0
142	146	Undirected	1.0
146	193	Undirected	1.0
3	139	Undirected	2.0
3	182	Undirected	1.0
23	139	Undirected	1.0
98	139	Undirected	3.0
130	139	Undirected	1.0
139	164	Undirected	1.0
139	194	Undirected	1.0
139	196	Undirected	2.0
164	182	Undirected	1.0
182	196	Undirected	2.0
3	15	Undirected	1.0
3	89	Undirected	1.0
3	193	Undirected	1.0
15	38	Undirected	1.0
15	48	Undirected	1.0
15	93	Undirected	1.0
38	89	Undirected	1.0
38	193	Undirected	1.0
48	89	Undirected	1.0
48	193	Undirected	1.0
89	93	Undirected	1.0
93	193	Undirected	1.0
54	197	Undirected	1.0
97	185	Undirected	1.0
114	197	Undirected	1.0
185	197	Undirected	1.0
119	143	Undirected	1.0
27	99	Undirected	1.0
30	187	Undirected	1.0
30	188	Undirected	1.0
71	88	Undirected	3.0
71	167	Undirected	1.0
71	173	Undirected	2.0
117	167	Undirected	2.0
15	97	Undirected	1.0
97	127	Undirected	1.0
97	140	Undirected	1.0
126	138	Undirected	1.0
126	140	Undirected	1.0
80	188	Undirected	1.0
95	188	Undirected	1.0
178	188	Undirected	1.0
42	94	Undirected	1.0
62	94	Undirected	5.0
99	201	Undirected	1.0
21	99	Undirected	1.0
24	144	Undirected	1.0
38	124	Undirected	1.0
28	173	Undirected	1.0
32	113	Undirected	1.0
32	117	Undirected	1.0
32	173	Undirected	1.0
182	184	Undirected	1.0
17	130	Undirected	1.0
69	146	Undirected	2.0
117	189	Undirected	1.0
47	97	Undirected	1.0
91	97	Undirected	1.0
97	184	Undirected	1.0
73	76	Undirected	2.0
7	83	Undirected	1.0
49	83	Undirected	1.0
49	201	Undirected	1.0
83	86	Undirected	1.0
83	130	Undirected	1.0
83	179	Undirected	1.0
83	182	Undirected	2.0
83	187	Undirected	2.0
83	201	Undirected	2.0
86	187	Undirected	1.0
86	201	Undirected	1.0
179	187	Undirected	1.0
18	52	Undirected	3.0
18	77	Undirected	2.0
18	127	Undirected	2.0
52	127	Undirected	2.0
105	193	Undirected	2.0
25	68	Undirected	1.0
39	68	Undirected	1.0
39	188	Undirected	1.0
54	68	Undirected	1.0
68	69	Undirected	1.0
68	88	Undirected	1.0
68	129	Undirected	1.0
68	133	Undirected	1.0
68	167	Undirected	1.0
68	173	Undirected	1.0
68	181	Undirected	1.0
76	129	Undirected	1.0
76	133	Undirected	1.0
76	167	Undirected	1.0
76	173	Undirected	1.0
76	82	Undirected	1.0
34	184	Undirected	1.0
154	168	Undirected	2.0
18	49	Undirected	1.0
18	170	Undirected	2.0
44	197	Undirected	2.0
44	168	Undirected	1.0
7	69	Undirected	1.0
7	105	Undirected	1.0
7	145	Undirected	1.0
49	69	Undirected	2.0
49	105	Undirected	1.0
49	124	Undirected	1.0
49	126	Undirected	1.0
49	129	Undirected	1.0
49	145	Undirected	1.0
62	69	Undirected	1.0
62	126	Undirected	2.0
69	105	Undirected	1.0
69	124	Undirected	2.0
69	126	Undirected	1.0
69	145	Undirected	1.0
69	170	Undirected	1.0
98	105	Undirected	1.0
98	145	Undirected	1.0
117	126	Undirected	2.0
117	145	Undirected	1.0
126	144	Undirected	2.0
126	145	Undirected	1.0
82	116	Undirected	1.0
7	52	Undirected	1.0
7	61	Undirected	1.0
44	52	Undirected	1.0
44	125	Undirected	1.0
52	60	Undirected	1.0
52	61	Undirected	1.0
52	125	Undirected	1.0
52	130	Undirected	1.0
52	134	Undirected	1.0
52	138	Undirected	1.0
52	182	Undirected	1.0
53	61	Undirected	1.0
53	62	Undirected	1.0
53	125	Undirected	1.0
53	132	Undirected	1.0
53	134	Undirected	1.0
53	138	Undirected	1.0
60	62	Undirected	1.0
60	94	Undirected	1.0
60	125	Undirected	1.0
60	134	Undirected	1.0
60	182	Undirected	1.0
60	194	Undirected	1.0
61	62	Undirected	1.0
61	94	Undirected	1.0
61	98	Undirected	1.0
61	125	Undirected	1.0
61	130	Undirected	1.0
61	134	Undirected	1.0
61	136	Undirected	1.0
61	182	Undirected	1.0
61	194	Undirected	1.0
62	125	Undirected	1.0
62	138	Undirected	1.0
62	194	Undirected	1.0
94	125	Undirected	1.0
94	132	Undirected	1.0
94	134	Undirected	1.0
94	138	Undirected	1.0
125	134	Undirected	1.0
125	182	Undirected	1.0
125	194	Undirected	1.0
132	182	Undirected	1.0
132	194	Undirected	1.0
134	138	Undirected	1.0
134	182	Undirected	1.0
134	194	Undirected	1.0
138	182	Undirected	1.0
138	194	Undirected	1.0
40	65	Undirected	1.0
40	202	Undirected	1.0
65	67	Undirected	1.0
65	111	Undirected	1.0
65	136	Undirected	1.0
65	177	Undirected	1.0
65	187	Undirected	1.0
65	194	Undirected	1.0
65	196	Undirected	1.0
65	199	Undirected	1.0
65	201	Undirected	1.0
65	202	Undirected	1.0
67	199	Undirected	1.0
67	202	Undirected	1.0
111	199	Undirected	1.0
111	202	Undirected	1.0
136	199	Undirected	1.0
136	202	Undirected	1.0
177	199	Undirected	1.0
177	202	Undirected	1.0
199	202	Undirected	1.0
201	202	Undirected	1.0
45	102	Undirected	1.0
45	131	Undirected	1.0
86	102	Undirected	1.0
96	102	Undirected	1.0
98	102	Undirected	1.0
102	131	Undirected	1.0
102	136	Undirected	1.0
102	179	Undirected	1.0
97	195	Undirected	1.0
17	28	Undirected	1.0
17	52	Undirected	1.0
28	30	Undirected	1.0
30	39	Undirected	1.0
30	71	Undirected	1.0
30	149	Undirected	1.0
52	185	Undirected	1.0
71	149	Undirected	1.0
8	14	Undirected	1.0
8	38	Undirected	1.0
24	91	Undirected	1.0
59	99	Undirected	1.0
14	40	Undirected	1.0
14	201	Undirected	1.0
40	54	Undirected	1.0
62	190	Undirected	2.0
71	190	Undirected	2.0
98	190	Undirected	1.0
124	190	Undirected	2.0
129	190	Undirected	2.0
74	173	Undirected	1.0
99	168	Undirected	1.0
97	105	Undirected	1.0
170	193	Undirected	1.0
34	122	Undirected	1.0
98	122	Undirected	2.0
122	130	Undirected	1.0
122	196	Undirected	1.0
54	126	Undirected	1.0
116	126	Undirected	1.0
126	149	Undirected	1.0
126	167	Undirected	1.0
18	54	Undirected	1.0
18	146	Undirected	1.0
18	154	Undirected	1.0
54	168	Undirected	1.0
136	176	Undirected	1.0
170	176	Undirected	1.0
5	190	Undirected	1.0
13	190	Undirected	1.0
28	126	Undirected	1.0
28	190	Undirected	1.0
29	124	Undirected	1.0
29	126	Undirected	1.0
29	190	Undirected	1.0
99	190	Undirected	1.0
126	190	Undirected	1.0
144	190	Undirected	1.0
146	190	Undirected	1.0
170	190	Undirected	1.0
2	91	Undirected	2.0
2	194	Undirected	1.0
91	119	Undirected	2.0
29	188	Undirected	1.0
82	188	Undirected	1.0
40	83	Undirected	1.0
83	113	Undirected	1.0
45	51	Undirected	1.0
51	86	Undirected	1.0
51	97	Undirected	1.0
51	98	Undirected	2.0
51	130	Undirected	1.0
51	136	Undirected	3.0
18	53	Undirected	1.0
76	96	Undirected	1.0
14	74	Undirected	1.0
14	91	Undirected	1.0
74	75	Undirected	1.0
75	124	Undirected	1.0
49	173	Undirected	1.0
69	100	Undirected	1.0
69	149	Undirected	1.0
100	173	Undirected	1.0
160	188	Undirected	1.0
160	202	Undirected	1.0
116	143	Undirected	1.0
22	127	Undirected	1.0
57	76	Undirected	1.0
57	159	Undirected	1.0
57	187	Undirected	1.0
49	73	Undirected	1.0
53	73	Undirected	1.0
73	100	Undirected	1.0
48	196	Undirected	2.0
82	196	Undirected	1.0
32	46	Undirected	1.0
127	168	Undirected	1.0
50	51	Undirected	2.0
50	75	Undirected	1.0
50	76	Undirected	1.0
50	120	Undirected	1.0
50	131	Undirected	1.0
50	136	Undirected	2.0
50	182	Undirected	1.0
51	75	Undirected	1.0
51	76	Undirected	1.0
51	120	Undirected	1.0
51	131	Undirected	1.0
51	182	Undirected	1.0
75	120	Undirected	1.0
76	120	Undirected	1.0
76	131	Undirected	1.0
76	136	Undirected	1.0
120	131	Undirected	1.0
120	136	Undirected	1.0
120	182	Undirected	1.0
54	83	Undirected	1.0
75	83	Undirected	1.0
75	84	Undirected	1.0
82	83	Undirected	1.0
82	84	Undirected	1.0
83	84	Undirected	1.0
83	114	Undirected	1.0
84	114	Undirected	1.0
91	116	Undirected	1.0
116	180	Undirected	1.0
119	180	Undirected	1.0
49	94	Undirected	1.0
114	131	Undirected	1.0
131	170	Undirected	1.0
170	182	Undirected	1.0
18	98	Undirected	1.0
113	126	Undirected	1.0
126	136	Undirected	1.0
45	129	Undirected	1.0
86	129	Undirected	1.0
10	87	Undirected	1.0
10	154	Undirected	1.0
7	11	Undirected	1.0
7	50	Undirected	1.0
7	51	Undirected	1.0
7	101	Undirected	1.0
11	50	Undirected	1.0
11	51	Undirected	1.0
11	98	Undirected	1.0
11	101	Undirected	1.0
11	136	Undirected	1.0
50	98	Undirected	1.0
50	101	Undirected	1.0
51	101	Undirected	1.0
98	101	Undirected	1.0
101	136	Undirected	1.0
64	189	Undirected	1.0
126	189	Undirected	2.0
2	39	Undirected	1.0
2	196	Undirected	1.0
39	91	Undirected	1.0
39	196	Undirected	1.0
77	91	Undirected	1.0
77	196	Undirected	1.0
20	28	Undirected	1.0
20	46	Undirected	1.0
20	105	Undirected	1.0
20	143	Undirected	1.0
20	144	Undirected	1.0
20	145	Undirected	1.0
20	146	Undirected	1.0
20	166	Undirected	1.0
20	168	Undirected	1.0
28	143	Undirected	2.0
28	168	Undirected	1.0
46	168	Undirected	1.0
3	133	Undirected	1.0
74	196	Undirected	1.0
133	196	Undirected	1.0
16	163	Undirected	1.0
27	163	Undirected	1.0
82	189	Undirected	1.0
169	189	Undirected	1.0
40	71	Undirected	1.0
40	158	Undirected	1.0
71	201	Undirected	1.0
158	189	Undirected	1.0
158	201	Undirected	1.0
5	16	Undirected	2.0
5	157	Undirected	1.0
5	182	Undirected	1.0
5	191	Undirected	1.0
13	16	Undirected	1.0
13	40	Undirected	1.0
13	139	Undirected	1.0
13	193	Undirected	1.0
15	16	Undirected	1.0
15	40	Undirected	1.0
15	139	Undirected	1.0
16	40	Undirected	1.0
16	89	Undirected	1.0
16	139	Undirected	1.0
16	157	Undirected	1.0
16	182	Undirected	1.0
16	191	Undirected	1.0
16	193	Undirected	1.0
27	40	Undirected	1.0
27	139	Undirected	1.0
27	193	Undirected	2.0
39	40	Undirected	1.0
40	89	Undirected	1.0
40	157	Undirected	1.0
40	193	Undirected	1.0
89	139	Undirected	1.0
98	193	Undirected	1.0
139	157	Undirected	1.0
139	193	Undirected	1.0
157	193	Undirected	1.0
182	193	Undirected	1.0
191	193	Undirected	1.0
29	74	Undirected	1.0
17	21	Undirected	1.0
17	46	Undirected	1.0
17	110	Undirected	1.0
32	127	Undirected	1.0
32	193	Undirected	1.0
88	127	Undirected	1.0
27	76	Undirected	1.0
48	98	Undirected	1.0
98	107	Undirected	1.0
98	121	Undirected	1.0
98	123	Undirected	1.0
53	200	Undirected	1.0
75	200	Undirected	1.0
72	196	Undirected	1.0
52	188	Undirected	1.0
