Source	Target	Type	Weight	TotalVal
1	27	Undirected	9.0	9751656
1	44	Undirected	41.0	22452897
1	56	Undirected	18.0	12242615
1	63	Undirected	18.0	12999884
1	64	Undirected	2.0	1282030
1	65	Undirected	4.0	11508271
1	66	Undirected	17.0	13268366
1	76	Undirected	9.0	13239761
1	78	Undirected	16.0	13551232
1	79	Undirected	11.0	14274704
1	80	Undirected	3.0	8216450
1	95	Undirected	1.0	298236
1	105	Undirected	7.0	12940301
1	114	Undirected	2.0	1233540
2	8	Undirected	5.0	16883587
2	9	Undirected	7.0	12115438
2	10	Undirected	13.0	16430818
2	13	Undirected	9.0	5760514
2	14	Undirected	21.0	31662756
2	15	Undirected	5.0	7247698
2	16	Undirected	10.0	7232056
2	17	Undirected	9.0	8794229
2	24	Undirected	16.0	17438486
2	25	Undirected	1.0	187803
2	26	Undirected	3.0	1221793
2	31	Undirected	2.0	9806399
2	34	Undirected	4.0	6110507
2	39	Undirected	1.0	1004316
2	40	Undirected	3.0	1681777
2	42	Undirected	1.0	23578
2	43	Undirected	4.0	6727862
2	45	Undirected	1.0	23578
2	51	Undirected	1.0	492065
2	52	Undirected	2.0	4722049
2	53	Undirected	1.0	2992297
2	55	Undirected	1.0	204437
2	59	Undirected	2.0	1208753
2	62	Undirected	2.0	211381
2	65	Undirected	5.0	14222049
2	68	Undirected	10.0	17463910
2	71	Undirected	3.0	6368293
2	81	Undirected	1.0	461854
2	82	Undirected	4.0	11111182
2	84	Undirected	4.0	7840366
2	87	Undirected	1.0	5140372
2	90	Undirected	4.0	5008057
2	91	Undirected	3.0	5243623
2	100	Undirected	9.0	6467243
2	108	Undirected	3.0	3033117
2	111	Undirected	5.0	7519659
2	112	Undirected	4.0	2943772
2	113	Undirected	7.0	5266721
2	119	Undirected	2.0	1144954
3	20	Undirected	1.0	693517
3	55	Undirected	2.0	1391381
3	88	Undirected	2.0	726137
3	89	Undirected	1.0	697864
3	95	Undirected	1.0	259134
4	5	Undirected	3.0	2822851
4	8	Undirected	1.0	271072
4	23	Undirected	2.0	5610523
4	30	Undirected	1.0	2203028
4	31	Undirected	1.0	480201
4	40	Undirected	1.0	280147
4	49	Undirected	2.0	140482
4	51	Undirected	15.0	27721288
4	52	Undirected	2.0	4154902
4	53	Undirected	7.0	10588371
4	67	Undirected	7.0	4724604
4	68	Undirected	1.0	98669
4	69	Undirected	12.0	24428231
4	70	Undirected	1.0	919337
4	86	Undirected	2.0	40039
4	92	Undirected	21.0	32718018
4	97	Undirected	1.0	480201
4	98	Undirected	3.0	800954
4	101	Undirected	15.0	27453397
4	105	Undirected	1.0	563089
4	114	Undirected	10.0	20247771
4	117	Undirected	11.0	21487139
5	8	Undirected	7.0	7546368
5	17	Undirected	1.0	1430004
5	23	Undirected	2.0	8496278
5	28	Undirected	8.0	21248094
5	30	Undirected	4.0	12408233
5	31	Undirected	5.0	3548764
5	38	Undirected	1.0	1003586
5	39	Undirected	2.0	5066540
5	46	Undirected	2.0	5687384
5	48	Undirected	5.0	5348549
5	49	Undirected	28.0	38779588
5	51	Undirected	13.0	42329648
5	52	Undirected	12.0	21990606
5	53	Undirected	32.0	52859308
5	57	Undirected	2.0	2419050
5	64	Undirected	2.0	9097372
5	65	Undirected	3.0	2815278
5	67	Undirected	9.0	25332333
5	68	Undirected	1.0	98669
5	69	Undirected	5.0	7704088
5	73	Undirected	6.0	3067331
5	74	Undirected	17.0	8124875
5	76	Undirected	1.0	4142427
5	80	Undirected	1.0	6834903
5	82	Undirected	1.0	5004658
5	83	Undirected	1.0	5004658
5	86	Undirected	3.0	11191694
5	92	Undirected	2.0	2578630
5	95	Undirected	1.0	5004658
5	98	Undirected	2.0	16715985
5	99	Undirected	13.0	17507890
5	100	Undirected	2.0	5156666
5	101	Undirected	9.0	14806781
5	103	Undirected	1.0	603425
5	105	Undirected	15.0	65423257
5	107	Undirected	1.0	5004658
5	110	Undirected	1.0	4353851
5	114	Undirected	10.0	16695365
5	115	Undirected	2.0	6325423
5	117	Undirected	12.0	13609081
5	118	Undirected	1.0	1082116
6	9	Undirected	17.0	26821453
6	13	Undirected	1.0	896741
6	17	Undirected	12.0	34697704
6	28	Undirected	2.0	6016768
6	39	Undirected	3.0	966287
6	42	Undirected	1.0	99425
6	46	Undirected	2.0	4093110
6	49	Undirected	5.0	12679231
6	52	Undirected	2.0	4646884
6	53	Undirected	1.0	7174439
6	57	Undirected	1.0	968486
6	68	Undirected	7.0	16735113
6	69	Undirected	1.0	1016559
6	85	Undirected	1.0	275538
6	86	Undirected	1.0	923685
6	87	Undirected	2.0	878960
6	91	Undirected	1.0	896741
6	97	Undirected	1.0	1016559
6	99	Undirected	5.0	7811232
6	100	Undirected	2.0	1238115
7	11	Undirected	1.0	777682
7	12	Undirected	2.0	13624417
7	13	Undirected	8.0	6957224
7	15	Undirected	1.0	314946
7	21	Undirected	1.0	931604
7	29	Undirected	2.0	6659582
7	35	Undirected	3.0	16315185
7	36	Undirected	1.0	1018626
7	38	Undirected	1.0	2524593
7	41	Undirected	1.0	6550555
7	42	Undirected	4.0	16341629
7	49	Undirected	1.0	2690768
7	50	Undirected	3.0	14417333
7	54	Undirected	1.0	6550555
7	62	Undirected	1.0	7073862
7	77	Undirected	1.0	7073862
7	80	Undirected	1.0	2524593
7	91	Undirected	8.0	5882391
7	102	Undirected	2.0	8092488
7	108	Undirected	1.0	314946
7	110	Undirected	1.0	1924296
7	115	Undirected	1.0	6550555
7	120	Undirected	2.0	13624417
7	121	Undirected	1.0	7073862
8	9	Undirected	2.0	4738890
8	10	Undirected	2.0	6218251
8	14	Undirected	3.0	15672150
8	17	Undirected	2.0	1211437
8	23	Undirected	3.0	11272313
8	49	Undirected	3.0	5456702
8	51	Undirected	1.0	4353851
8	53	Undirected	5.0	2995938
8	65	Undirected	4.0	16106251
8	68	Undirected	1.0	5468668
8	69	Undirected	1.0	465494
8	74	Undirected	2.0	1312376
8	79	Undirected	2.0	683254
8	81	Undirected	1.0	461854
8	99	Undirected	1.0	1202384
8	110	Undirected	1.0	4353851
8	115	Undirected	1.0	721298
8	117	Undirected	1.0	4353851
8	118	Undirected	1.0	1202384
8	119	Undirected	1.0	749583
9	10	Undirected	5.0	10738281
9	11	Undirected	2.0	751459
9	13	Undirected	1.0	1074212
9	14	Undirected	10.0	12562274
9	17	Undirected	27.0	49267360
9	22	Undirected	1.0	4066457
9	24	Undirected	2.0	1083401
9	26	Undirected	1.0	272387
9	38	Undirected	1.0	125266
9	40	Undirected	2.0	1810317
9	42	Undirected	1.0	1656509
9	43	Undirected	7.0	12422707
9	45	Undirected	1.0	4920206
9	49	Undirected	1.0	628709
9	52	Undirected	1.0	3502897
9	53	Undirected	1.0	628709
9	57	Undirected	7.0	6199841
9	59	Undirected	2.0	303492
9	60	Undirected	2.0	1351521
9	62	Undirected	5.0	18214192
9	63	Undirected	2.0	1396185
9	65	Undirected	5.0	3003248
9	68	Undirected	14.0	33175745
9	70	Undirected	1.0	4920206
9	71	Undirected	2.0	5449133
9	77	Undirected	1.0	256836
9	83	Undirected	1.0	256836
9	85	Undirected	3.0	13731227
9	87	Undirected	6.0	14281237
9	90	Undirected	21.0	27990078
9	91	Undirected	3.0	4977802
9	97	Undirected	1.0	148602
9	99	Undirected	1.0	1046902
9	100	Undirected	1.0	1656509
9	108	Undirected	5.0	2411175
9	112	Undirected	2.0	1138089
9	119	Undirected	3.0	1636186
10	13	Undirected	2.0	589170
10	14	Undirected	8.0	6836093
10	15	Undirected	3.0	720665
10	17	Undirected	2.0	1152485
10	22	Undirected	4.0	4992989
10	23	Undirected	1.0	3868978
10	24	Undirected	19.0	7103327
10	25	Undirected	20.0	26445540
10	26	Undirected	19.0	22330733
10	27	Undirected	1.0	82069
10	34	Undirected	3.0	6785409
10	39	Undirected	1.0	1004316
10	43	Undirected	4.0	8789992
10	44	Undirected	2.0	1268185
10	53	Undirected	1.0	2992297
10	55	Undirected	3.0	786610
10	59	Undirected	2.0	1208753
10	62	Undirected	14.0	8428085
10	63	Undirected	1.0	381011
10	65	Undirected	8.0	15933752
10	66	Undirected	1.0	866380
10	68	Undirected	2.0	6060837
10	71	Undirected	1.0	4820424
10	76	Undirected	2.0	4249989
10	79	Undirected	2.0	1339043
10	83	Undirected	2.0	836245
10	84	Undirected	1.0	2270296
10	87	Undirected	2.0	844463
10	90	Undirected	10.0	13876352
10	94	Undirected	3.0	5028538
10	95	Undirected	2.0	4714644
10	98	Undirected	1.0	811642
10	100	Undirected	1.0	114916
10	104	Undirected	2.0	993742
10	105	Undirected	1.0	1171149
10	107	Undirected	4.0	11647087
10	108	Undirected	5.0	7947070
10	112	Undirected	1.0	592169
10	113	Undirected	1.0	405368
10	119	Undirected	1.0	749583
11	12	Undirected	1.0	12592
11	17	Undirected	2.0	751459
11	19	Undirected	3.0	2684437
11	23	Undirected	4.0	7931505
11	35	Undirected	13.0	27358700
11	36	Undirected	2.0	7012467
11	39	Undirected	3.0	10247642
11	40	Undirected	4.0	1370385
11	42	Undirected	1.0	4980773
11	43	Undirected	2.0	947093
11	46	Undirected	1.0	3910923
11	47	Undirected	7.0	17679504
11	49	Undirected	1.0	3910923
11	51	Undirected	1.0	3910923
11	53	Undirected	3.0	11548125
11	54	Undirected	28.0	59214516
11	60	Undirected	1.0	12592
11	62	Undirected	1.0	12592
11	72	Undirected	1.0	5930480
11	80	Undirected	2.0	5160523
11	83	Undirected	1.0	511369
11	90	Undirected	2.0	751459
11	91	Undirected	1.0	4980773
11	96	Undirected	7.0	12589161
11	99	Undirected	1.0	4217380
11	100	Undirected	3.0	11328682
11	102	Undirected	1.0	100354
11	104	Undirected	1.0	12592
11	106	Undirected	14.0	24244611
11	109	Undirected	11.0	24307889
11	115	Undirected	8.0	26904846
11	119	Undirected	5.0	5272435
11	120	Undirected	3.0	7746267
12	13	Undirected	5.0	4141585
12	29	Undirected	2.0	10002667
12	34	Undirected	2.0	2784380
12	35	Undirected	2.0	13624417
12	41	Undirected	2.0	13344696
12	42	Undirected	1.0	7073862
12	47	Undirected	2.0	771952
12	50	Undirected	3.0	8470373
12	54	Undirected	1.0	6550555
12	59	Undirected	1.0	764651
12	60	Undirected	1.0	12592
12	62	Undirected	3.0	7856422
12	77	Undirected	1.0	7073862
12	91	Undirected	1.0	764651
12	96	Undirected	1.0	12592
12	102	Undirected	3.0	8857016
12	104	Undirected	1.0	12592
12	106	Undirected	1.0	12592
12	115	Undirected	1.0	6550555
12	120	Undirected	3.0	20418558
12	121	Undirected	1.0	7073862
13	14	Undirected	8.0	3932227
13	15	Undirected	22.0	23962493
13	16	Undirected	4.0	2348755
13	17	Undirected	1.0	896741
13	22	Undirected	2.0	965887
13	23	Undirected	3.0	621378
13	24	Undirected	19.0	19152116
13	25	Undirected	3.0	706725
13	26	Undirected	1.0	61102
13	34	Undirected	9.0	10845797
13	35	Undirected	1.0	295230
13	37	Undirected	1.0	147434
13	38	Undirected	2.0	5169972
13	42	Undirected	4.0	3775795
13	43	Undirected	9.0	17745569
13	45	Undirected	2.0	536947
13	50	Undirected	6.0	5120049
13	52	Undirected	3.0	302001
13	55	Undirected	1.0	204437
13	57	Undirected	10.0	8101318
13	59	Undirected	3.0	480497
13	61	Undirected	1.0	351844
13	62	Undirected	9.0	12363553
13	68	Undirected	1.0	896741
13	70	Undirected	2.0	81021
13	71	Undirected	2.0	81021
13	77	Undirected	1.0	12825
13	80	Undirected	2.0	5169972
13	82	Undirected	1.0	12825
13	83	Undirected	3.0	1374410
13	87	Undirected	2.0	1008167
13	89	Undirected	1.0	19919
13	90	Undirected	9.0	17500556
13	91	Undirected	37.0	67916169
13	94	Undirected	2.0	208536
13	100	Undirected	4.0	321920
13	102	Undirected	4.0	3734853
13	104	Undirected	1.0	61102
13	107	Undirected	1.0	12825
13	108	Undirected	7.0	2237433
13	110	Undirected	4.0	7009880
13	111	Undirected	17.0	14923685
13	112	Undirected	19.0	23478641
13	113	Undirected	3.0	457296
14	15	Undirected	6.0	3984070
14	16	Undirected	2.0	1662081
14	17	Undirected	4.0	5030629
14	24	Undirected	14.0	8189720
14	25	Undirected	1.0	556960
14	43	Undirected	1.0	395371
14	52	Undirected	2.0	10684342
14	57	Undirected	1.0	124188
14	65	Undirected	6.0	12490037
14	68	Undirected	5.0	12045824
14	71	Undirected	1.0	4820424
14	83	Undirected	1.0	13061
14	84	Undirected	2.0	1023588
14	90	Undirected	7.0	3196899
14	108	Undirected	3.0	996689
14	110	Undirected	1.0	372234
14	111	Undirected	1.0	711979
14	112	Undirected	12.0	13678664
14	113	Undirected	6.0	6735533
14	119	Undirected	2.0	886603
15	16	Undirected	5.0	4247230
15	20	Undirected	5.0	2506914
15	23	Undirected	2.0	522814
15	24	Undirected	24.0	28326439
15	25	Undirected	1.0	101608
15	34	Undirected	3.0	954862
15	52	Undirected	3.0	302001
15	55	Undirected	2.0	7066482
15	57	Undirected	1.0	450811
15	77	Undirected	1.0	7071238
15	87	Undirected	1.0	995342
15	88	Undirected	2.0	5940118
15	90	Undirected	1.0	995342
15	91	Undirected	9.0	18644303
15	95	Undirected	1.0	101608
15	100	Undirected	4.0	1793904
15	107	Undirected	1.0	101608
15	108	Undirected	4.0	3511520
15	110	Undirected	2.0	522814
15	111	Undirected	3.0	1128910
15	112	Undirected	2.0	2904339
15	113	Undirected	2.0	957631
16	24	Undirected	9.0	8924335
16	25	Undirected	5.0	1951888
16	26	Undirected	4.0	1067735
16	29	Undirected	1.0	397354
16	34	Undirected	4.0	7570298
16	43	Undirected	3.0	7487875
16	55	Undirected	1.0	451951
16	62	Undirected	3.0	7634308
16	68	Undirected	2.0	1167107
16	69	Undirected	1.0	4884594
16	70	Undirected	1.0	4884594
16	83	Undirected	1.0	4884594
16	87	Undirected	2.0	6783903
16	90	Undirected	1.0	37497
16	94	Undirected	1.0	712184
16	95	Undirected	1.0	595238
16	100	Undirected	3.0	6598761
16	108	Undirected	3.0	2899451
16	111	Undirected	10.0	11713640
16	112	Undirected	3.0	2255513
16	113	Undirected	6.0	3836331
17	40	Undirected	1.0	1363268
17	43	Undirected	2.0	1071231
17	49	Undirected	2.0	7803148
17	52	Undirected	1.0	3502897
17	53	Undirected	4.0	21888718
17	57	Undirected	7.0	3602498
17	60	Undirected	3.0	1963592
17	65	Undirected	4.0	3612600
17	68	Undirected	28.0	40364890
17	69	Undirected	2.0	4658316
17	70	Undirected	2.0	7704275
17	71	Undirected	9.0	19467908
17	81	Undirected	2.0	4721030
17	82	Undirected	2.0	4887636
17	83	Undirected	3.0	5337511
17	85	Undirected	1.0	1363268
17	87	Undirected	2.0	945025
17	88	Undirected	1.0	933470
17	90	Undirected	6.0	3002678
17	91	Undirected	1.0	896741
17	98	Undirected	1.0	1255009
17	99	Undirected	8.0	3949119
17	100	Undirected	4.0	5875203
17	102	Undirected	1.0	4259176
17	108	Undirected	3.0	1809995
17	112	Undirected	1.0	545920
17	119	Undirected	2.0	1144954
18	36	Undirected	1.0	292576
18	62	Undirected	1.0	99058
19	23	Undirected	1.0	416690
19	30	Undirected	1.0	2503462
19	35	Undirected	1.0	1223982
19	40	Undirected	2.0	1055738
19	53	Undirected	2.0	7796157
19	54	Undirected	2.0	2805392
19	58	Undirected	1.0	483159
19	77	Undirected	1.0	1415336
19	91	Undirected	1.0	572579
19	96	Undirected	1.0	1223982
19	109	Undirected	3.0	4144134
19	119	Undirected	6.0	8824651
19	120	Undirected	1.0	1415336
19	121	Undirected	1.0	572579
20	24	Undirected	1.0	96651
20	25	Undirected	2.0	822039
20	26	Undirected	1.0	1325121
20	55	Undirected	7.0	15778752
20	88	Undirected	1.0	101608
20	93	Undirected	2.0	1925805
20	94	Undirected	4.0	2477415
20	95	Undirected	12.0	24883625
20	107	Undirected	1.0	101608
21	28	Undirected	2.0	851049
21	33	Undirected	1.0	179235
21	35	Undirected	1.0	2999605
21	37	Undirected	1.0	179235
21	40	Undirected	20.0	2931119
21	91	Undirected	1.0	931604
21	100	Undirected	3.0	1789626
22	27	Undirected	3.0	5595611
22	40	Undirected	8.0	7173794
22	57	Undirected	3.0	4617885
22	61	Undirected	1.0	100629
22	71	Undirected	6.0	2543354
22	83	Undirected	2.0	116835
22	84	Undirected	9.0	10704963
22	85	Undirected	4.0	1485547
22	87	Undirected	2.0	844463
22	88	Undirected	1.0	70402
22	90	Undirected	9.0	5909174
22	91	Undirected	6.0	11980457
22	96	Undirected	1.0	4501050
22	100	Undirected	1.0	97812
22	108	Undirected	1.0	100629
23	24	Undirected	4.0	4899467
23	25	Undirected	2.0	4346758
23	26	Undirected	1.0	477780
23	27	Undirected	1.0	161542
23	28	Undirected	3.0	4761880
23	35	Undirected	1.0	283789
23	36	Undirected	3.0	7768483
23	38	Undirected	1.0	2364080
23	39	Undirected	2.0	1980634
23	40	Undirected	1.0	477780
23	49	Undirected	1.0	807635
23	51	Undirected	8.0	22311221
23	53	Undirected	1.0	2364080
23	54	Undirected	1.0	5374638
23	57	Undirected	1.0	1408691
23	63	Undirected	3.0	4038749
23	65	Undirected	6.0	18173798
23	67	Undirected	4.0	7679638
23	76	Undirected	8.0	17967272
23	79	Undirected	1.0	3692569
23	80	Undirected	2.0	2759302
23	91	Undirected	1.0	756016
23	93	Undirected	1.0	841259
23	96	Undirected	1.0	5374638
23	100	Undirected	1.0	756016
23	101	Undirected	1.0	507675
23	105	Undirected	7.0	15402117
23	109	Undirected	4.0	7931505
23	110	Undirected	5.0	11145315
23	113	Undirected	1.0	98564
23	114	Undirected	3.0	2746465
23	115	Undirected	5.0	8631335
23	117	Undirected	2.0	4749073
23	119	Undirected	4.0	13755997
23	120	Undirected	3.0	7272647
24	25	Undirected	26.0	16777631
24	26	Undirected	11.0	546881
24	29	Undirected	1.0	397354
24	34	Undirected	4.0	1361847
24	39	Undirected	1.0	507675
24	43	Undirected	4.0	16496763
24	45	Undirected	4.0	9609828
24	55	Undirected	1.0	488453
24	62	Undirected	15.0	16460257
24	65	Undirected	4.0	5453827
24	68	Undirected	2.0	1083401
24	76	Undirected	1.0	3868978
24	87	Undirected	2.0	8878056
24	90	Undirected	6.0	11162584
24	91	Undirected	4.0	11654736
24	100	Undirected	3.0	1690202
24	101	Undirected	1.0	507675
24	108	Undirected	6.0	4865542
24	110	Undirected	2.0	522814
24	111	Undirected	1.0	1908377
24	112	Undirected	2.0	1112704
24	113	Undirected	2.0	1060300
24	119	Undirected	1.0	491232
25	26	Undirected	40.0	50280573
25	34	Undirected	1.0	6150850
25	37	Undirected	1.0	147434
25	40	Undirected	1.0	477780
25	42	Undirected	1.0	147434
25	43	Undirected	9.0	27321521
25	45	Undirected	7.0	11669486
25	55	Undirected	3.0	864866
25	60	Undirected	1.0	6418295
25	61	Undirected	1.0	6418295
25	62	Undirected	19.0	23978751
25	63	Undirected	1.0	477780
25	65	Undirected	1.0	3868978
25	66	Undirected	2.0	1581518
25	70	Undirected	1.0	6382161
25	75	Undirected	4.0	7347212
25	76	Undirected	1.0	3868978
25	87	Undirected	9.0	28473405
25	88	Undirected	3.0	1121752
25	90	Undirected	5.0	16492726
25	92	Undirected	1.0	715138
25	93	Undirected	7.0	12687309
25	94	Undirected	7.0	6682761
25	95	Undirected	10.0	25204051
25	98	Undirected	1.0	811642
25	102	Undirected	1.0	147434
25	104	Undirected	11.0	23532702
25	107	Undirected	22.0	30936600
25	108	Undirected	4.0	8062363
25	111	Undirected	2.0	617084
25	113	Undirected	1.0	5296044
26	34	Undirected	1.0	6150850
26	40	Undirected	1.0	477780
26	43	Undirected	13.0	25989794
26	45	Undirected	3.0	5210952
26	59	Undirected	1.0	61102
26	60	Undirected	1.0	6418295
26	61	Undirected	2.0	6621305
26	62	Undirected	19.0	20358929
26	63	Undirected	1.0	477780
26	68	Undirected	1.0	441476
26	70	Undirected	4.0	847490
26	71	Undirected	1.0	61102
26	75	Undirected	2.0	843401
26	82	Undirected	3.0	4016423
26	83	Undirected	3.0	1069717
26	87	Undirected	3.0	15458565
26	89	Undirected	2.0	1145264
26	90	Undirected	4.0	12817962
26	94	Undirected	3.0	4223260
26	95	Undirected	6.0	7233435
26	98	Undirected	1.0	811642
26	104	Undirected	19.0	13949798
26	107	Undirected	20.0	39501067
26	108	Undirected	4.0	8107756
26	111	Undirected	3.0	1158126
27	29	Undirected	1.0	397424
27	40	Undirected	9.0	10216377
27	44	Undirected	10.0	10189504
27	56	Undirected	8.0	9468288
27	61	Undirected	1.0	95699
27	63	Undirected	12.0	10824684
27	64	Undirected	2.0	1282030
27	65	Undirected	5.0	7928718
27	66	Undirected	8.0	9468288
27	71	Undirected	2.0	2013534
27	76	Undirected	26.0	23954876
27	78	Undirected	8.0	9468288
27	79	Undirected	14.0	20861614
27	80	Undirected	3.0	8216450
27	85	Undirected	1.0	769539
27	87	Undirected	1.0	2551402
27	91	Undirected	1.0	397424
27	105	Undirected	9.0	15563399
28	33	Undirected	3.0	1047083
28	35	Undirected	1.0	1668848
28	36	Undirected	2.0	1150322
28	37	Undirected	1.0	179235
28	38	Undirected	3.0	4480642
28	39	Undirected	6.0	6526092
28	40	Undirected	6.0	2556784
28	49	Undirected	4.0	8725204
28	51	Undirected	6.0	10582557
28	52	Undirected	2.0	1611834
28	53	Undirected	4.0	16038090
28	57	Undirected	6.0	12049248
28	60	Undirected	1.0	995080
28	61	Undirected	1.0	995080
28	65	Undirected	1.0	3610642
28	67	Undirected	2.0	4586432
28	69	Undirected	3.0	6644338
28	70	Undirected	1.0	995080
28	71	Undirected	1.0	1194109
28	76	Undirected	1.0	3768933
28	80	Undirected	3.0	8748521
28	82	Undirected	1.0	995080
28	84	Undirected	1.0	995080
28	85	Undirected	5.0	6401686
28	86	Undirected	3.0	9559082
28	91	Undirected	2.0	1751096
28	98	Undirected	1.0	5032504
28	99	Undirected	17.0	33250276
28	100	Undirected	5.0	9820804
28	101	Undirected	1.0	4183694
28	105	Undirected	2.0	949708
28	110	Undirected	4.0	3584309
28	114	Undirected	2.0	5427726
28	115	Undirected	1.0	395222
28	117	Undirected	4.0	5089379
28	120	Undirected	1.0	342884
29	35	Undirected	1.0	6550555
29	40	Undirected	3.0	940653
29	41	Undirected	1.0	6550555
29	54	Undirected	1.0	6550555
29	57	Undirected	3.0	521059
29	61	Undirected	3.0	521059
29	71	Undirected	1.0	397424
29	91	Undirected	2.0	506451
29	115	Undirected	1.0	6550555
29	120	Undirected	1.0	6550555
30	46	Undirected	1.0	712097
30	51	Undirected	2.0	2687593
30	53	Undirected	13.0	25192282
30	67	Undirected	3.0	10432737
30	86	Undirected	1.0	1975496
30	92	Undirected	4.0	7464851
30	101	Undirected	3.0	2907216
30	109	Undirected	1.0	2503462
30	114	Undirected	1.0	2203028
30	117	Undirected	1.0	2203028
31	46	Undirected	2.0	337657
31	49	Undirected	4.0	7471995
31	51	Undirected	9.0	14577594
31	52	Undirected	6.0	10489930
31	53	Undirected	1.0	5199944
31	57	Undirected	1.0	238693
31	68	Undirected	2.0	943011
31	69	Undirected	3.0	1786948
31	73	Undirected	7.0	14560687
31	76	Undirected	1.0	95857
31	81	Undirected	4.0	11363966
31	82	Undirected	3.0	12536083
31	83	Undirected	1.0	1344142
31	85	Undirected	1.0	238693
31	97	Undirected	11.0	9580538
31	98	Undirected	27.0	21258852
31	100	Undirected	2.0	1349966
31	105	Undirected	2.0	794030
31	118	Undirected	7.0	5371071
32	62	Undirected	2.0	11438674
32	69	Undirected	1.0	4462097
32	70	Undirected	2.0	11438674
32	81	Undirected	1.0	4462097
32	82	Undirected	2.0	4559125
32	83	Undirected	1.0	4462097
32	87	Undirected	3.0	11535702
32	90	Undirected	1.0	4145262
33	36	Undirected	1.0	843022
33	37	Undirected	5.0	1944273
33	40	Undirected	1.0	837467
33	69	Undirected	1.0	582976
33	70	Undirected	1.0	4108787
33	75	Undirected	1.0	843022
33	76	Undirected	1.0	582976
33	91	Undirected	1.0	512391
34	35	Undirected	1.0	3266366
34	37	Undirected	1.0	3266366
34	42	Undirected	2.0	3289944
34	43	Undirected	3.0	17623174
34	45	Undirected	1.0	23578
34	50	Undirected	3.0	1414969
34	62	Undirected	3.0	7224062
34	87	Undirected	2.0	11472324
34	90	Undirected	1.0	23578
34	91	Undirected	3.0	8887225
34	96	Undirected	1.0	1295519
34	100	Undirected	1.0	629902
34	102	Undirected	1.0	1296214
34	108	Undirected	5.0	7130401
34	111	Undirected	5.0	19601505
34	112	Undirected	3.0	8633183
34	113	Undirected	3.0	972476
35	36	Undirected	3.0	573628
35	37	Undirected	7.0	6237145
35	38	Undirected	1.0	233012
35	39	Undirected	1.0	6044904
35	40	Undirected	2.0	351424
35	41	Undirected	1.0	6550555
35	42	Undirected	2.0	10340228
35	47	Undirected	1.0	5832641
35	49	Undirected	1.0	2690768
35	50	Undirected	1.0	7073862
35	51	Undirected	1.0	391320
35	54	Undirected	10.0	30237518
35	57	Undirected	9.0	2558977
35	61	Undirected	3.0	847073
35	62	Undirected	1.0	7073862
35	70	Undirected	1.0	187045
35	77	Undirected	1.0	7073862
35	80	Undirected	2.0	942497
35	90	Undirected	1.0	298644
35	91	Undirected	4.0	3809661
35	96	Undirected	3.0	7105861
35	98	Undirected	1.0	391320
35	100	Undirected	1.0	298572
35	102	Undirected	3.0	7536560
35	106	Undirected	3.0	10328510
35	109	Undirected	4.0	13930188
35	115	Undirected	7.0	20539557
35	119	Undirected	3.0	1924155
35	120	Undirected	4.0	20868336
35	121	Undirected	1.0	7073862
36	37	Undirected	13.0	15752814
36	51	Undirected	2.0	1150322
36	54	Undirected	1.0	241076
36	57	Undirected	1.0	375708
36	60	Undirected	1.0	375708
36	64	Undirected	1.0	214718
36	70	Undirected	1.0	6196718
36	75	Undirected	1.0	843022
36	80	Undirected	1.0	214718
36	91	Undirected	1.0	756016
36	97	Undirected	1.0	560162
36	100	Undirected	1.0	756016
36	102	Undirected	3.0	1624465
36	105	Undirected	2.0	712099
36	109	Undirected	2.0	7012467
36	115	Undirected	2.0	7012467
36	121	Undirected	1.0	282013
37	39	Undirected	1.0	298433
37	42	Undirected	3.0	3561811
37	43	Undirected	1.0	147434
37	45	Undirected	1.0	2190025
37	57	Undirected	2.0	1640915
37	62	Undirected	2.0	860338
37	83	Undirected	1.0	1131830
37	94	Undirected	1.0	147434
37	102	Undirected	3.0	1791840
37	113	Undirected	2.0	2887062
37	120	Undirected	3.0	3807214
38	39	Undirected	7.0	15540397
38	43	Undirected	2.0	5386601
38	49	Undirected	4.0	3936404
38	51	Undirected	1.0	1934793
38	53	Undirected	3.0	6780849
38	57	Undirected	14.0	39447182
38	60	Undirected	2.0	3055546
38	61	Undirected	3.0	12365043
38	64	Undirected	1.0	461220
38	70	Undirected	3.0	5288997
38	80	Undirected	20.0	41064970
38	82	Undirected	1.0	995080
38	83	Undirected	1.0	10220725
38	84	Undirected	1.0	995080
38	85	Undirected	1.0	995080
38	90	Undirected	1.0	2931366
38	91	Undirected	6.0	9387359
38	99	Undirected	2.0	1058194
38	101	Undirected	1.0	961156
38	105	Undirected	1.0	461220
38	117	Undirected	1.0	961156
39	40	Undirected	6.0	1410108
39	43	Undirected	1.0	1004316
39	46	Undirected	2.0	7402882
39	47	Undirected	1.0	99782
39	48	Undirected	3.0	9991915
39	49	Undirected	8.0	15911537
39	51	Undirected	2.0	10028282
39	53	Undirected	7.0	24999025
39	54	Undirected	2.0	10147860
39	57	Undirected	12.0	13089646
39	59	Undirected	1.0	1004316
39	60	Undirected	3.0	1350225
39	72	Undirected	2.0	11895808
39	80	Undirected	5.0	14340770
39	85	Undirected	1.0	101247
39	86	Undirected	1.0	4051357
39	88	Undirected	1.0	233039
39	91	Undirected	2.0	290941
39	96	Undirected	1.0	296437
39	99	Undirected	1.0	4217380
39	100	Undirected	2.0	4367276
39	101	Undirected	2.0	6473003
39	105	Undirected	1.0	4062954
39	110	Undirected	1.0	240435
39	115	Undirected	2.0	9993434
40	42	Undirected	1.0	1656509
40	54	Undirected	5.0	5543519
40	57	Undirected	2.0	6321762
40	58	Undirected	7.0	2081562
40	59	Undirected	2.0	6290746
40	60	Undirected	1.0	1363268
40	62	Undirected	1.0	1656509
40	63	Undirected	5.0	1375400
40	71	Undirected	9.0	8459008
40	76	Undirected	3.0	2913953
40	79	Undirected	1.0	1500938
40	82	Undirected	3.0	1681777
40	85	Undirected	7.0	5953083
40	88	Undirected	1.0	279240
40	90	Undirected	3.0	753054
40	91	Undirected	5.0	2175838
40	92	Undirected	1.0	280147
40	99	Undirected	1.0	98541
40	100	Undirected	2.0	3019777
40	101	Undirected	3.0	1040858
40	119	Undirected	4.0	780400
40	121	Undirected	2.0	672436
41	54	Undirected	1.0	6550555
41	61	Undirected	1.0	737970
41	77	Undirected	1.0	737970
41	115	Undirected	1.0	6550555
41	120	Undirected	2.0	13344696
42	43	Undirected	1.0	147434
42	45	Undirected	1.0	23578
42	50	Undirected	9.0	23220968
42	54	Undirected	1.0	4980773
42	57	Undirected	1.0	498835
42	62	Undirected	3.0	8753949
42	77	Undirected	1.0	7073862
42	85	Undirected	1.0	1656509
42	90	Undirected	1.0	23578
42	91	Undirected	1.0	4980773
42	94	Undirected	1.0	147434
42	96	Undirected	1.0	4980773
42	100	Undirected	1.0	1656509
42	102	Undirected	3.0	9025561
42	110	Undirected	3.0	3488503
42	120	Undirected	1.0	7073862
42	121	Undirected	1.0	7073862
43	45	Undirected	8.0	28565438
43	54	Undirected	1.0	511369
43	57	Undirected	4.0	6834273
43	59	Undirected	4.0	2271366
43	60	Undirected	4.0	8655106
43	61	Undirected	6.0	8051935
43	62	Undirected	26.0	68424951
43	68	Undirected	1.0	675860
43	69	Undirected	5.0	2560437
43	70	Undirected	4.0	1658680
43	71	Undirected	2.0	850241
43	80	Undirected	2.0	5386601
43	83	Undirected	3.0	1395655
43	85	Undirected	1.0	7154512
43	87	Undirected	11.0	52125945
43	90	Undirected	19.0	54420254
43	91	Undirected	1.0	5282600
43	94	Undirected	2.0	208536
43	97	Undirected	8.0	4022730
43	98	Undirected	1.0	811642
43	102	Undirected	1.0	147434
43	104	Undirected	5.0	2365051
43	106	Undirected	1.0	435724
43	107	Undirected	7.0	17725703
43	108	Undirected	6.0	8849027
43	111	Undirected	3.0	12857223
43	112	Undirected	1.0	5282600
43	113	Undirected	1.0	1384899
43	119	Undirected	1.0	395371
44	53	Undirected	1.0	1218040
44	56	Undirected	14.0	10931853
44	57	Undirected	2.0	876014
44	63	Undirected	20.0	16032546
44	64	Undirected	2.0	1282030
44	65	Undirected	4.0	8907947
44	66	Undirected	24.0	22716997
44	76	Undirected	8.0	9468288
44	78	Undirected	20.0	20534816
44	79	Undirected	11.0	10863439
44	80	Undirected	3.0	8216450
44	105	Undirected	11.0	14559154
44	114	Undirected	1.0	935304
45	57	Undirected	8.0	23693528
45	59	Undirected	1.0	789139
45	60	Undirected	7.0	18557879
45	61	Undirected	1.0	789139
45	62	Undirected	14.0	31265631
45	66	Undirected	1.0	715138
45	70	Undirected	3.0	6069040
45	71	Undirected	2.0	4845274
45	75	Undirected	3.0	1408534
45	82	Undirected	1.0	101062
45	83	Undirected	4.0	4370280
45	85	Undirected	1.0	4920206
45	87	Undirected	10.0	35532307
45	89	Undirected	1.0	43571
45	90	Undirected	11.0	35864785
45	91	Undirected	1.0	768786
45	92	Undirected	1.0	715138
45	97	Undirected	1.0	6883333
45	100	Undirected	1.0	4056135
45	104	Undirected	2.0	1030353
45	107	Undirected	3.0	5825366
45	108	Undirected	1.0	715138
45	113	Undirected	3.0	2646419
45	119	Undirected	1.0	768786
46	48	Undirected	4.0	1436679
46	49	Undirected	16.0	36059453
46	51	Undirected	4.0	11341742
46	52	Undirected	13.0	30305780
46	53	Undirected	9.0	14827301
46	54	Undirected	1.0	3910923
46	57	Undirected	1.0	238693
46	68	Undirected	2.0	6001619
46	72	Undirected	1.0	5965328
46	73	Undirected	1.0	3697945
46	74	Undirected	1.0	3697945
46	80	Undirected	1.0	3910923
46	85	Undirected	1.0	238693
46	101	Undirected	3.0	7258479
46	103	Undirected	1.0	343515
46	105	Undirected	1.0	977833
46	115	Undirected	1.0	3910923
46	118	Undirected	2.0	1647934
47	54	Undirected	5.0	16166621
47	60	Undirected	1.0	12592
47	62	Undirected	1.0	12592
47	76	Undirected	1.0	2048925
47	77	Undirected	1.0	1339398
47	79	Undirected	1.0	2048925
47	96	Undirected	2.0	5845233
47	100	Undirected	2.0	7111302
47	104	Undirected	1.0	12592
47	105	Undirected	1.0	2048925
47	106	Undirected	10.0	16429094
47	109	Undirected	1.0	5782838
47	115	Undirected	1.0	5832641
47	120	Undirected	1.0	1339398
48	49	Undirected	15.0	15817666
48	51	Undirected	2.0	5055223
48	53	Undirected	10.0	14327947
48	74	Undirected	2.0	1344588
48	86	Undirected	1.0	4051357
48	99	Undirected	2.0	1067327
48	103	Undirected	3.0	1688103
48	105	Undirected	1.0	4062954
48	115	Undirected	1.0	4062954
48	118	Undirected	1.0	840940
49	51	Undirected	26.0	45225186
49	52	Undirected	10.0	24126978
49	53	Undirected	65.0	94885321
49	54	Undirected	2.0	7911525
49	59	Undirected	1.0	822223
49	67	Undirected	2.0	4458207
49	71	Undirected	1.0	628709
49	72	Undirected	3.0	14922677
49	73	Undirected	6.0	11947079
49	74	Undirected	7.0	7538960
49	80	Undirected	6.0	11336438
49	85	Undirected	1.0	1023446
49	86	Undirected	30.0	35517296
49	99	Undirected	8.0	12248951
49	100	Undirected	3.0	807260
49	101	Undirected	9.0	16475905
49	105	Undirected	1.0	4062954
49	114	Undirected	3.0	3967071
49	115	Undirected	2.0	7973877
49	117	Undirected	3.0	6850250
49	118	Undirected	2.0	1629217
50	57	Undirected	1.0	498835
50	62	Undirected	3.0	7728245
50	77	Undirected	1.0	7073862
50	91	Undirected	2.0	654383
50	102	Undirected	3.0	10174341
50	120	Undirected	1.0	7073862
50	121	Undirected	1.0	7073862
51	52	Undirected	3.0	14737658
51	53	Undirected	33.0	65591212
51	54	Undirected	1.0	3910923
51	56	Undirected	1.0	3454896
51	65	Undirected	1.0	3610642
51	67	Undirected	11.0	14780612
51	69	Undirected	3.0	14095500
51	72	Undirected	1.0	5965328
51	76	Undirected	2.0	7584967
51	80	Undirected	5.0	13184945
51	81	Undirected	10.0	22492592
51	82	Undirected	2.0	5534323
51	83	Undirected	2.0	3844142
51	86	Undirected	21.0	25884421
51	91	Undirected	1.0	756016
51	92	Undirected	8.0	17968620
51	97	Undirected	3.0	5470466
51	98	Undirected	17.0	33561390
51	99	Undirected	1.0	1656843
51	100	Undirected	3.0	2423363
51	101	Undirected	12.0	27263936
51	105	Undirected	7.0	14008576
51	106	Undirected	1.0	1175282
51	110	Undirected	1.0	4353851
51	114	Undirected	20.0	30962885
51	115	Undirected	3.0	8369099
51	117	Undirected	20.0	25979591
52	53	Undirected	3.0	868020
52	57	Undirected	3.0	5714423
52	67	Undirected	1.0	19854
52	68	Undirected	13.0	25914902
52	69	Undirected	3.0	5746882
52	73	Undirected	2.0	9113149
52	74	Undirected	1.0	3697945
52	81	Undirected	1.0	3034323
52	82	Undirected	3.0	3764404
52	85	Undirected	1.0	5411009
52	86	Undirected	2.0	970257
52	92	Undirected	3.0	4897415
52	97	Undirected	1.0	3034323
52	98	Undirected	2.0	14717804
52	99	Undirected	10.0	4601446
52	100	Undirected	9.0	5585827
52	117	Undirected	1.0	19854
52	118	Undirected	18.0	14234223
53	54	Undirected	3.0	13842005
53	56	Undirected	1.0	3454896
53	57	Undirected	1.0	467457
53	64	Undirected	1.0	643307
53	65	Undirected	1.0	2992297
53	67	Undirected	7.0	17416783
53	68	Undirected	1.0	4993902
53	69	Undirected	1.0	5032504
53	71	Undirected	2.0	11686638
53	72	Undirected	2.0	11895808
53	73	Undirected	2.0	5509186
53	74	Undirected	6.0	3165467
53	80	Undirected	7.0	18279086
53	86	Undirected	30.0	40638630
53	92	Undirected	8.0	14878886
53	98	Undirected	2.0	5052689
53	99	Undirected	2.0	8561017
53	100	Undirected	2.0	657364
53	101	Undirected	13.0	21535201
53	105	Undirected	4.0	10419538
53	109	Undirected	1.0	2503462
53	114	Undirected	9.0	24390102
53	115	Undirected	3.0	13904357
53	117	Undirected	8.0	13385796
53	119	Undirected	1.0	5292695
54	61	Undirected	4.0	627301
54	72	Undirected	1.0	5930480
54	80	Undirected	2.0	4716095
54	81	Undirected	1.0	99283
54	83	Undirected	2.0	610652
54	86	Undirected	1.0	4000602
54	91	Undirected	1.0	4980773
54	96	Undirected	3.0	11579393
54	99	Undirected	1.0	4217380
54	100	Undirected	2.0	10000218
54	106	Undirected	5.0	14035246
54	109	Undirected	12.0	32496928
54	115	Undirected	9.0	25600099
54	119	Undirected	5.0	10278002
54	120	Undirected	4.0	19169112
55	59	Undirected	1.0	204437
55	62	Undirected	1.0	99445
55	82	Undirected	1.0	2050049
55	83	Undirected	1.0	4450960
55	87	Undirected	4.0	14671751
55	88	Undirected	10.0	20914180
55	89	Undirected	2.0	5342758
55	90	Undirected	1.0	4644894
55	93	Undirected	2.0	5013563
55	94	Undirected	1.0	1222168
55	95	Undirected	11.0	25966097
55	107	Undirected	1.0	98955
55	108	Undirected	1.0	295981
55	113	Undirected	1.0	4644894
56	63	Undirected	11.0	11716385
56	64	Undirected	2.0	1282030
56	65	Undirected	3.0	7736798
56	66	Undirected	10.0	10371620
56	67	Undirected	1.0	3454896
56	76	Undirected	8.0	9468288
56	78	Undirected	12.0	10736696
56	79	Undirected	9.0	9751714
56	80	Undirected	4.0	11671346
56	95	Undirected	1.0	298236
56	105	Undirected	11.0	11825175
56	114	Undirected	4.0	4374408
57	59	Undirected	5.0	11736351
57	60	Undirected	17.0	27966980
57	61	Undirected	28.0	38545263
57	62	Undirected	4.0	7140248
57	64	Undirected	3.0	2005789
57	70	Undirected	8.0	13691914
57	71	Undirected	1.0	4056135
57	75	Undirected	2.0	2688475
57	76	Undirected	1.0	777199
57	77	Undirected	1.0	4115477
57	79	Undirected	4.0	2499989
57	80	Undirected	9.0	19437106
57	81	Undirected	1.0	1544199
57	82	Undirected	7.0	9595941
57	83	Undirected	16.0	29639763
57	84	Undirected	6.0	17720321
57	85	Undirected	8.0	30073192
57	86	Undirected	1.0	2251024
57	87	Undirected	3.0	7384784
57	88	Undirected	4.0	9318692
57	89	Undirected	1.0	211227
57	90	Undirected	7.0	6529226
57	91	Undirected	34.0	57034079
57	95	Undirected	1.0	1095170
57	96	Undirected	5.0	11536955
57	97	Undirected	3.0	11044762
57	99	Undirected	12.0	17501538
57	100	Undirected	8.0	7605997
57	102	Undirected	2.0	1414778
57	105	Undirected	5.0	3081413
57	106	Undirected	1.0	488017
57	108	Undirected	2.0	895781
57	110	Undirected	4.0	9106354
57	113	Undirected	1.0	966179
57	118	Undirected	1.0	100549
57	119	Undirected	2.0	1892589
58	101	Undirected	3.0	1040858
58	119	Undirected	3.0	557545
58	121	Undirected	3.0	14377472
59	60	Undirected	6.0	12644588
59	61	Undirected	2.0	1674410
59	62	Undirected	2.0	6229241
59	70	Undirected	2.0	477911
59	71	Undirected	2.0	850241
59	83	Undirected	1.0	61102
59	85	Undirected	2.0	9361985
59	90	Undirected	2.0	4657902
59	91	Undirected	6.0	6316021
59	94	Undirected	1.0	61102
59	104	Undirected	1.0	61102
59	108	Undirected	1.0	6168139
59	118	Undirected	1.0	822223
60	61	Undirected	4.0	9087785
60	62	Undirected	5.0	13982363
60	63	Undirected	1.0	1094685
60	65	Undirected	1.0	1094685
60	68	Undirected	2.0	600324
60	70	Undirected	2.0	1411889
60	71	Undirected	2.0	4845274
60	77	Undirected	1.0	256836
60	80	Undirected	1.0	2060466
60	82	Undirected	1.0	995080
60	83	Undirected	3.0	3891513
60	84	Undirected	2.0	2196333
60	85	Undirected	10.0	16639316
60	87	Undirected	4.0	14528535
60	90	Undirected	11.0	21253474
60	91	Undirected	1.0	995080
60	96	Undirected	2.0	1276122
60	99	Undirected	1.0	995080
60	100	Undirected	2.0	5419403
60	104	Undirected	1.0	12592
60	106	Undirected	1.0	12592
60	107	Undirected	1.0	6418295
60	108	Undirected	1.0	6168139
60	110	Undirected	2.0	943489
61	62	Undirected	6.0	9876641
61	70	Undirected	1.0	995080
61	71	Undirected	1.0	789139
61	76	Undirected	1.0	95699
61	77	Undirected	2.0	2237982
61	80	Undirected	1.0	1231298
61	82	Undirected	1.0	995080
61	84	Undirected	2.0	1095709
61	85	Undirected	12.0	27406817
61	87	Undirected	2.0	6481946
61	90	Undirected	2.0	6518924
61	91	Undirected	1.0	995080
61	96	Undirected	2.0	3324942
61	99	Undirected	1.0	995080
61	100	Undirected	2.0	564372
61	107	Undirected	2.0	6481946
61	108	Undirected	2.0	5862750
61	115	Undirected	3.0	426215
62	66	Undirected	1.0	715138
62	70	Undirected	5.0	16605413
62	71	Undirected	1.0	61102
62	75	Undirected	1.0	460998
62	77	Undirected	3.0	7343523
62	82	Undirected	2.0	899566
62	83	Undirected	7.0	7926157
62	85	Undirected	4.0	19899366
62	87	Undirected	16.0	64924957
62	90	Undirected	17.0	56083619
62	91	Undirected	2.0	654383
62	92	Undirected	1.0	715138
62	94	Undirected	1.0	61102
62	96	Undirected	1.0	12592
62	100	Undirected	1.0	1656509
62	102	Undirected	4.0	13531922
62	104	Undirected	3.0	534692
62	106	Undirected	1.0	12592
62	107	Undirected	5.0	17932899
62	108	Undirected	4.0	7628010
62	111	Undirected	1.0	6331952
62	112	Undirected	1.0	1114553
62	113	Undirected	2.0	1597284
62	120	Undirected	1.0	7073862
62	121	Undirected	1.0	7073862
63	64	Undirected	2.0	1282030
63	65	Undirected	5.0	9212494
63	66	Undirected	15.0	14014519
63	67	Undirected	1.0	1228231
63	68	Undirected	1.0	430833
63	76	Undirected	21.0	16771737
63	78	Undirected	9.0	9767767
63	79	Undirected	24.0	28888560
63	80	Undirected	3.0	8216450
63	87	Undirected	1.0	1094685
63	95	Undirected	1.0	298236
63	105	Undirected	22.0	19242906
63	114	Undirected	1.0	298236
64	66	Undirected	2.0	1282030
64	67	Undirected	4.0	1510137
64	76	Undirected	2.0	1282030
64	78	Undirected	2.0	1282030
64	79	Undirected	3.0	1533334
64	80	Undirected	11.0	18483256
64	91	Undirected	2.0	1544569
64	101	Undirected	1.0	6834903
64	105	Undirected	6.0	10348057
64	114	Undirected	4.0	1256137
64	115	Undirected	1.0	2262469
65	66	Undirected	3.0	7736798
65	68	Undirected	5.0	8040568
65	76	Undirected	8.0	21507484
65	78	Undirected	3.0	7736798
65	79	Undirected	9.0	18637533
65	80	Undirected	2.0	7586798
65	81	Undirected	1.0	461854
65	87	Undirected	1.0	1094685
65	105	Undirected	8.0	18934855
65	108	Undirected	1.0	501448
65	112	Undirected	1.0	592169
65	119	Undirected	1.0	491232
66	76	Undirected	8.0	9468288
66	78	Undirected	12.0	13645193
66	79	Undirected	9.0	10402777
66	80	Undirected	3.0	8216450
66	92	Undirected	1.0	715138
66	94	Undirected	1.0	866380
66	95	Undirected	2.0	192953
66	105	Undirected	7.0	10627230
66	108	Undirected	1.0	715138
67	76	Undirected	1.0	4142427
67	79	Undirected	1.0	1228231
67	80	Undirected	4.0	7786957
67	82	Undirected	1.0	5004658
67	83	Undirected	1.0	5004658
67	86	Undirected	4.0	7712844
67	92	Undirected	4.0	2342490
67	93	Undirected	1.0	841259
67	95	Undirected	1.0	5004658
67	98	Undirected	2.0	320753
67	100	Undirected	1.0	4183694
67	101	Undirected	5.0	9996082
67	105	Undirected	2.0	4545165
67	107	Undirected	1.0	5004658
67	114	Undirected	18.0	21386334
67	117	Undirected	10.0	11724858
68	71	Undirected	1.0	3210627
68	79	Undirected	3.0	2205125
68	82	Undirected	2.0	730081
68	90	Undirected	2.0	1309928
68	91	Undirected	1.0	896741
68	99	Undirected	5.0	6744906
68	100	Undirected	1.0	1219152
68	105	Undirected	2.0	2718240
68	112	Undirected	3.0	1107530
68	119	Undirected	1.0	491232
69	70	Undirected	6.0	9939675
69	71	Undirected	1.0	1255009
69	73	Undirected	1.0	477577
69	76	Undirected	1.0	582976
69	81	Undirected	1.0	4462097
69	82	Undirected	1.0	4462097
69	83	Undirected	2.0	9346691
69	86	Undirected	1.0	5032504
69	92	Undirected	2.0	9116350
69	97	Undirected	6.0	3576996
69	98	Undirected	2.0	6287513
69	99	Undirected	2.0	1611834
69	100	Undirected	1.0	4884594
69	101	Undirected	1.0	4081694
69	114	Undirected	6.0	7666126
69	117	Undirected	1.0	4081694
69	118	Undirected	2.0	1302526
70	71	Undirected	2.0	81021
70	81	Undirected	1.0	7190025
70	82	Undirected	4.0	13823006
70	83	Undirected	11.0	21859210
70	84	Undirected	1.0	995080
70	85	Undirected	2.0	5915286
70	87	Undirected	5.0	17802664
70	89	Undirected	1.0	19919
70	90	Undirected	1.0	4145262
70	91	Undirected	1.0	995080
70	94	Undirected	1.0	61102
70	95	Undirected	3.0	7825945
70	97	Undirected	4.0	1586524
70	99	Undirected	1.0	995080
70	100	Undirected	2.0	4904513
70	104	Undirected	2.0	6443263
71	83	Undirected	3.0	1139437
71	84	Undirected	1.0	913558
71	85	Undirected	3.0	3514647
71	89	Undirected	1.0	19919
71	90	Undirected	4.0	850867
71	91	Undirected	6.0	7808920
71	94	Undirected	1.0	61102
71	98	Undirected	1.0	1255009
71	100	Undirected	5.0	6847518
71	104	Undirected	1.0	61102
71	110	Undirected	3.0	5681364
72	101	Undirected	2.0	9218742
72	115	Undirected	1.0	5930480
72	117	Undirected	1.0	3253414
73	74	Undirected	4.0	4883290
73	118	Undirected	2.0	1266091
74	92	Undirected	3.0	1019739
74	101	Undirected	3.0	1019739
74	103	Undirected	3.0	1622871
74	105	Undirected	1.0	939908
75	82	Undirected	1.0	101062
75	83	Undirected	2.0	562060
75	87	Undirected	3.0	2963954
75	95	Undirected	1.0	5296044
75	97	Undirected	2.0	1010101
75	102	Undirected	1.0	460998
75	104	Undirected	4.0	6600443
75	113	Undirected	2.0	5395749
76	78	Undirected	8.0	9468288
76	79	Undirected	19.0	31501403
76	80	Undirected	3.0	8216450
76	85	Undirected	1.0	3768933
76	87	Undirected	1.0	2551402
76	105	Undirected	18.0	39153719
77	82	Undirected	1.0	12825
77	83	Undirected	1.0	256836
77	85	Undirected	3.0	788831
77	87	Undirected	2.0	269661
77	100	Undirected	1.0	530918
77	102	Undirected	1.0	7073862
77	107	Undirected	1.0	12825
77	120	Undirected	3.0	9828596
77	121	Undirected	1.0	7073862
78	79	Undirected	9.0	10402777
78	80	Undirected	3.0	8216450
78	105	Undirected	6.0	9168828
79	80	Undirected	3.0	8216450
79	85	Undirected	3.0	1692490
79	97	Undirected	1.0	99345
79	105	Undirected	20.0	33959819
80	86	Undirected	1.0	3489111
80	90	Undirected	1.0	2931366
80	91	Undirected	4.0	8196238
80	99	Undirected	1.0	5871323
80	101	Undirected	2.0	10324014
80	105	Undirected	7.0	17282477
80	114	Undirected	6.0	8498596
80	115	Undirected	4.0	5248642
80	117	Undirected	2.0	3884333
81	82	Undirected	9.0	29211126
81	83	Undirected	10.0	36068918
81	93	Undirected	1.0	4875659
81	97	Undirected	4.0	5941112
81	98	Undirected	5.0	11458369
81	100	Undirected	1.0	4259176
81	102	Undirected	1.0	4259176
82	83	Undirected	13.0	49409164
82	84	Undirected	1.0	995080
82	85	Undirected	1.0	995080
82	87	Undirected	8.0	16407055
82	88	Undirected	3.0	2704025
82	91	Undirected	1.0	995080
82	93	Undirected	3.0	10931377
82	95	Undirected	2.0	9880688
82	97	Undirected	2.0	3250206
82	98	Undirected	1.0	3034323
82	99	Undirected	1.0	995080
82	100	Undirected	2.0	5274806
82	102	Undirected	1.0	4259176
82	107	Undirected	2.0	5017483
82	114	Undirected	1.0	5004658
83	87	Undirected	15.0	29351197
83	89	Undirected	1.0	211227
83	90	Undirected	1.0	823184
83	91	Undirected	2.0	3097215
83	93	Undirected	2.0	5880661
83	94	Undirected	1.0	61102
83	95	Undirected	4.0	7543612
83	97	Undirected	1.0	215883
83	98	Undirected	1.0	1344142
83	100	Undirected	2.0	9143770
83	102	Undirected	6.0	12353589
83	104	Undirected	2.0	522100
83	107	Undirected	1.0	5004658
83	114	Undirected	1.0	5004658
84	85	Undirected	1.0	995080
84	90	Undirected	3.0	4895562
84	91	Undirected	9.0	24005272
84	99	Undirected	1.0	995080
84	100	Undirected	1.0	763902
84	108	Undirected	1.0	100629
85	87	Undirected	2.0	12074718
85	88	Undirected	2.0	8666093
85	90	Undirected	1.0	7154512
85	91	Undirected	1.0	995080
85	99	Undirected	2.0	2983472
85	100	Undirected	5.0	6224347
85	105	Undirected	1.0	769539
85	106	Undirected	3.0	3030741
85	108	Undirected	1.0	6168139
86	91	Undirected	1.0	2251024
86	92	Undirected	2.0	40039
86	98	Undirected	3.0	5979106
86	100	Undirected	2.0	5134097
86	101	Undirected	4.0	8440767
86	114	Undirected	3.0	9269392
86	117	Undirected	7.0	8255061
86	120	Undirected	1.0	342884
87	88	Undirected	1.0	5123946
87	89	Undirected	3.0	4787842
87	90	Undirected	15.0	59438589
87	93	Undirected	5.0	8611505
87	95	Undirected	4.0	6582143
87	97	Undirected	1.0	4012827
87	100	Undirected	1.0	100554
87	102	Undirected	1.0	460998
87	104	Undirected	3.0	575287
87	107	Undirected	5.0	15535041
87	111	Undirected	3.0	11828273
87	112	Undirected	1.0	355949
87	113	Undirected	1.0	4644894
88	89	Undirected	1.0	697864
88	95	Undirected	5.0	6073895
88	97	Undirected	2.0	356179
88	107	Undirected	1.0	101608
89	90	Undirected	1.0	4644894
89	100	Undirected	1.0	19919
89	104	Undirected	1.0	43571
89	108	Undirected	2.0	1145264
89	113	Undirected	1.0	4644894
90	91	Undirected	8.0	20158831
90	98	Undirected	1.0	811642
90	104	Undirected	1.0	811642
90	107	Undirected	3.0	11994778
90	108	Undirected	7.0	3156280
90	110	Undirected	2.0	758164
90	111	Undirected	2.0	699515
90	112	Undirected	4.0	7331084
90	113	Undirected	6.0	6889171
90	119	Undirected	1.0	395371
91	96	Undirected	3.0	10777342
91	99	Undirected	1.0	995080
91	100	Undirected	1.0	756016
91	110	Undirected	7.0	20297542
91	111	Undirected	1.0	7492223
91	112	Undirected	6.0	18763045
91	113	Undirected	1.0	966179
91	119	Undirected	2.0	1965421
91	121	Undirected	1.0	572579
92	98	Undirected	1.0	20185
92	101	Undirected	22.0	24575393
92	108	Undirected	1.0	715138
92	114	Undirected	19.0	28453564
92	117	Undirected	37.0	33411821
93	94	Undirected	1.0	74174
93	95	Undirected	8.0	11045544
93	107	Undirected	1.0	2711070
93	114	Undirected	2.0	1888971
94	95	Undirected	2.0	5214297
94	102	Undirected	1.0	147434
94	104	Undirected	1.0	61102
94	107	Undirected	2.0	4162158
95	104	Undirected	8.0	21067715
95	107	Undirected	4.0	10169681
95	111	Undirected	1.0	595238
95	113	Undirected	2.0	5891282
95	114	Undirected	4.0	5923880
96	104	Undirected	1.0	12592
96	106	Undirected	2.0	5845233
96	109	Undirected	1.0	1223982
96	115	Undirected	1.0	5832641
96	119	Undirected	2.0	6598620
96	120	Undirected	1.0	5374638
97	98	Undirected	13.0	10881916
98	101	Undirected	1.0	20185
98	104	Undirected	1.0	811642
98	107	Undirected	1.0	811642
98	108	Undirected	1.0	811642
98	114	Undirected	1.0	5032504
98	117	Undirected	1.0	20185
99	100	Undirected	10.0	14121381
99	101	Undirected	1.0	1782704
99	111	Undirected	1.0	3693477
99	117	Undirected	6.0	2852796
99	118	Undirected	3.0	1401871
100	101	Undirected	1.0	4183694
100	102	Undirected	1.0	4259176
100	106	Undirected	3.0	2700882
100	109	Undirected	1.0	5782838
100	111	Undirected	1.0	3693477
100	113	Undirected	2.0	1060300
100	117	Undirected	1.0	4183694
100	118	Undirected	1.0	100549
101	105	Undirected	2.0	663437
101	114	Undirected	10.0	22925519
101	115	Undirected	3.0	806020
101	117	Undirected	30.0	38212959
102	104	Undirected	1.0	460998
102	120	Undirected	1.0	7073862
102	121	Undirected	1.0	7073862
104	106	Undirected	1.0	12592
104	107	Undirected	6.0	7092883
104	108	Undirected	1.0	811642
104	113	Undirected	1.0	5296044
105	114	Undirected	1.0	361972
105	115	Undirected	1.0	4062954
105	117	Undirected	3.0	1066175
105	119	Undirected	1.0	1395661
105	120	Undirected	1.0	1395661
106	115	Undirected	2.0	8943564
106	119	Undirected	1.0	3110923
107	108	Undirected	1.0	811642
107	111	Undirected	2.0	617084
107	114	Undirected	1.0	5004658
108	111	Undirected	1.0	1229895
108	112	Undirected	1.0	545920
108	113	Undirected	4.0	2125694
108	119	Undirected	1.0	395371
109	115	Undirected	4.0	12475089
109	119	Undirected	1.0	1223982
109	120	Undirected	2.0	1931854
110	112	Undirected	1.0	4563820
110	117	Undirected	1.0	4353851
110	119	Undirected	3.0	11965303
111	112	Undirected	6.0	18011198
111	113	Undirected	6.0	12828944
112	113	Undirected	5.0	19597815
114	115	Undirected	1.0	395222
114	117	Undirected	33.0	30906594
115	117	Undirected	1.0	395222
115	119	Undirected	1.0	3110923
115	120	Undirected	2.0	7052903
119	120	Undirected	2.0	6770299
120	121	Undirected	1.0	7073862
