"acoustics","numerical analysis","2","£1,600,958.00"
"numerical analysis","water engineering","1","£100,020.00"
"acoustics","eng. dynamics & tribology","4","£7,588,630.00"
"control engineering","eng. dynamics & tribology","2","£4,764,013.00"
"eng. dynamics & tribology","non-linear systems mathematics","1","£3,768,933.00"
"acoustics","high performance computing","2","£1,050,359.00"
"complexity science","high performance computing","2","£985,455.00"
"high performance computing","mathematical analysis","1","£477,780.00"
"acoustics","microsystems","2","£2,320,538.00"
"acoustics","aerodynamics","9","£3,719,996.00"
"aerodynamics","design engineering","5","£1,225,284.00"
"acoustics","design engineering","5","£1,225,284.00"
"acoustics","combustion","2","£2,073,517.00"
"aerodynamics","eng. dynamics & tribology","1","£1,500,938.00"
"combustion","eng. dynamics & tribology","1","£1,500,938.00"
"eng. dynamics & tribology","numerical analysis","1","£1,500,938.00"
"acoustics","materials testing & eng.","1","£493,563.00"
"aerodynamics","combustion","4","£2,568,070.00"
"acoustics","electronic devices & subsys.","1","£307,559.00"
"electronic devices & subsys.","instrumentation eng. & dev.","1","£307,559.00"
"instrumentation eng. & dev.","microsystems","3","£2,418,350.00"
"particle technology","rheology","3","£888,826.00"
"acoustics","rheology","2","£544,759.00"
"food structure/composition","particle technology","1","£402,178.00"
"acoustics","control engineering","2","£3,914,468.00"
"aerodynamics","control engineering","2","£244,076.00"
"control engineering","robotics & autonomy","14","£26,949,442.00"
"robotics & autonomy","underwater engineering","2","£5,840,177.00"
"combustion","heat & mass transfer","2","£768,943.00"
"aerodynamics","materials processing","1","£1,363,268.00"
"aerodynamics","med.instrument.device& equip.","1","£1,363,268.00"
"instrumentation eng. & dev.","materials testing & eng.","6","£6,454,938.00"
"materials processing","med.instrument.device& equip.","3","£1,963,592.00"
"aerodynamics","fluid dynamics","4","£8,693,316.00"
"fluid dynamics","microsystems","6","£7,595,937.00"
"aerodynamics","design & testing technology","1","£99,395.00"
"design & testing technology","heat & mass transfer","1","£99,395.00"
"aerodynamics","heat & mass transfer","4","£1,566,605.00"
"aerodynamics","fusion","1","£279,240.00"
"aerodynamics","plasmas - technological","1","£279,240.00"
"fusion","plasmas - technological","2","£405,235.00"
"aerodynamics","construction ops & management","1","£722,190.00"
"aerodynamics","urban & land management","2","£4,895,324.00"
"transport ops & management","urban & land management","8","£18,137,248.00"
"aerodynamics","continuum mechanics","8","£11,681,616.00"
"continuum mechanics","high performance computing","2","£1,166,963.00"
"ageing: chemistry/biochemistry","analytical science","1","£475,926.00"
"algebra & geometry","continuum mechanics","11","£11,360,653.00"
"algebra & geometry","mathematical analysis","26","£17,762,102.00"
"algebra & geometry","non-linear systems mathematics","10","£13,519,529.00"
"continuum mechanics","logic & combinatorics","8","£9,468,288.00"
"continuum mechanics","mathematical physics","8","£9,468,288.00"
"continuum mechanics","numerical analysis","16","£21,917,329.00"
"logic & combinatorics","mathematical physics","10","£10,371,620.00"
"logic & combinatorics","numerical analysis","9","£9,751,714.00"
"mathematical analysis","non-linear systems mathematics","22","£16,931,193.00"
"mathematical physics","non-linear systems mathematics","8","£9,468,288.00"
"non-linear systems mathematics","numerical analysis","24","£36,288,732.00"
"algebra & geometry","mathematical physics","28","£24,811,734.00"
"algebra & geometry","numerical analysis","13","£14,735,366.00"
"algebra & geometry","quantum optics & information","1","£298,236.00"
"fundamentals of computing","mathematical analysis","2","£1,526,467.00"
"logic & combinatorics","mathematical analysis","11","£11,716,385.00"
"algebra & geometry","logic & combinatorics","24","£14,190,064.00"
"logic & combinatorics","mathematical aspects of or","5","£12,323,724.00"
"logic & combinatorics","statistics & appl. probability","11","£11,825,175.00"
"mathematical analysis","mathematical physics","15","£14,014,519.00"
"mathematical aspects of or","mathematical physics","4","£8,868,828.00"
"mathematical aspects of or","numerical analysis","5","£9,120,132.00"
"mathematical physics","numerical analysis","9","£10,402,777.00"
"algebra & geometry","statistics & appl. probability","13","£18,610,395.00"
"algebra & geometry","biophysics","1","£1,171,149.00"
"biophysics","complex fluids & soft solids","9","£15,998,501.00"
"biophysics","statistics & appl. probability","2","£4,163,446.00"
"complex fluids & soft solids","statistics & appl. probability","2","£6,639,817.00"
"mathematical analysis","statistics & appl. probability","23","£19,402,362.00"
"algebra & geometry","mathematical aspects of or","4","£8,868,828.00"
"continuum mechanics","non-linear systems mathematics","27","£26,573,131.00"
"mathematical analysis","numerical analysis","26","£29,419,173.00"
"non-linear systems mathematics","statistics & appl. probability","24","£51,363,353.00"
"continuum mechanics","mathematical aspects of or","4","£8,868,828.00"
"logic & combinatorics","theoretical biology","1","£1,629,559.00"
"mathematical analysis","theoretical biology","1","£1,629,559.00"
"mathematical aspects of or","statistics & appl. probability","8","£17,934,855.00"
"non-linear systems mathematics","theoretical biology","2","£7,826,723.00"
"numerical analysis","theoretical biology","1","£1,629,559.00"
"algebra & geometry","manufacturing machine & plant","2","£876,014.00"
"continuum mechanics","statistics & appl. probability","11","£18,733,457.00"
"algebra & geometry","information & knowledge mgmt","1","£1,218,040.00"
"continuum mechanics","mathematical analysis","12","£10,824,684.00"
"logic & combinatorics","non-linear systems mathematics","8","£9,468,288.00"
"chemical structure","instrumentation eng. & dev.","2","£2,281,703.00"
"analytical science","biomedical sciences","1","£188,407.00"
"analytical science","chemical synthetic methodology","9","£11,024,521.00"
"analytical science","materials synthesis & growth","3","£6,171,103.00"
"chemical synthetic methodology","materials synthesis & growth","10","£32,730,181.00"
"analytical science","instrumentation eng. & dev.","19","£19,551,621.00"
"analytical science","drug formulation & delivery","2","£1,023,588.00"
"analytical science","catalysis & applied catalysis","7","£4,119,461.00"
"chemical synthetic methodology","separation processes","1","£564,726.00"
"analytical science","electrochemical science & eng.","4","£1,855,199.00"
"electrochemical science & eng.","instrumentation eng. & dev.","1","£629,902.00"
"analytical science","chemical biology","14","£34,952,742.00"
"biological & medicinal chem.","chemical synthetic methodology","10","£16,042,856.00"
"analytical science","bioinformatics","5","£27,674,019.00"
"analytical science","genomics","3","£14,996,153.00"
"analytical science","statistics & appl. probability","3","£13,168,026.00"
"bioinformatics","biological & medicinal chem.","3","£17,357,174.00"
"bioinformatics","genomics","5","£24,454,128.00"
"bioinformatics","statistics & appl. probability","3","£15,644,397.00"
"biological & medicinal chem.","chemical biology","6","£23,568,947.00"
"biological & medicinal chem.","statistics & appl. probability","2","£10,175,729.00"
"chemical biology","genomics","4","£20,464,821.00"
"chemical biology","statistics & appl. probability","3","£15,644,397.00"
"genomics","medical science & disease","3","£15,644,397.00"
"genomics","theoretical biology","3","£15,644,397.00"
"medical science & disease","theoretical biology","4","£20,335,521.00"
"analytical science","bioelectronic devices","1","£4,884,594.00"
"analytical science","electronic devices & subsys.","2","£9,804,800.00"
"bioelectronic devices","chemical structure","1","£4,884,594.00"
"bioelectronic devices","optoelect. devices & circuits","3","£16,333,795.00"
"chemical structure","optoelect. devices & circuits","1","£4,884,594.00"
"analytical science","biomaterials","2","£8,423,103.00"
"analytical science","med.instrument.device& equip.","5","£14,362,004.00"
"biomaterials","image & vision computing","1","£3,502,897.00"
"chemical biology","image & vision computing","2","£10,684,342.00"
"image & vision computing","med.instrument.device& equip.","5","£13,723,658.00"
"instrumentation eng. & dev.","optical devices & subsystems","4","£2,697,407.00"
"analytical science","optical devices & subsystems","4","£11,111,182.00"
"catalysis & applied catalysis","electrochemical science & eng.","9","£11,608,690.00"
"catalysis & applied catalysis","materials characterisation","10","£13,944,001.00"
"electrochemical science & eng.","materials characterisation","4","£7,295,328.00"
"analytical science","chemical structure","7","£14,899,087.00"
"biophysics","information & knowledge mgmt","1","£2,992,297.00"
"analytical science","biological & medicinal chem.","7","£20,807,442.00"
"bioinformatics","theoretical biology","3","£15,644,397.00"
"biological & medicinal chem.","theoretical biology","2","£10,175,729.00"
"genomics","statistics & appl. probability","3","£15,644,397.00"
"analytical science","gas & solution phase reactions","6","£7,860,875.00"
"analytical science","asymmetric chemistry","1","£708,512.00"
"bioinformatics","chemical biology","6","£33,142,687.00"
"bioinformatics","image & vision computing","1","£7,181,445.00"
"bioinformatics","tissue engineering","3","£18,345,191.00"
"biological & medicinal chem.","image & vision computing","1","£7,181,445.00"
"biological & medicinal chem.","tissue engineering","1","£7,181,445.00"
"biomedical neuroscience","image & vision computing","1","£7,181,445.00"
"biomedical neuroscience","tissue engineering","1","£7,181,445.00"
"chemical biology","tissue engineering","1","£7,181,445.00"
"med.instrument.device& equip.","tissue engineering","11","£37,653,933.00"
"biophysics","chemical biology","2","£407,583.00"
"chemical biology","chemical synthetic methodology","4","£3,431,653.00"
"analytical science","image & vision computing","3","£11,903,494.00"
"analytical science","carbohydrate chemistry","1","£920,060.00"
"analytical science","materials testing & eng.","1","£4,920,206.00"
"biomaterials","materials testing & eng.","4","£8,214,017.00"
"chemical synthetic methodology","instrumentation eng. & dev.","4","£4,852,000.00"
"analytical science","co-ordination chemistry","3","£1,300,922.00"
"co-ordination chemistry","surfaces & interfaces","2","£2,114,959.00"
"catalysis & applied catalysis","gas & solution phase reactions","14","£19,243,485.00"
"analytical science","surfaces & interfaces","4","£4,642,892.00"
"analytical science","tissue engineering","2","£7,686,709.00"
"instrumentation eng. & dev.","med.instrument.device& equip.","7","£14,467,820.00"
"analytical science","materials processing","1","£204,437.00"
"catalysis & applied catalysis","light-matter interactions","1","£204,437.00"
"catalysis & applied catalysis","optoelect. devices & circuits","1","£204,437.00"
"light-matter interactions","optoelect. devices & circuits","1","£204,437.00"
"animal behaviour","artificial intelligence","1","£506,361.00"
"animal behaviour","music & acoustic technology","1","£506,361.00"
"artificial intelligence","music & acoustic technology","7","£6,765,276.00"
"animal organisms","coastal & waterway engineering","1","£1,581,410.00"
"animal organisms","earth & environmental","1","£1,581,410.00"
"coastal & waterway engineering","earth & environmental","1","£1,581,410.00"
"applied arts htp","computer graphics & visual.","1","£6,358,107.00"
"applied arts htp","digital arts htp","1","£6,358,107.00"
"applied arts htp","new media/web-based studies","1","£6,358,107.00"
"computer graphics & visual.","digital art & design","3","£18,027,370.00"
"computer graphics & visual.","multimedia","3","£17,710,748.00"
"computer graphics & visual.","time-based media htp","1","£6,358,107.00"
"digital art & design","multimedia","2","£12,062,042.00"
"digital art & design","time-based media htp","1","£6,358,107.00"
"digital arts htp","new media/web-based studies","2","£12,062,042.00"
"multimedia","new media/web-based studies","3","£18,058,398.00"
"new media/web-based studies","time-based media htp","1","£6,358,107.00"
"artificial intelligence","complexity science","4","£15,159,594.00"
"artificial intelligence","information & knowledge mgmt","34","£55,526,686.00"
"artificial intelligence","medical science & disease","3","£15,255,102.00"
"artificial intelligence","population ecology","1","£6,531,178.00"
"chemical structure","complexity science","1","£6,531,178.00"
"chemical structure","information & knowledge mgmt","1","£6,531,178.00"
"chemical structure","medical science & disease","1","£6,531,178.00"
"chemical structure","population ecology","1","£6,531,178.00"
"complexity science","fluid dynamics","1","£6,531,178.00"
"complexity science","materials characterisation","1","£6,531,178.00"
"complexity science","pollution","1","£6,531,178.00"
"complexity science","quantum optics & information","1","£6,531,178.00"
"fluid dynamics","materials characterisation","2","£10,472,194.00"
"fluid dynamics","pollution","1","£6,531,178.00"
"fluid dynamics","quantum optics & information","1","£6,531,178.00"
"information & knowledge mgmt","medical science & disease","2","£11,999,846.00"
"information & knowledge mgmt","population ecology","2","£11,999,846.00"
"materials characterisation","medical science & disease","2","£10,472,194.00"
"materials characterisation","population ecology","1","£6,531,178.00"
"medical science & disease","pollution","1","£6,531,178.00"
"medical science & disease","quantum optics & information","1","£6,531,178.00"
"pollution","quantum optics & information","1","£6,531,178.00"
"artificial intelligence","comput./corpus linguistics","14","£6,931,002.00"
"comput./corpus linguistics","human-computer interactions","2","£1,527,980.00"
"artificial intelligence","human-computer interactions","35","£65,100,381.00"
"bioinformatics","information & knowledge mgmt","4","£7,114,417.00"
"human-computer interactions","information & knowledge mgmt","60","£77,477,720.00"
"information & knowledge mgmt","robotics & autonomy","6","£11,510,410.00"
"artificial intelligence","robotics & autonomy","19","£27,002,364.00"
"human-computer interactions","robotics & autonomy","12","£17,263,174.00"
"artificial intelligence","image & vision computing","22","£45,713,140.00"
"image & vision computing","robotics & autonomy","11","£9,793,403.00"
"artificial intelligence","control engineering","7","£25,067,641.00"
"control engineering","image & vision computing","2","£1,611,834.00"
"artificial intelligence","psychology","2","£1,129,607.00"
"artificial intelligence","statistics & appl. probability","17","£70,537,278.00"
"comput./corpus linguistics","statistics & appl. probability","1","£939,908.00"
"human-computer interactions","music & acoustic technology","6","£17,020,604.00"
"digital signal processing","statistics & appl. probability","2","£794,030.00"
"artificial intelligence","new & emerging comp. paradigms","5","£16,755,477.00"
"complexity science","new & emerging comp. paradigms","2","£7,584,967.00"
"complexity science","statistics & appl. probability","10","£23,937,413.00"
"new & emerging comp. paradigms","statistics & appl. probability","2","£7,584,967.00"
"fundamentals of computing","robotics & autonomy","4","£1,691,986.00"
"cognitive psychology","human-computer interactions","2","£1,216,924.00"
"artificial intelligence","digital art & design","1","£438,505.00"
"cognitive science appl. in ict","digital art & design","1","£438,505.00"
"cognitive science appl. in ict","human-computer interactions","4","£6,277,501.00"
"digital art & design","human-computer interactions","3","£12,107,768.00"
"artificial intelligence","computer graphics & visual.","5","£14,855,164.00"
"computer graphics & visual.","image & vision computing","14","£31,735,784.00"
"computer graphics & visual.","statistics & appl. probability","2","£2,407,837.00"
"image & vision computing","statistics & appl. probability","1","£1,430,004.00"
"artificial intelligence","criminal law & criminology","2","£4,003,142.00"
"artificial intelligence","fundamentals of computing","27","£41,022,206.00"
"criminal law & criminology","information & knowledge mgmt","2","£4,003,142.00"
"criminology","fundamentals of computing","3","£2,088,056.00"
"criminology","networks & distributed systems","5","£5,080,147.00"
"fundamentals of computing","networks & distributed systems","35","£43,196,709.00"
"artificial intelligence","electronic devices & subsys.","3","£6,092,254.00"
"artificial intelligence","networks & distributed systems","15","£52,207,651.00"
"control engineering","fundamentals of computing","3","£9,611,420.00"
"control engineering","mobile computing","3","£9,559,082.00"
"control engineering","rf & microwave technology","1","£5,032,504.00"
"electronic devices & subsys.","information & knowledge mgmt","1","£5,032,504.00"
"electronic devices & subsys.","networks & distributed systems","2","£9,114,198.00"
"fundamentals of computing","information & knowledge mgmt","16","£34,046,112.00"
"information & knowledge mgmt","mobile computing","31","£49,895,992.00"
"information & knowledge mgmt","rf & microwave technology","1","£5,032,504.00"
"mobile computing","rf & microwave technology","3","£5,979,106.00"
"artificial intelligence","mathematical aspects of or","3","£9,674,434.00"
"fundamentals of computing","mathematical aspects of or","6","£11,799,936.00"
"mathematical aspects of or","software engineering","1","£6,834,903.00"
"artificial intelligence","social policy","1","£845,177.00"
"human-computer interactions","media & communication studies","2","£6,549,112.00"
"human-computer interactions","social psychology","2","£1,494,161.00"
"information & knowledge mgmt","social policy","3","£1,942,868.00"
"media & communication studies","social policy","1","£845,177.00"
"social policy","social psychology","1","£845,177.00"
"comput./corpus linguistics","music & acoustic technology","1","£309,242.00"
"artificial intelligence","developmental psychology","1","£559,077.00"
"developmental psychology","human communication in ict","1","£559,077.00"
"developmental psychology","robotics & autonomy","1","£559,077.00"
"human communication in ict","robotics & autonomy","3","£1,626,404.00"
"image & vision computing","information & knowledge mgmt","3","£868,020.00"
"artificial intelligence","software engineering","16","£23,881,400.00"
"economics","networks & distributed systems","1","£7,516,737.00"
"economics","statistics & appl. probability","1","£7,516,737.00"
"human-computer interactions","networks & distributed systems","27","£56,902,485.00"
"human-computer interactions","statistics & appl. probability","2","£11,579,691.00"
"management & business studies","software engineering","1","£7,516,737.00"
"networks & distributed systems","software engineering","14","£39,790,278.00"
"software engineering","statistics & appl. probability","2","£8,079,826.00"
"artificial intelligence","multimedia","1","£5,996,356.00"
"artificial intelligence","social anthropology","1","£5,996,356.00"
"information & knowledge mgmt","multimedia","1","£5,996,356.00"
"information & knowledge mgmt","new media/web-based studies","1","£5,996,356.00"
"media & communication studies","multimedia","2","£11,700,291.00"
"media & communication studies","new media/web-based studies","2","£11,700,291.00"
"multimedia","networks & distributed systems","2","£11,700,291.00"
"networks & distributed systems","new media/web-based studies","2","£11,700,291.00"
"new media/web-based studies","social anthropology","1","£5,996,356.00"
"computer graphics & visual.","human-computer interactions","18","£42,318,261.00"
"human-computer interactions","image & vision computing","13","£38,051,800.00"
"artificial intelligence","optoelect. devices & circuits","1","£5,004,658.00"
"condensed matter physics","fundamentals of computing","1","£5,004,658.00"
"condensed matter physics","optoelect. devices & circuits","1","£5,004,658.00"
"fundamentals of computing","optical devices & subsystems","1","£5,004,658.00"
"fundamentals of computing","quantum optics & information","2","£5,302,894.00"
"optoelect. devices & circuits","quantum optics & information","6","£13,090,721.00"
"information & knowledge mgmt","statistics & appl. probability","6","£18,880,503.00"
"biomechanics & rehabilitation","robotics & autonomy","7","£9,652,596.00"
"artificial intelligence","fluid dynamics","2","£10,472,194.00"
"artificial intelligence","underwater engineering","1","£5,741,636.00"
"control engineering","underwater engineering","2","£5,840,177.00"
"image & vision computing","networks & distributed systems","5","£22,691,269.00"
"networks & distributed systems","rf & microwave technology","16","£33,170,070.00"
"biomechanics & rehabilitation","human-computer interactions","4","£11,295,114.00"
"biomechanics & rehabilitation","networks & distributed systems","1","£507,337.00"
"image & vision computing","manufact. enterprise ops& mgmt","1","£507,337.00"
"manufact. enterprise ops& mgmt","robotics & autonomy","4","£9,362,132.00"
"artificial intelligence","medical imaging","1","£98,669.00"
"medical imaging","parallel computing","2","£451,582.00"
"artificial intelligence","design engineering","1","£4,062,954.00"
"artificial intelligence","transport ops & management","5","£7,131,443.00"
"design engineering","human-computer interactions","3","£10,178,178.00"
"design engineering","networks & distributed systems","2","£10,028,282.00"
"design engineering","transport ops & management","2","£9,993,434.00"
"human communication in ict","information & knowledge mgmt","11","£14,710,000.00"
"human communication in ict","statistics & appl. probability","1","£4,062,954.00"
"human-computer interactions","transport ops & management","2","£7,973,877.00"
"information & knowledge mgmt","transport ops & management","3","£13,904,357.00"
"networks & distributed systems","transport ops & management","3","£11,418,482.00"
"artificial intelligence","computational linguistics","1","£340,421.00"
"human-computer interactions","new & emerging comp. paradigms","2","£4,816,659.00"
"artificial intelligence","criminology","2","£4,003,142.00"
"behavioural & experimental eco","criminology","1","£1,975,496.00"
"behavioural & experimental eco","international law","1","£1,975,496.00"
"criminal law & criminology","criminology","3","£5,019,737.00"
"criminology","information & knowledge mgmt","3","£4,022,996.00"
"information & knowledge mgmt","networks & distributed systems","33","£67,139,031.00"
"artificial intelligence","cognitive science appl. in ict","3","£5,321,637.00"
"biomedical neuroscience","human-computer interactions","2","£5,075,939.00"
"biomedical neuroscience","new & emerging comp. paradigms","1","£4,782,908.00"
"cognitive science appl. in ict","medical science & disease","1","£4,782,908.00"
"cognitive science appl. in ict","vision & senses - ict appl.","1","£4,782,908.00"
"human-computer interactions","vision & senses - ict appl.","4","£7,253,065.00"
"medical science & disease","vision & senses - ict appl.","1","£4,782,908.00"
"fundamentals of computing","software engineering","35","£44,298,052.00"
"artificial intelligence","computer sys. & architecture","2","£2,724,182.00"
"computer sys. & architecture","parallel computing","4","£10,619,480.00"
"information & knowledge mgmt","parallel computing","1","£2,203,028.00"
"parallel computing","software engineering","4","£10,529,925.00"
"artificial intelligence","knowledge management","1","£662,804.00"
"networks & distributed systems","statistics & appl. probability","5","£13,839,998.00"
"modelling & simul. of it sys.","software engineering","5","£14,907,434.00"
"robotics & autonomy","software engineering","3","£3,531,392.00"
"comput./corpus linguistics","human communication in ict","1","£603,425.00"
"cognitive psychology","cognitive science appl. in ict","1","£100,224.00"
"cognitive science appl. in ict","music & acoustic technology","1","£100,224.00"
"social psychology","software engineering","4","£2,665,985.00"
"artificial intelligence","social psychology","4","£1,854,319.00"
"fundamentals of computing","mobile computing","11","£14,549,656.00"
"electronic devices & subsys.","fundamentals of computing","4","£6,659,458.00"
"artificial intelligence","science & technology studies","1","£2,667,741.00"
"information & knowledge mgmt","science & technology studies","1","£2,667,741.00"
"comput./corpus linguistics","software engineering","1","£375,602.00"
"bioinformatics","fundamentals of computing","1","£4,353,851.00"
"bioinformatics","new & emerging comp. paradigms","1","£4,353,851.00"
"networks & distributed systems","new & emerging comp. paradigms","1","£4,353,851.00"
"artificial intelligence","human communication in ict","6","£5,666,353.00"
"artificial intelligence","vision & senses - ict appl.","6","£7,917,262.00"
"artificial intelligence","cognitive psychology","6","£2,360,562.00"
"cognitive psychology","vision & senses - ict appl.","4","£2,052,238.00"
"artificial intelligence","non-linear systems mathematics","2","£7,584,967.00"
"assess/remediate contamination","waste management","1","£2,488,954.00"
"assess/remediate contamination","combustion","1","£931,604.00"
"asymmetric chemistry","chemical synthetic methodology","4","£10,722,491.00"
"chemical synthetic methodology","physical organic chemistry","5","£4,093,416.00"
"asymmetric chemistry","co-ordination chemistry","1","£355,949.00"
"asymmetric chemistry","materials synthesis & growth","1","£355,949.00"
"co-ordination chemistry","materials synthesis & growth","7","£8,545,542.00"
"asymmetric chemistry","catalysis & applied catalysis","6","£2,267,905.00"
"asymmetric chemistry","microsystems","1","£413,899.00"
"catalysis & applied catalysis","microsystems","5","£12,068,635.00"
"atoms & ions","fusion","1","£326,261.00"
"fusion","plasmas - laser & fusion","6","£2,396,747.00"
"lasers & optics","light-matter interactions","2","£2,747,913.00"
"atoms & ions","plasmas - laser & fusion","5","£1,202,875.00"
"cold atomic species","light-matter interactions","7","£15,778,752.00"
"biochemical engineering","fuel cell technologies","1","£4,980,773.00"
"building ops & management","fuel cell technologies","1","£4,980,773.00"
"fuel cell technologies","water engineering","1","£4,980,773.00"
"biochemical engineering","manufacturing machine & plant","3","£10,547,751.00"
"biochemical engineering","macro-molecular delivery","1","£1,047,150.00"
"macro-molecular delivery","manufact. enterprise ops& mgmt","1","£1,047,150.00"
"biochemical engineering","design of process systems","2","£6,123,065.00"
"bioprocess engineering","manufacturing machine & plant","14","£15,383,267.00"
"biochemical engineering","bioprocess engineering","2","£6,123,065.00"
"bioelectronic devices","biomechanics & rehabilitation","1","£240,010.00"
"biomechanics & rehabilitation","med.instrument.device& equip.","12","£23,527,322.00"
"bioelectronic devices","optical communications","2","£11,449,201.00"
"electronic devices & subsys.","optical communications","3","£15,911,298.00"
"electronic devices & subsys.","optoelect. devices & circuits","8","£22,849,478.00"
"optical devices & subsystems","optoelect. devices & circuits","14","£50,118,449.00"
"bioelectronic devices","complex fluids & soft solids","1","£5,468,668.00"
"bioelectronic devices","information & knowledge mgmt","1","£5,468,668.00"
"bioelectronic devices","medical science & disease","1","£5,468,668.00"
"bioelectronic devices","statistics & appl. probability","1","£5,468,668.00"
"bioinformatics","complex fluids & soft solids","1","£5,468,668.00"
"bioinformatics","medical science & disease","4","£22,818,836.00"
"chemical biology","med.instrument.device& equip.","4","£16,431,091.00"
"complex fluids & soft solids","genomics","1","£5,468,668.00"
"complex fluids & soft solids","med.instrument.device& equip.","1","£5,468,668.00"
"complex fluids & soft solids","population ecology","1","£5,468,668.00"
"genomics","information & knowledge mgmt","1","£5,468,668.00"
"genomics","population ecology","1","£5,468,668.00"
"information & knowledge mgmt","theoretical biology","1","£5,468,668.00"
"med.instrument.device& equip.","population ecology","1","£5,468,668.00"
"med.instrument.device& equip.","theoretical biology","1","£5,468,668.00"
"medical science & disease","statistics & appl. probability","4","£17,209,779.00"
"bioelectronic devices","design & testing technology","1","£7,190,025.00"
"bioelectronic devices","electronic devices & subsys.","3","£16,333,795.00"
"design & testing technology","displays","1","£7,190,025.00"
"design & testing technology","lasers & optics","2","£10,862,758.00"
"design & testing technology","optical devices & subsystems","1","£7,190,025.00"
"design & testing technology","optoelect. devices & circuits","1","£7,190,025.00"
"displays","lasers & optics","2","£11,652,122.00"
"displays","optical devices & subsystems","3","£11,749,150.00"
"displays","optoelect. devices & circuits","2","£11,652,122.00"
"electronic devices & subsys.","optical devices & subsystems","6","£18,883,277.00"
"lasers & optics","optical devices & subsystems","10","£37,354,674.00"
"lasers & optics","optoelect. devices & circuits","5","£34,168,407.00"
"optical communications","optical phenomena","1","£7,190,025.00"
"optical devices & subsystems","optical phenomena","4","£17,355,728.00"
"bioenergy","energy - conventional","1","£109,027.00"
"energy - conventional","separation processes","1","£109,027.00"
"bioenergy","power sys man, prot & control","1","£1,018,626.00"
"energy storage","power sys man, prot & control","1","£1,018,626.00"
"power sys man, prot & control","solar technology","1","£1,018,626.00"
"bioenergy","design processes","2","£4,078,746.00"
"catalysis & applied catalysis","design processes","4","£7,861,971.00"
"design processes","manufact. enterprise ops& mgmt","1","£2,524,593.00"
"bioenergy","synthetic biology","1","£1,924,296.00"
"bioenergy","catalysis & applied catalysis","8","£6,957,224.00"
"catalysis & applied catalysis","fuel cell technologies","3","£3,628,361.00"
"bioenergy","design of process systems","4","£763,014.00"
"catalysis & applied catalysis","design of process systems","15","£34,114,552.00"
"bioenergy","economics","1","£2,690,768.00"
"economics","energy efficiency","1","£2,690,768.00"
"bioenergy","surfaces & interfaces","1","£314,946.00"
"catalysis & applied catalysis","surfaces & interfaces","7","£4,056,836.00"
"genomics","tissue engineering","1","£3,989,307.00"
"bioinformatics","transport ops & management","1","£721,298.00"
"bioinformatics","biomaterials","1","£7,174,439.00"
"bioinformatics","instrumentation eng. & dev.","1","£7,174,439.00"
"bioinformatics","new media/web-based studies","1","£7,174,439.00"
"biomaterials","drug formulation & delivery","5","£15,426,460.00"
"biomaterials","med.instrument.device& equip.","15","£36,932,365.00"
"biomaterials","novel industrial products","1","£7,174,439.00"
"drug formulation & delivery","instrumentation eng. & dev.","3","£13,332,368.00"
"drug formulation & delivery","medical science & disease","1","£7,174,439.00"
"drug formulation & delivery","novel industrial products","1","£7,174,439.00"
"instrumentation eng. & dev.","medical science & disease","1","£7,174,439.00"
"instrumentation eng. & dev.","novel industrial products","1","£7,174,439.00"
"med.instrument.device& equip.","medical science & disease","4","£15,190,519.00"
"medical science & disease","new media/web-based studies","1","£7,174,439.00"
"medical science & disease","tissue engineering","1","£7,174,439.00"
"new media/web-based studies","tissue engineering","1","£7,174,439.00"
"biological & medicinal chem.","protein folding / misfolding","1","£458,233.00"
"biological & medicinal chem.","catalysis & applied catalysis","2","£1,173,940.00"
"biological & medicinal chem.","biomaterials","2","£1,198,400.00"
"biomaterials","manufacturing machine & plant","12","£9,717,270.00"
"biological & medicinal chem.","complex fluids & soft solids","1","£13,061.00"
"biological & medicinal chem.","optoelect. devices & circuits","1","£13,061.00"
"biophysics","optoelect. devices & circuits","1","£13,061.00"
"complex fluids & soft solids","optoelect. devices & circuits","3","£129,896.00"
"biomaterials","catalysis & applied catalysis","3","£8,062,399.00"
"biological membranes","chemical biology","1","£2,215.00"
"biomaterials","scattering & spectroscopy","1","£725,631.00"
"biomaterials","biomechanics & rehabilitation","16","£25,477,311.00"
"biomechanics & rehabilitation","tissue engineering","11","£13,811,132.00"
"biomaterials","materials characterisation","19","£19,372,619.00"
"building ops & management","med.instrument.device& equip.","2","£751,459.00"
"biomaterials","building ops & management","2","£751,459.00"
"biomaterials","surfaces & interfaces","3","£1,135,934.00"
"materials characterisation","materials synthesis & growth","143","£154,284,245.00"
"bioprocess engineering","design of process systems","14","£15,403,240.00"
"design of process systems","manufacturing machine & plant","20","£31,840,922.00"
"biomaterials","tissue engineering","24","£35,865,630.00"
"drug formulation & delivery","tissue engineering","6","£22,377,643.00"
"manufacturing machine & plant","tissue engineering","4","£5,497,308.00"
"biomechanics & rehabilitation","drug formulation & delivery","3","£9,074,692.00"
"drug formulation & delivery","med.instrument.device& equip.","11","£27,939,280.00"
"biomaterials","manufact. enterprise ops& mgmt","3","£8,635,969.00"
"manufact. enterprise ops& mgmt","materials processing","9","£31,283,754.00"
"materials processing","materials synthesis & growth","14","£22,842,194.00"
"biomaterials","medical imaging","6","£14,575,885.00"
"biomaterials","complex fluids & soft solids","4","£4,814,642.00"
"complex fluids & soft solids","materials characterisation","9","£18,269,022.00"
"biomaterials","design & testing technology","1","£333,657.00"
"biomaterials","human-computer interactions","1","£628,709.00"
"biomaterials","microsystems","1","£628,709.00"
"human-computer interactions","microsystems","1","£628,709.00"
"information & knowledge mgmt","microsystems","2","£11,686,638.00"
"biomaterials","rf & microwave technology","1","£148,602.00"
"biomaterials","synthetic biology","3","£1,300,781.00"
"biomaterials","biophysics","2","£649,679.00"
"biophysics","materials characterisation","6","£13,441,696.00"
"complex fluids & soft solids","materials synthesis & growth","8","£7,099,010.00"
"biomaterials","materials processing","3","£11,863,090.00"
"biomaterials","materials synthesis & growth","15","£16,953,381.00"
"biomaterials","continuum mechanics","2","£1,319,008.00"
"biomechanics & rehabilitation","medical imaging","7","£15,068,054.00"
"biomaterials","design of process systems","7","£4,100,980.00"
"continuum mechanics","materials characterisation","5","£2,828,869.00"
"continuum mechanics","underwater engineering","1","£1,094,685.00"
"materials characterisation","underwater engineering","1","£1,094,685.00"
"biomaterials","bioprocess engineering","7","£4,100,980.00"
"biomaterials","eng. dynamics & tribology","1","£1,656,509.00"
"biomaterials","instrumentation eng. & dev.","2","£8,830,948.00"
"carbon capture & storage","eng. dynamics & tribology","1","£1,656,509.00"
"carbon capture & storage","instrumentation eng. & dev.","1","£1,656,509.00"
"carbon capture & storage","materials testing & eng.","1","£1,656,509.00"
"carbon capture & storage","tissue engineering","1","£1,656,509.00"
"energy storage","fuel cell technologies","3","£5,070,886.00"
"energy storage","materials characterisation","3","£2,360,565.00"
"energy storage","oil & gas extraction","1","£1,656,509.00"
"eng. dynamics & tribology","fuel cell technologies","1","£1,656,509.00"
"eng. dynamics & tribology","materials characterisation","3","£6,880,348.00"
"eng. dynamics & tribology","oil & gas extraction","1","£1,656,509.00"
"fuel cell technologies","instrumentation eng. & dev.","1","£1,656,509.00"
"fuel cell technologies","materials testing & eng.","1","£1,656,509.00"
"fuel cell technologies","tissue engineering","1","£1,656,509.00"
"instrumentation eng. & dev.","oil & gas extraction","1","£1,656,509.00"
"materials characterisation","materials testing & eng.","18","£45,116,001.00"
"materials testing & eng.","oil & gas extraction","1","£1,656,509.00"
"oil & gas extraction","tissue engineering","1","£1,656,509.00"
"materials processing","synthetic biology","1","£400,872.00"
"medical imaging","tissue engineering","5","£11,060,308.00"
"biomechanics & rehabilitation","lasers & optics","1","£652,829.00"
"lasers & optics","medical imaging","2","£1,310,555.00"
"biomechanics & rehabilitation","computer graphics & visual.","2","£4,093,110.00"
"biomechanics & rehabilitation","manufacturing machine & plant","2","£1,502,547.00"
"biomechanics & rehabilitation","design & testing technology","1","£466,444.00"
"biomechanics & rehabilitation","medical science & disease","1","£466,444.00"
"design & testing technology","medical science & disease","1","£466,444.00"
"med.instrument.device& equip.","robotics & autonomy","12","£8,560,851.00"
"biomedical neuroscience","theoretical biology","2","£5,893,508.00"
"robotics & autonomy","theoretical biology","1","£1,202,384.00"
"theoretical biology","vision & senses - ict appl.","1","£1,202,384.00"
"biomedical neuroscience","medical science & disease","6","£11,371,844.00"
"biomedical neuroscience","population ecology","1","£4,691,124.00"
"cells","medical science & disease","1","£4,691,124.00"
"cells","theoretical biology","1","£4,691,124.00"
"complexity science","population ecology","2","£11,222,302.00"
"population ecology","theoretical biology","2","£10,159,792.00"
"biomedical neuroscience","med.instrument.device& equip.","7","£10,446,939.00"
"biophysics","instrumentation eng. & dev.","3","£844,020.00"
"biophysics","light-matter interactions","2","£6,326,963.00"
"gas & solution phase reactions","light-matter interactions","2","£7,066,482.00"
"light-matter interactions","scattering & spectroscopy","2","£6,833,178.00"
"biophysics","medical imaging","1","£361,877.00"
"biophysics","condensed matter physics","14","£11,388,619.00"
"biophysics","quantum fluids & solids","1","£3,992,129.00"
"condensed matter physics","magnetism/magnetic phenomena","38","£44,676,871.00"
"condensed matter physics","quantum optics & information","13","£31,058,427.00"
"quantum fluids & solids","quantum optics & information","4","£6,154,851.00"
"biophysics","non-linear systems mathematics","1","£3,868,978.00"
"complexity science","condensed matter physics","1","£3,868,978.00"
"complexity science","tools for the biosciences","1","£3,868,978.00"
"condensed matter physics","tools for the biosciences","1","£3,868,978.00"
"biophysics","lasers & optics","2","£4,595,236.00"
"biophysics","optical devices & subsystems","2","£194,274.00"
"med.instrument.device& equip.","optical devices & subsystems","4","£1,345,118.00"
"biophysics","plasmas - technological","1","£4,494,682.00"
"lasers & optics","plasmas - technological","1","£4,494,682.00"
"biophysics","magnetism/magnetic phenomena","13","£4,721,110.00"
"biophysics","quantum optics & information","2","£4,714,644.00"
"biophysics","high performance computing","12","£1,035,334.00"
"condensed matter physics","high performance computing","12","£1,267,312.00"
"high performance computing","magnetism/magnetic phenomena","11","£546,881.00"
"magnetism/magnetic phenomena","solar technology","11","£546,881.00"
"condensed matter physics","solar technology","11","£546,881.00"
"high performance computing","solar technology","11","£546,881.00"
"biophysics","solar technology","11","£546,881.00"
"design of process systems","multiphase flow","2","£5,595,789.00"
"bioprocess engineering","drug formulation & delivery","2","£2,380,872.00"
"bioprocess engineering","eng. dynamics & tribology","1","£995,080.00"
"bioprocess engineering","materials testing & eng.","1","£995,080.00"
"bioprocess engineering","reactor engineering","1","£995,080.00"
"control engineering","design of process systems","1","£995,080.00"
"control engineering","manufacturing machine & plant","5","£12,653,079.00"
"control engineering","optical devices & subsystems","1","£995,080.00"
"design of process systems","eng. dynamics & tribology","1","£995,080.00"
"design of process systems","materials testing & eng.","1","£995,080.00"
"design of process systems","reactor engineering","6","£8,785,726.00"
"eng. dynamics & tribology","manufact. enterprise ops& mgmt","1","£995,080.00"
"eng. dynamics & tribology","materials testing & eng.","9","£16,797,000.00"
"eng. dynamics & tribology","robotics & autonomy","2","£1,337,397.00"
"manufact. enterprise ops& mgmt","materials testing & eng.","2","£1,094,386.00"
"manufact. enterprise ops& mgmt","reactor engineering","1","£995,080.00"
"manufacturing machine & plant","optical devices & subsystems","4","£7,284,392.00"
"manufacturing machine & plant","robotics & autonomy","7","£14,470,346.00"
"materials testing & eng.","robotics & autonomy","2","£2,080,990.00"
"optical devices & subsystems","robotics & autonomy","1","£995,080.00"
"bioprocess engineering","microsystems","1","£5,158,504.00"
"microsystems","synthetic biology","3","£5,681,364.00"
"manufacturing machine & plant","protein engineering","1","£1,015,843.00"
"building ops & management","optoelect. devices & circuits","1","£99,283.00"
"building ops & management","design & testing technology","1","£4,217,380.00"
"building ops & management","urban & land management","7","£17,026,913.00"
"design & testing technology","urban & land management","1","£4,217,380.00"
"building ops & management","coastal & waterway engineering","1","£1,223,982.00"
"building ops & management","energy efficiency","10","£21,489,600.00"
"building ops & management","waste management","2","£7,056,623.00"
"coastal & waterway engineering","construction ops & management","1","£1,223,982.00"
"coastal & waterway engineering","transport ops & management","1","£1,223,982.00"
"coastal & waterway engineering","waste management","1","£1,223,982.00"
"construction ops & management","energy efficiency","2","£6,180,301.00"
"construction ops & management","urban & land management","5","£13,295,660.00"
"energy efficiency","transport ops & management","3","£7,346,118.00"
"energy efficiency","waste management","1","£1,223,982.00"
"transport ops & management","waste management","2","£7,056,623.00"
"urban & land management","waste management","1","£1,223,982.00"
"waste management","water engineering","2","£7,056,623.00"
"building ops & management","structural engineering","6","£15,935,315.00"
"ground engineering","structural engineering","7","£9,794,517.00"
"building ops & management","materials processing","2","£239,079.00"
"building ops & management","mobile computing","1","£5,930,480.00"
"building ops & management","transport ops & management","6","£20,511,297.00"
"design engineering","psychology","1","£5,930,480.00"
"mobile computing","psychology","1","£5,930,480.00"
"psychology","transport ops & management","1","£5,930,480.00"
"building ops & management","complexity science","1","£502,348.00"
"complexity science","sustainable energy networks","4","£12,889,453.00"
"complexity science","urban & land management","6","£13,572,634.00"
"sustainable energy networks","urban & land management","4","£12,889,453.00"
"building ops & management","water engineering","4","£15,148,319.00"
"structural engineering","transport ops & management","3","£9,189,822.00"
"structural engineering","water engineering","2","£8,943,564.00"
"urban & land management","water engineering","5","£13,523,219.00"
"building ops & management","information & knowledge mgmt","2","£9,841,403.00"
"computer graphics & visual.","networks & distributed systems","5","£17,045,677.00"
"building ops & management","civil engineering materials","2","£6,083,380.00"
"building ops & management","pavement engineering","1","£5,832,641.00"
"civil engineering materials","pavement engineering","2","£5,929,804.00"
"civil engineering materials","transport ops & management","1","£5,832,641.00"
"civil engineering materials","water engineering","1","£5,832,641.00"
"construction ops & management","structural engineering","5","£22,138,448.00"
"construction ops & management","water engineering","3","£10,167,546.00"
"pavement engineering","water engineering","1","£5,832,641.00"
"transport ops & management","water engineering","4","£13,612,151.00"
"building ops & management","energy - marine & hydropower","1","£7,073,862.00"
"building ops & management","sustainable energy vectors","1","£7,073,862.00"
"combustion","materials synthesis & growth","1","£7,073,862.00"
"energy - marine & hydropower","materials synthesis & growth","1","£7,073,862.00"
"materials synthesis & growth","sustainable energy vectors","3","£7,728,245.00"
"carbon capture & storage","electrochemical science & eng.","3","£3,554,348.00"
"catalysis & applied catalysis","materials synthesis & growth","10","£16,809,871.00"
"carbon capture & storage","energy - conventional","2","£10,246,253.00"
"carbon capture & storage","separation processes","1","£764,651.00"
"design of process systems","separation processes","3","£5,924,130.00"
"carbon capture & storage","catalysis & applied catalysis","6","£4,241,007.00"
"carbon capture & storage","solar technology","2","£1,783,154.00"
"carbon capture & storage","ground engineering","1","£759,360.00"
"catalysis & applied catalysis","sustainable energy vectors","6","£5,120,049.00"
"electrochemical science & eng.","solar technology","1","£1,296,214.00"
"solar technology","sustainable energy vectors","2","£3,100,479.00"
"catalysis & applied catalysis","multiphase flow","1","£4,559,973.00"
"catalysis & applied catalysis","separation processes","2","£4,659,343.00"
"design of process systems","heat & mass transfer","7","£17,521,657.00"
"gas & solution phase reactions","multiphase flow","3","£5,449,315.00"
"gas & solution phase reactions","separation processes","4","£6,048,821.00"
"heat & mass transfer","reactor engineering","3","£9,771,996.00"
"multiphase flow","reactor engineering","1","£4,559,973.00"
"reactor engineering","separation processes","3","£5,954,862.00"
"catalysis & applied catalysis","protein chemistry","2","£389,453.00"
"catalysis & applied catalysis","co-ordination chemistry","13","£5,972,481.00"
"co-ordination chemistry","physical organic chemistry","1","£320,303.00"
"catalysis & applied catalysis","chemical biology","6","£4,580,561.00"
"chemical biology","physical organic chemistry","2","£1,640,556.00"
"chemical synthetic methodology","co-ordination chemistry","7","£4,281,968.00"
"catalysis & applied catalysis","chemical synthetic methodology","18","£22,411,501.00"
"catalysis & applied catalysis","physical organic chemistry","11","£3,798,452.00"
"catalysis & applied catalysis","heat & mass transfer","7","£21,426,732.00"
"chemical synthetic methodology","synthetic biology","1","£4,563,820.00"
"design of process systems","synthetic biology","2","£5,760,455.00"
"chemical synthetic methodology","design of process systems","2","£9,846,420.00"
"design of process systems","materials synthesis & growth","3","£10,611,071.00"
"catalysis & applied catalysis","solar technology","3","£3,587,419.00"
"catalysis & applied catalysis","reactor engineering","12","£13,167,212.00"
"complexity science","physical organic chemistry","1","£296,733.00"
"physical organic chemistry","synthetic biology","2","£522,814.00"
"catalysis & applied catalysis","particle technology","1","£1,535,483.00"
"catalysis & applied catalysis","chemical structure","2","£1,586,726.00"
"gas & solution phase reactions","physical organic chemistry","4","£4,757,903.00"
"materials characterisation","physical organic chemistry","3","£302,001.00"
"materials synthesis & growth","reactor engineering","2","£314,834.00"
"catalysis & applied catalysis","optical devices & subsystems","1","£12,825.00"
"energy - nuclear","optical devices & subsystems","1","£12,825.00"
"catalysis & applied catalysis","manufact. enterprise ops& mgmt","2","£5,169,972.00"
"design of process systems","microsystems","5","£12,568,294.00"
"gas & solution phase reactions","microsystems","4","£11,654,736.00"
"design of process systems","gas & solution phase reactions","6","£16,814,215.00"
"heat & mass transfer","microsystems","10","£14,115,498.00"
"catalysis & applied catalysis","structural biology","1","£288,481.00"
"catalysis & enzymology","high performance computing","1","£288,481.00"
"catalysis & enzymology","structural biology","1","£288,481.00"
"chemical biology","protein chemistry","1","£288,481.00"
"high performance computing","protein chemistry","1","£288,481.00"
"protein chemistry","structural biology","1","£288,481.00"
"catalysis & applied catalysis","energy efficiency","1","£295,230.00"
"energy efficiency","manufacturing machine & plant","10","£2,857,621.00"
"complex fluids & soft solids","reactor engineering","2","£965,887.00"
"chemical synthetic methodology","gas & solution phase reactions","2","£335,610.00"
"catalysis & applied catalysis","med.instrument.device& equip.","1","£896,741.00"
"chemical biology","gas & solution phase reactions","5","£2,956,691.00"
"chemical biology","synthetic biology","1","£372,234.00"
"chemical structure","electrochemical science & eng.","4","£7,570,298.00"
"chemical structure","co-ordination chemistry","10","£11,713,640.00"
"chemical synthetic methodology","quantum optics & information","2","£5,891,282.00"
"chemical structure","materials characterisation","3","£13,831,250.00"
"electrochemical science & eng.","materials synthesis & growth","6","£10,398,416.00"
"chemical structure","tools for the biosciences","1","£344,067.00"
"complex fluids & soft solids","rheology","2","£426,136.00"
"particle technology","tools for the biosciences","1","£344,067.00"
"chemical structure","chemical synthetic methodology","8","£6,203,997.00"
"chemical structure","software engineering","3","£534,502.00"
"instrumentation eng. & dev.","physical organic chemistry","1","£1,491,903.00"
"chemical structure","condensed matter physics","2","£1,117,075.00"
"chemical structure","gas & solution phase reactions","3","£3,096,387.00"
"chemical structure","surfaces & interfaces","3","£2,899,451.00"
"chemical structure","manufacturing machine & plant","1","£966,179.00"
"manufacturing machine & plant","reactor engineering","2","£1,961,259.00"
"chemical structure","lasers & optics","1","£451,951.00"
"chemical structure","quantum optics & information","3","£7,578,367.00"
"lasers & optics","quantum optics & information","2","£5,575,897.00"
"chemical structure","drug formulation & delivery","1","£37,497.00"
"drug formulation & delivery","materials synthesis & growth","7","£9,451,082.00"
"chemical synthetic methodology","medical imaging","1","£417,138.00"
"chemical synthetic methodology","materials characterisation","4","£17,816,260.00"
"electronic devices & subsys.","materials synthesis & growth","15","£20,086,198.00"
"chemical synthetic methodology","energy storage","2","£2,887,062.00"
"chemical synthetic methodology","surfaces & interfaces","5","£2,225,570.00"
"materials synthesis & growth","surfaces & interfaces","4","£1,227,690.00"
"chemical synthetic methodology","condensed matter physics","1","£5,296,044.00"
"chemical synthetic methodology","magnetism/magnetic phenomena","1","£5,296,044.00"
"condensed matter physics","materials synthesis & growth","13","£23,468,787.00"
"electronic devices & subsys.","quantum optics & information","4","£7,485,209.00"
"magnetism/magnetic phenomena","quantum optics & information","13","£20,016,495.00"
"electrochemical science & eng.","surfaces & interfaces","4","£1,857,540.00"
"civil engineering materials","construction ops & management","5","£6,458,747.00"
"civil engineering materials","structural engineering","9","£11,422,333.00"
"environmental economics","structural engineering","1","£2,926.00"
"structural engineering","urban & land management","4","£11,352,414.00"
"civil engineering materials","energy - conventional","1","£263,811.00"
"energy - conventional","manufacturing machine & plant","3","£521,059.00"
"civil engineering materials","waste minimisation","2","£788,111.00"
"civil engineering materials","ground engineering","4","£2,461,626.00"
"civil engineering materials","materials testing & eng.","5","£2,636,331.00"
"civil engineering materials","materials characterisation","1","£238,693.00"
"food structure/composition","materials characterisation","1","£238,693.00"
"image & vision computing","materials characterisation","1","£238,693.00"
"climate & climate change","coastal & waterway engineering","2","£1,514,829.00"
"climate & climate change","land - ocean interactions","1","£1,415,336.00"
"coastal & waterway engineering","land - ocean interactions","1","£1,415,336.00"
"coal technology","combustion","1","£6,550,555.00"
"coal technology","transport ops & management","1","£6,550,555.00"
"combustion","transport ops & management","1","£6,550,555.00"
"coastal & waterway engineering","energy - marine & hydropower","1","£483,159.00"
"coastal & waterway engineering","urban & land management","4","£5,850,856.00"
"coastal & waterway engineering","manufacturing machine & plant","1","£483,898.00"
"manufact. enterprise ops& mgmt","manufacturing machine & plant","31","£62,179,533.00"
"coastal & waterway engineering","water engineering","6","£8,824,651.00"
"cognitive psychology","design processes","1","£1,008,824.00"
"cognitive psychology","mobile computing","1","£1,008,824.00"
"design processes","information & knowledge mgmt","8","£13,036,757.00"
"human-computer interactions","mobile computing","32","£46,950,862.00"
"cognitive science appl. in ict","robotics & autonomy","2","£1,279,448.00"
"design & testing technology","human-computer interactions","2","£1,056,088.00"
"human-computer interactions","manufact. enterprise ops& mgmt","4","£1,893,790.00"
"design & testing technology","manufact. enterprise ops& mgmt","6","£9,303,543.00"
"light-matter interactions","quantum optics & information","11","£19,686,099.00"
"cold atomic species","quantum fluids & solids","3","£1,756,984.00"
"light-matter interactions","quantum fluids & solids","1","£1,222,168.00"
"cold atomic species","quantum optics & information","11","£23,254,587.00"
"combustion","control engineering","1","£179,235.00"
"control engineering","electric motor & drive systems","4","£1,559,474.00"
"combustion","fluid dynamics","18","£3,108,668.00"
"combustion","power systems plant","1","£1,997,000.00"
"energy - conventional","power systems plant","2","£3,941,441.00"
"combustion","instrumentation eng. & dev.","3","£1,789,626.00"
"complex fluids & soft solids","multiphase flow","7","£4,178,092.00"
"multiphase flow","particle technology","3","£1,555,624.00"
"complex fluids & soft solids","particle technology","4","£1,899,691.00"
"complex fluids & soft solids","electrochemical science & eng.","2","£634,559.00"
"complex fluids & soft solids","fluid dynamics","5","£2,656,571.00"
"complex fluids & soft solids","mathematical physics","1","£94,692.00"
"complex fluids & soft solids","manufacturing machine & plant","3","£3,648,604.00"
"manufacturing machine & plant","optoelect. devices & circuits","8","£17,977,421.00"
"complex fluids & soft solids","mathematical analysis","1","£381,011.00"
"complex fluids & soft solids","numerical analysis","1","£381,011.00"
"complex fluids & soft solids","microsystems","2","£1,903,517.00"
"continuum mechanics","multiphase flow","2","£5,513,542.00"
"microsystems","multiphase flow","5","£3,550,271.00"
"continuum mechanics","rheology","1","£82,069.00"
"complexity science","mathematical analysis","2","£637,236.00"
"numerical analysis","statistics & appl. probability","23","£36,258,845.00"
"control engineering","system on chip","1","£3,610,642.00"
"networks & distributed systems","system on chip","2","£7,711,181.00"
"system on chip","theoretical biology","1","£3,610,642.00"
"high performance computing","software engineering","2","£1,228,106.00"
"complexity science","manufact. enterprise ops& mgmt","2","£3,772,771.00"
"complexity science","networks & distributed systems","4","£10,175,343.00"
"manufact. enterprise ops& mgmt","modelling & simul. of it sys.","1","£2,364,080.00"
"modelling & simul. of it sys.","networks & distributed systems","10","£17,149,291.00"
"complexity science","non-linear systems mathematics","12","£29,546,870.00"
"medical science & disease","non-linear systems mathematics","2","£3,569,680.00"
"complexity science","med.instrument.device& equip.","2","£4,013,253.00"
"med.instrument.device& equip.","numerical analysis","3","£5,936,267.00"
"complexity science","environmental planning","1","£3,567,862.00"
"complexity science","management & business studies","2","£7,012,467.00"
"complexity science","transport ops & management","4","£8,236,113.00"
"environmental planning","sustainable energy networks","1","£3,567,862.00"
"environmental planning","urban & land management","1","£3,567,862.00"
"human geography (general)","sociology","1","£3,567,862.00"
"human geography (general)","transport ops & management","1","£3,567,862.00"
"management & business studies","sociology","1","£3,567,862.00"
"management & business studies","transport ops & management","2","£7,012,467.00"
"sociology","sustainable energy networks","1","£3,567,862.00"
"sociology","urban & land management","1","£3,567,862.00"
"complexity science","education","1","£3,444,605.00"
"complexity science","water engineering","4","£15,804,941.00"
"education","social stats., comp. & methods","1","£3,444,605.00"
"education","transport ops & management","1","£3,444,605.00"
"education","water engineering","1","£3,444,605.00"
"management & business studies","social stats., comp. & methods","1","£3,444,605.00"
"management & business studies","urban & land management","2","£7,012,467.00"
"networks & distributed systems","sustainable energy networks","1","£3,444,605.00"
"networks & distributed systems","water engineering","1","£3,444,605.00"
"social stats., comp. & methods","transport ops & management","1","£3,444,605.00"
"social stats., comp. & methods","water engineering","1","£3,444,605.00"
"sustainable energy networks","water engineering","3","£10,214,904.00"
"complexity science","economics","1","£807,635.00"
"economics","human-computer interactions","2","£8,324,372.00"
"complexity science","theoretical biology","3","£14,498,930.00"
"complexity science","food processing","1","£1,408,691.00"
"food processing","water engineering","2","£2,804,352.00"
"complexity science","control engineering","3","£5,552,626.00"
"composition","image & vision computing","1","£5,971,211.00"
"composition","music & acoustic technology","1","£5,971,211.00"
"human-computer interactions","multimedia","5","£13,129,574.00"
"image & vision computing","multimedia","2","£11,619,917.00"
"image & vision computing","musical performance","1","£5,971,211.00"
"multimedia","musical performance","1","£5,971,211.00"
"computational methods & tools","plasmas - laser & fusion","1","£98,603.00"
"computer graphics & visual.","organisational studies","1","£753,394.00"
"information & knowledge mgmt","organisational studies","2","£4,546,940.00"
"computer graphics & visual.","fundamentals of computing","3","£2,005,248.00"
"computer graphics & visual.","software engineering","4","£7,611,392.00"
"human-computer interactions","software engineering","10","£22,317,663.00"
"information & knowledge mgmt","software engineering","13","£22,205,755.00"
"image & vision computing","parallel computing","1","£352,913.00"
"medical imaging","software engineering","1","£352,913.00"
"digital signal processing","human-computer interactions","3","£6,574,309.00"
"human communication in ict","human-computer interactions","14","£15,382,932.00"
"computer graphics & visual.","information & knowledge mgmt","11","£20,537,190.00"
"intelligent & expert systems","intelligent measurement sys.","1","£4,956,495.00"
"computer graphics & visual.","design engineering","1","£5,965,328.00"
"computer graphics & visual.","mobile computing","2","£11,669,263.00"
"design engineering","digital art & design","1","£5,965,328.00"
"design engineering","manufact. business strategy","1","£5,965,328.00"
"design engineering","product design","1","£5,965,328.00"
"digital art & design","information & knowledge mgmt","1","£5,965,328.00"
"digital art & design","mobile computing","2","£11,669,263.00"
"digital art & design","product design","1","£5,965,328.00"
"human-computer interactions","manufact. business strategy","4","£7,419,756.00"
"information & knowledge mgmt","manufact. business strategy","2","£7,900,121.00"
"manufact. business strategy","mobile computing","1","£5,965,328.00"
"manufact. business strategy","product design","1","£5,965,328.00"
"mobile computing","networks & distributed systems","21","£32,089,077.00"
"networks & distributed systems","product design","1","£5,965,328.00"
"computer graphics & visual.","design processes","1","£1,437,554.00"
"computer graphics & visual.","numerical analysis","1","£1,437,554.00"
"design processes","numerical analysis","1","£1,437,554.00"
"high performance computing","numerical analysis","1","£1,437,554.00"
"computer graphics & visual.","vision & senses - ict appl.","2","£1,647,934.00"
"computer graphics & visual.","new media/web-based studies","2","£12,062,042.00"
"digital art & design","networks & distributed systems","2","£11,669,263.00"
"digital arts htp","media & communication studies","1","£5,703,935.00"
"digital arts htp","multimedia","2","£12,062,042.00"
"media & communication studies","mobile computing","1","£5,703,935.00"
"mobile computing","multimedia","1","£5,703,935.00"
"computer graphics & visual.","human communication in ict","3","£881,806.00"
"computer sys. & architecture","psychology","1","£39,455.00"
"fundamentals of computing","psychology","1","£39,455.00"
"networks & distributed systems","psychology","2","£894,263.00"
"computer sys. & architecture","fundamentals of computing","27","£32,304,172.00"
"computer sys. & architecture","mobile computing","3","£141,066.00"
"criminology","image & vision computing","1","£19,854.00"
"fundamentals of computing","image & vision computing","1","£19,854.00"
"computer sys. & architecture","networks & distributed systems","17","£28,382,751.00"
"mobile computing","software engineering","4","£13,422,621.00"
"computer sys. & architecture","electronic devices & subsys.","7","£13,922,218.00"
"electronic devices & subsys.","microsystems","1","£919,337.00"
"fundamentals of computing","vlsi design","1","£1,765,760.00"
"computer sys. & architecture","information & knowledge mgmt","7","£14,057,297.00"
"fundamentals of computing","industrial-org/occupational","1","£3,793,546.00"
"fundamentals of computing","organisational studies","2","£4,442,530.00"
"industrial-org/occupational","modelling & simul. of it sys.","1","£3,793,546.00"
"industrial-org/occupational","organisational studies","1","£3,793,546.00"
"information & knowledge mgmt","modelling & simul. of it sys.","4","£9,916,765.00"
"organisational studies","software engineering","1","£3,793,546.00"
"computer sys. & architecture","modelling & simul. of it sys.","3","£8,384,174.00"
"computer sys. & architecture","rf & microwave technology","3","£800,954.00"
"computer sys. & architecture","international relations theory","1","£3,489,111.00"
"fundamentals of computing","human-computer interactions","8","£10,131,716.00"
"computer sys. & architecture","software engineering","11","£27,225,489.00"
"networks & distributed systems","parallel computing","2","£7,973,984.00"
"computer sys. & architecture","system on chip","1","£1,212,276.00"
"fundamentals of computing","modelling & simul. of it sys.","8","£12,090,002.00"
"materials characterisation","materials processing","41","£102,176,319.00"
"condensed matter physics","materials characterisation","21","£36,794,143.00"
"magnetism/magnetic phenomena","materials characterisation","14","£14,395,219.00"
"magnetism/magnetic phenomena","materials synthesis & growth","13","£12,666,160.00"
"condensed matter physics","mathematical physics","1","£866,380.00"
"mathematical physics","quantum fluids & solids","1","£866,380.00"
"condensed matter physics","optical devices & subsystems","2","£5,264,574.00"
"condensed matter physics","electronic devices & subsys.","3","£6,139,445.00"
"condensed matter physics","plasmas - laser & fusion","2","£1,020,144.00"
"condensed matter physics","instrumentation eng. & dev.","1","£315,281.00"
"construction ops & management","ground engineering","1","£4,417,693.00"
"continuum mechanics","medical imaging","1","£1,024,165.00"
"continuum mechanics","fundamentals of computing","1","£715,138.00"
"fundamentals of computing","materials characterisation","1","£715,138.00"
"continuum mechanics","software engineering","2","£1,440,744.00"
"continuum mechanics","design & testing technology","2","£869,052.00"
"control engineering","design & testing technology","2","£1,220,959.00"
"continuum mechanics","fluid dynamics","7","£12,721,107.00"
"manufacturing machine & plant","materials characterisation","1","£153,808.00"
"continuum mechanics","materials synthesis & growth","1","£2,551,402.00"
"fluid dynamics","non-linear systems mathematics","3","£2,913,953.00"
"design & testing technology","materials characterisation","4","£7,354,508.00"
"high performance computing","materials characterisation","2","£1,154,272.00"
"control engineering","statistics & appl. probability","1","£546,970.00"
"control engineering","software engineering","2","£4,670,935.00"
"control engineering","sustainable energy networks","1","£342,884.00"
"mobile computing","sustainable energy networks","1","£342,884.00"
"control engineering","power sys man, prot & control","2","£789,528.00"
"control engineering","design engineering","5","£5,080,737.00"
"design engineering","fluid dynamics","2","£855,720.00"
"fluid dynamics","intelligent & expert systems","2","£855,720.00"
"control engineering","intelligent & expert systems","3","£3,337,696.00"
"control engineering","synthetic biology","4","£3,584,309.00"
"control engineering","med.instrument.device& equip.","1","£1,085,910.00"
"materials testing & eng.","med.instrument.device& equip.","2","£2,449,178.00"
"control engineering","energy efficiency","1","£1,668,848.00"
"control engineering","materials testing & eng.","3","£3,275,099.00"
"information & knowledge mgmt","manufact. enterprise ops& mgmt","3","£5,313,513.00"
"control engineering","heat & mass transfer","1","£512,391.00"
"control engineering","materials processing","1","£1,707,194.00"
"control engineering","modelling & simul. of it sys.","2","£1,581,190.00"
"modelling & simul. of it sys.","power sys man, prot & control","1","£395,222.00"
"co-ordination chemistry","materials characterisation","5","£7,846,027.00"
"criminal law & criminology","statistics & appl. probability","1","£1,016,595.00"
"criminology","modelling & simul. of it sys.","2","£1,057,151.00"
"mathematical & statistic psych","modelling & simul. of it sys.","1","£1,016,595.00"
"mathematical & statistic psych","statistics & appl. probability","1","£1,016,595.00"
"data handling & storage","parallel computing","1","£742,513.00"
"design & testing technology","particle technology","1","£2,482,246.00"
"design & testing technology","manufacturing machine & plant","9","£14,031,884.00"
"design & testing technology","materials testing & eng.","2","£8,514,859.00"
"design & testing technology","design engineering","4","£13,223,213.00"
"materials processing","materials testing & eng.","8","£33,242,345.00"
"design & testing technology","fluid dynamics","2","£376,805.00"
"design engineering","energy efficiency","1","£6,044,904.00"
"design & testing technology","sustainable energy vectors","1","£498,835.00"
"design & testing technology","materials processing","6","£14,752,089.00"
"manufacturing machine & plant","materials processing","39","£71,722,420.00"
"instrumentation eng. & dev.","robotics & autonomy","6","£6,555,497.00"
"design processes","human communication in ict","3","£6,921,230.00"
"design engineering","optical devices & subsystems","1","£935,611.00"
"design engineering","manufacturing machine & plant","6","£7,377,003.00"
"design engineering","manufact. enterprise ops& mgmt","6","£14,318,103.00"
"design engineering","intelligent & expert systems","3","£1,859,306.00"
"design engineering","information & knowledge mgmt","4","£17,632,510.00"
"design of process systems","particle technology","7","£18,053,258.00"
"synthetic biology","water engineering","3","£11,965,303.00"
"microsystems","reactor engineering","1","£913,558.00"
"design of process systems","optoelect. devices & circuits","2","£3,097,215.00"
"optoelect. devices & circuits","surfaces & interfaces","2","£1,313,308.00"
"design of process systems","materials characterisation","3","£5,879,652.00"
"design of process systems","materials processing","4","£1,271,438.00"
"design of process systems","manufact. enterprise ops& mgmt","5","£8,769,912.00"
"design processes","human-computer interactions","5","£8,047,851.00"
"design processes","management & business studies","1","£992,269.00"
"human communication in ict","management & business studies","1","£992,269.00"
"human-computer interactions","management & business studies","4","£9,524,708.00"
"design processes","networks & distributed systems","2","£1,847,077.00"
"information & knowledge mgmt","psychology","5","£7,990,689.00"
"development (biosciences)","robotics & autonomy","4","£1,070,825.00"
"development (biosciences)","med.instrument.device& equip.","5","£2,325,834.00"
"digital signal processing","rf & microwave technology","27","£21,258,852.00"
"human communication in ict","music & acoustic technology","1","£897,686.00"
"digital signal processing","vision & senses - ict appl.","7","£5,371,071.00"
"digital signal processing","image & vision computing","7","£10,908,192.00"
"digital signal processing","optical communications","4","£11,363,966.00"
"image & vision computing","optical communications","1","£3,034,323.00"
"image & vision computing","rf & microwave technology","2","£14,717,804.00"
"optical communications","optical devices & subsystems","8","£24,335,467.00"
"digital signal processing","optical devices & subsystems","4","£17,478,395.00"
"digital signal processing","information & knowledge mgmt","1","£5,199,944.00"
"information & knowledge mgmt","music & acoustic technology","2","£5,509,186.00"
"optical communications","rf & microwave technology","6","£11,929,015.00"
"digital signal processing","optical phenomena","1","£4,942,312.00"
"lasers & optics","microsystems","1","£4,942,312.00"
"microsystems","optical devices & subsystems","1","£4,942,312.00"
"microsystems","optoelect. devices & circuits","1","£4,942,312.00"
"digital signal processing","music & acoustic technology","8","£14,661,338.00"
"med.instrument.device& equip.","vision & senses - ict appl.","3","£2,323,844.00"
"digital signal processing","networks & distributed systems","9","£14,577,594.00"
"digital signal processing","system on chip","1","£3,403,307.00"
"networks & distributed systems","optical communications","8","£21,837,074.00"
"displays","optical communications","2","£11,652,122.00"
"optical communications","optoelect. devices & circuits","9","£31,193,259.00"
"drug formulation & delivery","materials characterisation","8","£11,247,180.00"
"manufacturing machine & plant","med.instrument.device& equip.","7","£3,281,703.00"
"materials characterisation","med.instrument.device& equip.","5","£6,717,741.00"
"drug formulation & delivery","macro-molecular delivery","1","£138,754.00"
"macro-molecular delivery","particle technology","1","£138,754.00"
"med.instrument.device& equip.","medical imaging","25","£33,613,660.00"
"drug formulation & delivery","medical imaging","7","£13,445,993.00"
"electric motor & drive systems","electronic devices & subsys.","2","£4,951,809.00"
"electrochemical science & eng.","fuel cell technologies","2","£3,289,944.00"
"electrochemical science & eng.","separation processes","3","£2,287,145.00"
"electrochemical science & eng.","materials processing","1","£351,844.00"
"energy efficiency","materials characterisation","3","£1,303,264.00"
"electrochemical science & eng.","energy efficiency","3","£4,206,164.00"
"reactor engineering","waste management","1","£1,295,519.00"
"electromagnetics","electronic devices & subsys.","1","£582,976.00"
"electronic devices & subsys.","non-linear systems mathematics","1","£582,976.00"
"electromagnetics","rf & microwave technology","1","£4,618,424.00"
"materials synthesis & growth","quantum optics & information","3","£6,739,828.00"
"electronic devices & subsys.","med.instrument.device& equip.","2","£5,317,527.00"
"med.instrument.device& equip.","rf & microwave technology","2","£1,115,803.00"
"electronic devices & subsys.","rf & microwave technology","10","£9,765,427.00"
"materials synthesis & growth","optical devices & subsystems","7","£5,465,601.00"
"materials synthesis & growth","rf & microwave technology","9","£10,906,063.00"
"materials characterisation","rf & microwave technology","8","£4,022,730.00"
"electronic devices & subsys.","materials characterisation","8","£10,053,969.00"
"electronic devices & subsys.","manufact. enterprise ops& mgmt","4","£9,680,518.00"
"electronic devices & subsys.","materials processing","6","£19,375,824.00"
"energy - conventional","energy - nuclear","1","£737,970.00"
"energy - conventional","materials processing","3","£6,627,011.00"
"energy - conventional","fluid dynamics","2","£543,229.00"
"energy efficiency","sustainable energy networks","6","£23,772,508.00"
"energy - marine & hydropower","underwater engineering","3","£557,545.00"
"energy - marine & hydropower","wind power","3","£14,377,472.00"
"energy - marine & hydropower","fluid dynamics","3","£1,040,858.00"
"energy - marine & hydropower","software engineering","3","£1,040,858.00"
"energy - nuclear","plasmas - laser & fusion","1","£328,689.00"
"energy - nuclear","materials testing & eng.","2","£257,913.00"
"energy efficiency","human-computer interactions","9","£8,991,928.00"
"energy efficiency","sustainable energy vectors","3","£23,551,389.00"
"energy efficiency","solar technology","2","£462,698.00"
"energy efficiency","materials processing","4","£1,145,717.00"
"energy efficiency","energy storage","7","£6,237,145.00"
"energy efficiency","pavement engineering","1","£4,960,274.00"
"pavement engineering","sustainable energy vectors","1","£4,960,274.00"
"pavement engineering","urban & land management","1","£4,960,274.00"
"sustainable energy vectors","urban & land management","1","£4,960,274.00"
"energy efficiency","materials synthesis & growth","3","£1,238,442.00"
"energy efficiency","instrumentation eng. & dev.","1","£298,572.00"
"energy storage","sustainable energy networks","12","£15,360,606.00"
"sustainable energy networks","sustainable energy vectors","2","£18,591,115.00"
"energy storage","materials synthesis & growth","3","£2,894,081.00"
"energy storage","materials processing","1","£2,513,161.00"
"energy storage","manufacturing machine & plant","3","£4,154,076.00"
"manufacturing machine & plant","materials testing & eng.","6","£23,637,805.00"
"eng. dynamics & tribology","materials processing","3","£5,566,362.00"
"environment & health","water engineering","2","£568,459.00"
"evolution & populations","plant physiology","1","£1,190,209.00"
"evolution & populations","surfaces & interfaces","1","£1,190,209.00"
"materials characterisation","plant responses to environment","1","£1,190,209.00"
"plant physiology","plant responses to environment","1","£1,190,209.00"
"plant responses to environment","surfaces & interfaces","1","£1,190,209.00"
"fluid dynamics","rheology","2","£1,996,778.00"
"fluid dynamics","heat & mass transfer","3","£1,292,936.00"
"fluid dynamics","separation processes","2","£1,052,027.00"
"multiphase flow","separation processes","5","£6,501,342.00"
"fluid dynamics","wind power","1","£99,857.00"
"fluid dynamics","software engineering","6","£1,948,056.00"
"multiphase flow","software engineering","3","£907,198.00"
"food processing","manufacturing machine & plant","2","£4,648,254.00"
"statistics & appl. probability","sustainable energy networks","3","£2,107,760.00"
"fuel cell technologies","sustainable energy vectors","9","£20,248,061.00"
"human-computer interactions","modelling & simul. of it sys.","1","£3,253,414.00"
"fundamentals of computing","microeconomic theory","2","£842,950.00"
"mathematical aspects of or","microeconomic theory","2","£842,950.00"
"fundamentals of computing","logic & combinatorics","4","£4,374,408.00"
"logic & combinatorics","networks & distributed systems","1","£3,454,896.00"
"mathematical aspects of or","networks & distributed systems","1","£3,454,896.00"
"networks & distributed systems","political geography","1","£3,454,896.00"
"fundamentals of computing","statistics & appl. probability","3","£1,327,799.00"
"fundamentals of computing","numerical analysis","1","£1,228,231.00"
"fundamentals of computing","social psychology","1","£648,984.00"
"mobile computing","organisational studies","1","£648,984.00"
"organisational studies","social psychology","1","£648,984.00"
"fusion","light-matter interactions","1","£614,488.00"
"gas & solution phase reactions","surfaces & interfaces","3","£1,739,638.00"
"geohazards","survey & monitoring","1","£246,258.00"
"ground engineering","survey & monitoring","1","£246,258.00"
"structural engineering","survey & monitoring","1","£246,258.00"
"governance","human-computer interactions","2","£1,097,691.00"
"governance","mobile computing","2","£1,097,691.00"
"human-computer interactions","social policy","3","£1,942,868.00"
"governance","social policy","2","£1,097,691.00"
"ground engineering","urban & land management","3","£10,955,733.00"
"ground engineering","soil science","6","£2,458,999.00"
"ground engineering","non-linear systems mathematics","1","£2,048,925.00"
"ground engineering","statistics & appl. probability","1","£2,048,925.00"
"ground engineering","transport ops & management","4","£6,212,348.00"
"heat & mass transfer","multiphase flow","4","£6,051,856.00"
"human-computer interactions","med.instrument.device& equip.","4","£2,209,758.00"
"human-computer interactions","materials testing & eng.","1","£822,223.00"
"human-computer interactions","psychology","5","£2,797,715.00"
"management & business studies","marketing","2","£1,015,702.00"
"marketing","psychology","2","£1,015,702.00"
"information & knowledge mgmt","management & business studies","3","£2,007,971.00"
"networks & distributed systems","organisational studies","4","£5,303,453.00"
"mobile computing","social anthropology","1","£775,542.00"
"social anthropology","social theory","1","£775,542.00"
"manufact. business strategy","multimedia","3","£1,454,428.00"
"human-computer interactions","political geography","1","£4,000,602.00"
"information & knowledge mgmt","political geography","2","£7,455,498.00"
"mobile computing","political geography","1","£4,000,602.00"
"image & vision computing","medical imaging","6","£6,704,242.00"
"image & vision computing","vision & senses - ict appl.","19","£14,652,485.00"
"information & knowledge mgmt","mathematical aspects of or","2","£4,098,203.00"
"information & knowledge mgmt","materials testing & eng.","2","£559,340.00"
"instrumentation eng. & dev.","materials characterisation","2","£2,310,190.00"
"instrumentation eng. & dev.","materials synthesis & growth","1","£661,579.00"
"instrumentation eng. & dev.","rheology","1","£97,812.00"
"knowledge management","networks & distributed systems","1","£393,867.00"
"lasers & optics","manufacturing machine & plant","5","£13,728,449.00"
"lasers & optics","materials testing & eng.","2","£8,666,093.00"
"optical devices & subsystems","quantum optics & information","3","£15,004,634.00"
"lasers & optics","plasmas - laser & fusion","2","£6,544,731.00"
"optical devices & subsystems","plasmas - laser & fusion","1","£2,050,049.00"
"lasers & optics","materials synthesis & growth","1","£970,063.00"
"lasers & optics","optical phenomena","7","£18,732,651.00"
"magnetism/magnetic phenomena","surfaces & interfaces","3","£1,956,906.00"
"magnetism/magnetic phenomena","plant physiology","1","£8,536.00"
"plant physiology","tools for the biosciences","1","£8,536.00"
"manufact. business strategy","manufact. enterprise ops& mgmt","3","£1,162,151.00"
"manufact. enterprise ops& mgmt","materials synthesis & growth","4","£12,141,544.00"
"materials characterisation","separation processes","3","£5,162,601.00"
"manufacturing machine & plant","materials synthesis & growth","8","£17,818,942.00"
"manufact. enterprise ops& mgmt","mathematical aspects of or","3","£2,005,789.00"
"manufact. enterprise ops& mgmt","optical devices & subsystems","2","£2,539,279.00"
"materials processing","optoelect. devices & circuits","6","£7,549,712.00"
"robotics & autonomy","vision & senses - ict appl.","2","£1,302,933.00"
"manufacturing machine & plant","microsystems","1","£2,109,986.00"
"manufacturing machine & plant","statistics & appl. probability","4","£2,132,530.00"
"materials processing","non-linear systems mathematics","1","£777,199.00"
"materials processing","statistics & appl. probability","1","£777,199.00"
"manufacturing machine & plant","rf & microwave technology","3","£11,044,762.00"
"materials characterisation","optoelect. devices & circuits","6","£2,851,713.00"
"materials characterisation","transport ops & management","4","£627,301.00"
"materials processing","transport ops & management","4","£627,301.00"
"materials synthesis & growth","solar technology","3","£1,904,877.00"
"materials characterisation","plasmas - laser & fusion","1","£3,732,001.00"
"plasmas - laser & fusion","plasmas - technological","4","£8,631,918.00"
"materials characterisation","particle technology","2","£1,301,882.00"
"materials characterisation","surfaces & interfaces","7","£14,517,349.00"
"materials synthesis & growth","optoelect. devices & circuits","10","£9,889,572.00"
"materials synthesis & growth","separation processes","4","£2,187,820.00"
"materials processing","rheology","1","£95,206.00"
"separation processes","water engineering","1","£768,786.00"
"materials synthesis & growth","materials testing & eng.","6","£12,390,493.00"
"mathematical physics","quantum optics & information","3","£1,059,333.00"
"med.instrument.device& equip.","microsystems","6","£16,177,532.00"
"medical imaging","non-linear systems mathematics","3","£1,638,785.00"
"medical imaging","numerical analysis","3","£712,944.00"
"software engineering","system on chip","1","£4,100,539.00"
"networks & distributed systems","optical devices & subsystems","2","£5,534,323.00"
"networks & distributed systems","social psychology","1","£1,656,843.00"
"numerical analysis","rf & microwave technology","1","£99,345.00"
"optical communications","quantum optics & information","2","£1,518,333.00"
"optoelect. devices & circuits","solar technology","3","£1,950,478.00"
"optoelect. devices & circuits","rf & microwave technology","2","£1,560,025.00"
"plasmas - laser & fusion","rf & microwave technology","2","£356,179.00"
"regional & extreme weather","urban & land management","2","£2,750,487.00"
"sustainable energy networks","wind power","1","£282,013.00"
