"acoustics","aerodynamics","9","£3,719,996.00"
"acoustics","combustion","2","£2,073,517.00"
"acoustics","control engineering","2","£3,914,468.00"
"acoustics","design engineering","5","£1,225,284.00"
"acoustics","eng. dynamics & tribology","4","£7,588,630.00"
"acoustics","human-computer interactions","1","£1,023,446.00"
"acoustics","instrumentation eng. & dev.","4","£3,121,660.00"
"acoustics","med.instrument.device& equip.","1","£289,011.00"
"acoustics","microsystems","2","£2,320,538.00"
"acoustics","numerical analysis","2","£1,600,958.00"
"acoustics","particle technology","3","£946,937.00"
"acoustics","water engineering","1","£100,020.00"
"aerodynamics","combustion","4","£2,568,070.00"
"aerodynamics","continuum mechanics","8","£11,681,616.00"
"aerodynamics","design & testing technology","1","£99,395.00"
"aerodynamics","design engineering","5","£1,225,284.00"
"aerodynamics","eng. dynamics & tribology","1","£1,500,938.00"
"aerodynamics","fluid dynamics","4","£8,693,316.00"
"aerodynamics","heat & mass transfer","4","£1,566,605.00"
"aerodynamics","instrumentation eng. & dev.","1","£1,363,268.00"
"aerodynamics","materials testing & eng.","1","£1,363,268.00"
"aerodynamics","microsystems","1","£4,279,853.00"
"aerodynamics","plasmas - laser & fusion","1","£279,240.00"
"aerodynamics","robotics & autonomy","1","£98,541.00"
"aerodynamics","underwater engineering","1","£98,541.00"
"aerodynamics","urban & land management","2","£4,895,324.00"
"algebra & geometry","complex fluids & soft solids","2","£1,268,185.00"
"algebra & geometry","continuum mechanics","11","£11,360,653.00"
"algebra & geometry","information & knowledge mgmt","1","£1,218,040.00"
"algebra & geometry","logic & combinatorics","24","£14,190,064.00"
"algebra & geometry","mathematical analysis","26","£17,762,102.00"
"algebra & geometry","mathematical aspects of or","4","£8,868,828.00"
"algebra & geometry","mathematical physics","28","£24,811,734.00"
"algebra & geometry","non-linear systems mathematics","10","£13,519,529.00"
"algebra & geometry","numerical analysis","13","£14,735,366.00"
"algebra & geometry","statistics & appl. probability","13","£18,610,395.00"
"analytical science","bioinformatics","5","£27,674,019.00"
"analytical science","biological & medicinal chem.","7","£20,807,442.00"
"analytical science","biophysics","2","£3,397,665.00"
"analytical science","catalysis & applied catalysis","7","£4,119,461.00"
"analytical science","chemical biology","14","£34,952,742.00"
"analytical science","chemical structure","7","£14,899,087.00"
"analytical science","chemical synthetic methodology","9","£11,024,521.00"
"analytical science","digital signal processing","2","£9,806,399.00"
"analytical science","drug formulation & delivery","2","£1,023,588.00"
"analytical science","electrochemical science & eng.","4","£1,855,199.00"
"analytical science","gas & solution phase reactions","6","£7,860,875.00"
"analytical science","genomics","3","£14,996,153.00"
"analytical science","image & vision computing","3","£11,903,494.00"
"analytical science","instrumentation eng. & dev.","19","£19,551,621.00"
"analytical science","materials characterisation","3","£5,386,214.00"
"analytical science","materials synthesis & growth","3","£6,171,103.00"
"analytical science","med.instrument.device& equip.","5","£14,362,004.00"
"analytical science","medical science & disease","2","£10,175,729.00"
"analytical science","optical devices & subsystems","4","£11,111,182.00"
"analytical science","separation processes","1","£564,726.00"
"analytical science","statistics & appl. probability","3","£13,168,026.00"
"analytical science","surfaces & interfaces","4","£4,642,892.00"
"analytical science","tissue engineering","2","£7,686,709.00"
"animal behaviour","music & acoustic technology","1","£506,361.00"
"animal organisms","complexity science","1","£1,581,410.00"
"applied arts htp","computer graphics & visual.","1","£6,358,107.00"
"applied arts htp","digital arts htp","1","£6,358,107.00"
"applied arts htp","new media/web-based studies","1","£6,358,107.00"
"artificial intelligence","behavioural & experimental eco","1","£1,975,496.00"
"artificial intelligence","bioinformatics","6","£6,536,600.00"
"artificial intelligence","biomedical neuroscience","1","£4,782,908.00"
"artificial intelligence","cognitive psychology","6","£2,360,562.00"
"artificial intelligence","cognitive science appl. in ict","3","£5,321,637.00"
"artificial intelligence","complexity science","4","£15,159,594.00"
"artificial intelligence","comput./corpus linguistics","14","£6,931,002.00"
"artificial intelligence","computer graphics & visual.","5","£14,855,164.00"
"artificial intelligence","control engineering","7","£25,067,641.00"
"artificial intelligence","criminology","2","£4,003,142.00"
"artificial intelligence","developmental psychology","1","£559,077.00"
"artificial intelligence","digital signal processing","4","£2,575,792.00"
"artificial intelligence","electronic devices & subsys.","3","£6,092,254.00"
"artificial intelligence","fluid dynamics","2","£10,472,194.00"
"artificial intelligence","fundamentals of computing","27","£41,022,206.00"
"artificial intelligence","human communication in ict","6","£5,666,353.00"
"artificial intelligence","human-computer interactions","35","£65,100,381.00"
"artificial intelligence","image & vision computing","22","£45,713,140.00"
"artificial intelligence","information & knowledge mgmt","34","£55,526,686.00"
"artificial intelligence","materials characterisation","2","£10,472,194.00"
"artificial intelligence","mathematical aspects of or","3","£9,674,434.00"
"artificial intelligence","medical imaging","1","£98,669.00"
"artificial intelligence","medical science & disease","3","£15,255,102.00"
"artificial intelligence","modelling & simul. of it sys.","1","£100,348.00"
"artificial intelligence","music & acoustic technology","7","£6,765,276.00"
"artificial intelligence","networks & distributed systems","15","£52,207,651.00"
"artificial intelligence","new & emerging comp. paradigms","5","£16,755,477.00"
"artificial intelligence","numerical analysis","2","£683,254.00"
"artificial intelligence","optoelect. devices & circuits","1","£5,004,658.00"
"artificial intelligence","parallel computing","2","£2,301,697.00"
"artificial intelligence","psychology","2","£1,129,607.00"
"artificial intelligence","quantum optics & information","2","£11,535,836.00"
"artificial intelligence","robotics & autonomy","19","£27,002,364.00"
"artificial intelligence","social anthropology","1","£5,996,356.00"
"artificial intelligence","social psychology","4","£1,854,319.00"
"artificial intelligence","software engineering","16","£23,881,400.00"
"artificial intelligence","statistics & appl. probability","17","£70,537,278.00"
"artificial intelligence","transport ops & management","5","£7,131,443.00"
"artificial intelligence","vision & senses - ict appl.","6","£7,917,262.00"
"asymmetric chemistry","biological & medicinal chem.","2","£10,077,146.00"
"asymmetric chemistry","catalysis & applied catalysis","6","£2,267,905.00"
"asymmetric chemistry","chemical synthetic methodology","4","£10,722,491.00"
"asymmetric chemistry","physical organic chemistry","1","£231,446.00"
"atoms & ions","fusion","1","£326,261.00"
"atoms & ions","light-matter interactions","2","£1,391,381.00"
"atoms & ions","plasmas - laser & fusion","5","£1,202,875.00"
"behavioural & experimental eco","criminology","1","£1,975,496.00"
"behavioural & experimental eco","international law","1","£1,975,496.00"
"biochemical engineering","bioprocess engineering","2","£6,123,065.00"
"biochemical engineering","design of process systems","2","£6,123,065.00"
"biochemical engineering","macro-molecular delivery","1","£1,047,150.00"
"biochemical engineering","manufact. enterprise ops& mgmt","2","£5,471,836.00"
"biochemical engineering","manufacturing machine & plant","3","£10,547,751.00"
"bioelectronic devices","chemical biology","1","£5,468,668.00"
"bioelectronic devices","complex fluids & soft solids","1","£5,468,668.00"
"bioelectronic devices","displays","1","£7,190,025.00"
"bioelectronic devices","electronic devices & subsys.","3","£16,333,795.00"
"bioelectronic devices","lasers & optics","1","£7,190,025.00"
"bioelectronic devices","med.instrument.device& equip.","2","£5,708,678.00"
"bioelectronic devices","optical communications","2","£11,449,201.00"
"bioelectronic devices","optical phenomena","1","£7,190,025.00"
"bioelectronic devices","optoelect. devices & circuits","3","£16,333,795.00"
"bioelectronic devices","theoretical biology","1","£5,468,668.00"
"bioenergy","catalysis & applied catalysis","8","£6,957,224.00"
"bioenergy","design of process systems","4","£763,014.00"
"bioenergy","design processes","2","£4,078,746.00"
"bioenergy","energy efficiency","1","£2,690,768.00"
"bioenergy","fuel cell technologies","2","£3,724,814.00"
"bioenergy","physical organic chemistry","1","£314,946.00"
"bioenergy","separation processes","1","£109,027.00"
"bioenergy","surfaces & interfaces","1","£314,946.00"
"bioenergy","synthetic biology","1","£1,924,296.00"
"bioenergy","waste minimisation","1","£81,247.00"
"bioinformatics","biological & medicinal chem.","3","£17,357,174.00"
"bioinformatics","chemical biology","6","£33,142,687.00"
"bioinformatics","complexity science","1","£721,298.00"
"bioinformatics","drug formulation & delivery","1","£7,174,439.00"
"bioinformatics","genomics","5","£24,454,128.00"
"bioinformatics","human-computer interactions","2","£673,794.00"
"bioinformatics","information & knowledge mgmt","4","£7,114,417.00"
"bioinformatics","med.instrument.device& equip.","3","£19,824,552.00"
"bioinformatics","medical science & disease","4","£22,818,836.00"
"bioinformatics","novel industrial products","1","£7,174,439.00"
"bioinformatics","robotics & autonomy","2","£673,794.00"
"bioinformatics","statistics & appl. probability","3","£15,644,397.00"
"bioinformatics","theoretical biology","3","£15,644,397.00"
"bioinformatics","transport ops & management","1","£721,298.00"
"biological & medicinal chem.","biomaterials","2","£1,198,400.00"
"biological & medicinal chem.","catalysis & applied catalysis","2","£1,173,940.00"
"biological & medicinal chem.","cells","1","£1,425,873.00"
"biological & medicinal chem.","chemical biology","6","£23,568,947.00"
"biological & medicinal chem.","chemical synthetic methodology","10","£16,042,856.00"
"biological & medicinal chem.","drug formulation & delivery","3","£1,036,649.00"
"biological & medicinal chem.","manufacturing machine & plant","1","£124,188.00"
"biological & medicinal chem.","medical science & disease","2","£10,175,729.00"
"biological & medicinal chem.","protein folding / misfolding","1","£458,233.00"
"biological & medicinal chem.","statistics & appl. probability","2","£10,175,729.00"
"biological & medicinal chem.","tissue engineering","1","£7,181,445.00"
"biological membranes","chemical biology","1","£2,215.00"
"biomaterials","biomechanics & rehabilitation","16","£25,477,311.00"
"biomaterials","biophysics","2","£649,679.00"
"biomaterials","bioprocess engineering","7","£4,100,980.00"
"biomaterials","catalysis & applied catalysis","3","£8,062,399.00"
"biomaterials","complex fluids & soft solids","4","£4,814,642.00"
"biomaterials","continuum mechanics","2","£1,319,008.00"
"biomaterials","design of process systems","7","£4,100,980.00"
"biomaterials","drug formulation & delivery","5","£15,426,460.00"
"biomaterials","fuel cell technologies","1","£1,656,509.00"
"biomaterials","human-computer interactions","1","£628,709.00"
"biomaterials","information & knowledge mgmt","1","£628,709.00"
"biomaterials","instrumentation eng. & dev.","2","£8,830,948.00"
"biomaterials","manufact. enterprise ops& mgmt","3","£8,635,969.00"
"biomaterials","manufacturing machine & plant","12","£9,717,270.00"
"biomaterials","materials characterisation","19","£19,372,619.00"
"biomaterials","materials synthesis & growth","15","£16,953,381.00"
"biomaterials","materials testing & eng.","4","£8,214,017.00"
"biomaterials","med.instrument.device& equip.","15","£36,932,365.00"
"biomaterials","medical imaging","6","£14,575,885.00"
"biomaterials","rf & microwave technology","1","£148,602.00"
"biomaterials","scattering & spectroscopy","1","£725,631.00"
"biomaterials","surfaces & interfaces","3","£1,135,934.00"
"biomaterials","synthetic biology","3","£1,300,781.00"
"biomaterials","tissue engineering","24","£35,865,630.00"
"biomechanics & rehabilitation","computer graphics & visual.","2","£4,093,110.00"
"biomechanics & rehabilitation","design & testing technology","1","£466,444.00"
"biomechanics & rehabilitation","digital signal processing","1","£100,277.00"
"biomechanics & rehabilitation","drug formulation & delivery","3","£9,074,692.00"
"biomechanics & rehabilitation","human-computer interactions","4","£11,295,114.00"
"biomechanics & rehabilitation","image & vision computing","2","£4,501,392.00"
"biomechanics & rehabilitation","manufact. enterprise ops& mgmt","1","£507,337.00"
"biomechanics & rehabilitation","manufacturing machine & plant","2","£1,502,547.00"
"biomechanics & rehabilitation","med.instrument.device& equip.","12","£23,527,322.00"
"biomechanics & rehabilitation","medical imaging","7","£15,068,054.00"
"biomechanics & rehabilitation","robotics & autonomy","7","£9,652,596.00"
"biomechanics & rehabilitation","tissue engineering","11","£13,811,132.00"
"biomedical neuroscience","human-computer interactions","2","£5,075,939.00"
"biomedical neuroscience","med.instrument.device& equip.","7","£10,446,939.00"
"biomedical neuroscience","medical imaging","5","£6,749,449.00"
"biomedical neuroscience","medical science & disease","6","£11,371,844.00"
"biomedical neuroscience","theoretical biology","2","£5,893,508.00"
"biomedical neuroscience","vision & senses - ict appl.","2","£5,985,292.00"
"biophysics","chemical biology","2","£407,583.00"
"biophysics","complex fluids & soft solids","9","£15,998,501.00"
"biophysics","condensed matter physics","14","£11,388,619.00"
"biophysics","drug formulation & delivery","1","£13,061.00"
"biophysics","high performance computing","12","£1,035,334.00"
"biophysics","instrumentation eng. & dev.","3","£844,020.00"
"biophysics","lasers & optics","2","£4,595,236.00"
"biophysics","magnetism/magnetic phenomena","13","£4,721,110.00"
"biophysics","materials characterisation","6","£13,441,696.00"
"biophysics","med.instrument.device& equip.","2","£302,486.00"
"biophysics","microsystems","1","£201,932.00"
"biophysics","numerical analysis","1","£958,032.00"
"biophysics","optical devices & subsystems","2","£194,274.00"
"biophysics","plasmas - technological","1","£4,494,682.00"
"biophysics","quantum optics & information","2","£4,714,644.00"
"biophysics","solar technology","11","£546,881.00"
"biophysics","statistics & appl. probability","2","£4,163,446.00"
"biophysics","tools for the biosciences","1","£3,868,978.00"
"bioprocess engineering","design of process systems","14","£15,403,240.00"
"bioprocess engineering","drug formulation & delivery","2","£2,380,872.00"
"bioprocess engineering","manufact. enterprise ops& mgmt","1","£995,080.00"
"bioprocess engineering","manufacturing machine & plant","14","£15,383,267.00"
"bioprocess engineering","multiphase flow","1","£1,035,816.00"
"bioprocess engineering","protein engineering","1","£1,015,843.00"
"bioprocess engineering","robotics & autonomy","1","£995,080.00"
"building ops & management","civil engineering materials","2","£6,083,380.00"
"building ops & management","combustion","1","£7,073,862.00"
"building ops & management","computer graphics & visual.","1","£3,910,923.00"
"building ops & management","construction ops & management","4","£15,123,865.00"
"building ops & management","energy - marine & hydropower","1","£7,073,862.00"
"building ops & management","energy efficiency","10","£21,489,600.00"
"building ops & management","ground engineering","2","£1,533,958.00"
"building ops & management","information & knowledge mgmt","2","£9,841,403.00"
"building ops & management","materials processing","2","£239,079.00"
"building ops & management","med.instrument.device& equip.","2","£751,459.00"
"building ops & management","networks & distributed systems","1","£3,910,923.00"
"building ops & management","optoelect. devices & circuits","1","£99,283.00"
"building ops & management","psychology","1","£5,930,480.00"
"building ops & management","structural engineering","6","£15,935,315.00"
"building ops & management","sustainable energy vectors","1","£7,073,862.00"
"building ops & management","transport ops & management","6","£20,511,297.00"
"building ops & management","urban & land management","7","£17,026,913.00"
"building ops & management","water engineering","4","£15,148,319.00"
"carbon capture & storage","catalysis & applied catalysis","6","£4,241,007.00"
"carbon capture & storage","electrochemical science & eng.","3","£3,554,348.00"
"carbon capture & storage","energy storage","1","£1,656,509.00"
"carbon capture & storage","fuel cell technologies","1","£1,656,509.00"
"carbon capture & storage","instrumentation eng. & dev.","1","£1,656,509.00"
"carbon capture & storage","materials synthesis & growth","3","£3,022,785.00"
"carbon capture & storage","oil & gas extraction","1","£1,656,509.00"
"carbon capture & storage","solar technology","2","£1,783,154.00"
"carbon capture & storage","sustainable energy vectors","2","£1,396,511.00"
"catalysis & applied catalysis","chemical biology","6","£4,580,561.00"
"catalysis & applied catalysis","chemical structure","2","£1,586,726.00"
"catalysis & applied catalysis","chemical synthetic methodology","18","£22,411,501.00"
"catalysis & applied catalysis","co-ordination chemistry","13","£5,972,481.00"
"catalysis & applied catalysis","design of process systems","15","£34,114,552.00"
"catalysis & applied catalysis","design processes","4","£7,861,971.00"
"catalysis & applied catalysis","electrochemical science & eng.","9","£11,608,690.00"
"catalysis & applied catalysis","fuel cell technologies","3","£3,628,361.00"
"catalysis & applied catalysis","gas & solution phase reactions","14","£19,243,485.00"
"catalysis & applied catalysis","heat & mass transfer","7","£21,426,732.00"
"catalysis & applied catalysis","manufact. enterprise ops& mgmt","2","£5,169,972.00"
"catalysis & applied catalysis","manufacturing machine & plant","3","£1,346,881.00"
"catalysis & applied catalysis","materials characterisation","10","£13,944,001.00"
"catalysis & applied catalysis","materials synthesis & growth","10","£16,809,871.00"
"catalysis & applied catalysis","microsystems","5","£12,068,635.00"
"catalysis & applied catalysis","optoelect. devices & circuits","1","£204,437.00"
"catalysis & applied catalysis","physical organic chemistry","11","£3,798,452.00"
"catalysis & applied catalysis","protein chemistry","2","£389,453.00"
"catalysis & applied catalysis","reactor engineering","12","£13,167,212.00"
"catalysis & applied catalysis","solar technology","3","£3,587,419.00"
"catalysis & applied catalysis","surfaces & interfaces","7","£4,056,836.00"
"catalysis & applied catalysis","sustainable energy vectors","6","£5,120,049.00"
"catalysis & enzymology","chemical biology","1","£288,481.00"
"catalysis & enzymology","protein chemistry","1","£288,481.00"
"cells","complexity science","1","£4,691,124.00"
"cells","population ecology","1","£4,691,124.00"
"chemical biology","chemical structure","2","£1,662,081.00"
"chemical biology","chemical synthetic methodology","4","£3,431,653.00"
"chemical biology","design processes","1","£1,923,246.00"
"chemical biology","gas & solution phase reactions","5","£2,956,691.00"
"chemical biology","genomics","4","£20,464,821.00"
"chemical biology","information & knowledge mgmt","1","£5,468,668.00"
"chemical biology","med.instrument.device& equip.","4","£16,431,091.00"
"chemical biology","medical science & disease","3","£15,644,397.00"
"chemical biology","protein chemistry","1","£288,481.00"
"chemical biology","statistics & appl. probability","3","£15,644,397.00"
"chemical biology","synthetic biology","1","£372,234.00"
"chemical biology","theoretical biology","3","£15,644,397.00"
"chemical structure","chemical synthetic methodology","8","£6,203,997.00"
"chemical structure","co-ordination chemistry","10","£11,713,640.00"
"chemical structure","condensed matter physics","2","£1,117,075.00"
"chemical structure","electrochemical science & eng.","4","£7,570,298.00"
"chemical structure","energy - conventional","1","£397,354.00"
"chemical structure","gas & solution phase reactions","3","£3,096,387.00"
"chemical structure","instrumentation eng. & dev.","2","£2,281,703.00"
"chemical structure","light-matter interactions","1","£1,227,972.00"
"chemical structure","materials characterisation","3","£13,831,250.00"
"chemical structure","materials synthesis & growth","3","£7,484,002.00"
"chemical structure","optoelect. devices & circuits","1","£4,884,594.00"
"chemical structure","physical organic chemistry","3","£2,378,815.00"
"chemical structure","population ecology","1","£6,531,178.00"
"chemical structure","quantum optics & information","3","£7,578,367.00"
"chemical structure","software engineering","3","£534,502.00"
"chemical structure","surfaces & interfaces","3","£2,899,451.00"
"chemical synthetic methodology","co-ordination chemistry","7","£4,281,968.00"
"chemical synthetic methodology","design of process systems","2","£9,846,420.00"
"chemical synthetic methodology","electrochemical science & eng.","6","£9,605,659.00"
"chemical synthetic methodology","energy storage","2","£2,887,062.00"
"chemical synthetic methodology","gas & solution phase reactions","2","£335,610.00"
"chemical synthetic methodology","instrumentation eng. & dev.","4","£4,852,000.00"
"chemical synthetic methodology","materials characterisation","4","£17,816,260.00"
"chemical synthetic methodology","materials synthesis & growth","10","£32,730,181.00"
"chemical synthetic methodology","physical organic chemistry","5","£4,093,416.00"
"chemical synthetic methodology","reactor engineering","2","£545,653.00"
"chemical synthetic methodology","separation processes","1","£564,726.00"
"chemical synthetic methodology","surfaces & interfaces","5","£2,225,570.00"
"civil engineering materials","construction ops & management","5","£6,458,747.00"
"civil engineering materials","environmental economics","1","£2,926.00"
"civil engineering materials","ground engineering","4","£2,461,626.00"
"civil engineering materials","manufacturing machine & plant","1","£263,811.00"
"civil engineering materials","materials processing","1","£488,017.00"
"civil engineering materials","materials testing & eng.","5","£2,636,331.00"
"civil engineering materials","structural engineering","9","£11,422,333.00"
"civil engineering materials","urban & land management","1","£2,926.00"
"civil engineering materials","waste minimisation","2","£788,111.00"
"climate & climate change","coastal & waterway engineering","2","£1,514,829.00"
"climate & climate change","land - ocean interactions","1","£1,415,336.00"
"co-ordination chemistry","electrochemical science & eng.","4","£7,853,974.00"
"co-ordination chemistry","materials characterisation","5","£7,846,027.00"
"co-ordination chemistry","materials synthesis & growth","7","£8,545,542.00"
"co-ordination chemistry","surfaces & interfaces","2","£2,114,959.00"
"coal technology","energy - conventional","1","£6,550,555.00"
"coastal & waterway engineering","complexity science","2","£1,998,100.00"
"coastal & waterway engineering","earth & environmental","1","£1,581,410.00"
"coastal & waterway engineering","energy - nuclear","1","£1,415,336.00"
"coastal & waterway engineering","energy efficiency","2","£1,707,880.00"
"coastal & waterway engineering","manufact. enterprise ops& mgmt","1","£483,898.00"
"coastal & waterway engineering","mobile computing","1","£2,503,462.00"
"coastal & waterway engineering","transport ops & management","1","£1,223,982.00"
"coastal & waterway engineering","urban & land management","4","£5,850,856.00"
"coastal & waterway engineering","water engineering","6","£8,824,651.00"
"cognitive psychology","human-computer interactions","2","£1,216,924.00"
"cognitive psychology","image & vision computing","4","£2,052,238.00"
"cognitive psychology","music & acoustic technology","1","£100,224.00"
"cognitive psychology","vision & senses - ict appl.","4","£2,052,238.00"
"cognitive science appl. in ict","digital art & design","1","£438,505.00"
"cognitive science appl. in ict","human-computer interactions","4","£6,277,501.00"
"cognitive science appl. in ict","manufact. enterprise ops& mgmt","2","£1,056,088.00"
"cognitive science appl. in ict","new & emerging comp. paradigms","1","£4,782,908.00"
"cognitive science appl. in ict","robotics & autonomy","2","£1,279,448.00"
"cold atomic species","gas & solution phase reactions","4","£2,405,306.00"
"cold atomic species","light-matter interactions","7","£15,778,752.00"
"cold atomic species","quantum optics & information","11","£23,254,587.00"
"combustion","continuum mechanics","1","£397,424.00"
"combustion","electric motor & drive systems","1","£179,235.00"
"combustion","energy - conventional","2","£8,547,555.00"
"combustion","eng. dynamics & tribology","1","£1,500,938.00"
"combustion","fluid dynamics","18","£3,108,668.00"
"combustion","high performance computing","2","£970,003.00"
"combustion","instrumentation eng. & dev.","3","£1,789,626.00"
"combustion","numerical analysis","1","£1,500,938.00"
"combustion","sustainable energy vectors","1","£7,073,862.00"
"complex fluids & soft solids","condensed matter physics","1","£2,980,631.00"
"complex fluids & soft solids","continuum mechanics","3","£2,869,328.00"
"complex fluids & soft solids","electrochemical science & eng.","2","£634,559.00"
"complex fluids & soft solids","fluid dynamics","5","£2,656,571.00"
"complex fluids & soft solids","information & knowledge mgmt","1","£5,468,668.00"
"complex fluids & soft solids","manufacturing machine & plant","3","£3,648,604.00"
"complex fluids & soft solids","materials characterisation","9","£18,269,022.00"
"complex fluids & soft solids","materials synthesis & growth","8","£7,099,010.00"
"complex fluids & soft solids","medical science & disease","1","£5,468,668.00"
"complex fluids & soft solids","microsystems","2","£1,903,517.00"
"complex fluids & soft solids","multiphase flow","7","£4,178,092.00"
"complex fluids & soft solids","optoelect. devices & circuits","3","£129,896.00"
"complex fluids & soft solids","particle technology","4","£1,899,691.00"
"complex fluids & soft solids","population ecology","1","£5,468,668.00"
"complex fluids & soft solids","reactor engineering","2","£965,887.00"
"complex fluids & soft solids","statistics & appl. probability","2","£6,639,817.00"
"complex fluids & soft solids","tools for the biosciences","1","£344,067.00"
"complexity science","continuum mechanics","1","£161,542.00"
"complexity science","control engineering","3","£5,552,626.00"
"complexity science","economics","1","£807,635.00"
"complexity science","energy efficiency","1","£283,789.00"
"complexity science","fluid dynamics","1","£6,531,178.00"
"complexity science","high performance computing","2","£985,455.00"
"complexity science","human-computer interactions","1","£807,635.00"
"complexity science","information & knowledge mgmt","2","£8,895,258.00"
"complexity science","manufact. enterprise ops& mgmt","2","£3,772,771.00"
"complexity science","mathematical analysis","2","£637,236.00"
"complexity science","med.instrument.device& equip.","2","£4,013,253.00"
"complexity science","medical science & disease","4","£14,791,982.00"
"complexity science","networks & distributed systems","4","£10,175,343.00"
"complexity science","non-linear systems mathematics","12","£29,546,870.00"
"complexity science","numerical analysis","5","£7,959,329.00"
"complexity science","population ecology","2","£11,222,302.00"
"complexity science","social stats., comp. & methods","1","£3,444,605.00"
"complexity science","software engineering","1","£507,675.00"
"complexity science","statistics & appl. probability","10","£23,937,413.00"
"complexity science","sustainable energy networks","4","£12,889,453.00"
"complexity science","theoretical biology","3","£14,498,930.00"
"complexity science","transport ops & management","4","£8,236,113.00"
"complexity science","urban & land management","6","£13,572,634.00"
"complexity science","water engineering","4","£15,804,941.00"
"composition","music & acoustic technology","1","£5,971,211.00"
"comput./corpus linguistics","fundamentals of computing","1","£375,602.00"
"comput./corpus linguistics","human-computer interactions","2","£1,527,980.00"
"comput./corpus linguistics","information & knowledge mgmt","2","£1,281,197.00"
"comput./corpus linguistics","software engineering","1","£375,602.00"
"computational linguistics","information & knowledge mgmt","1","£340,421.00"
"computer graphics & visual.","design engineering","1","£5,965,328.00"
"computer graphics & visual.","design processes","1","£1,437,554.00"
"computer graphics & visual.","digital art & design","3","£18,027,370.00"
"computer graphics & visual.","digital signal processing","1","£98,964.00"
"computer graphics & visual.","fundamentals of computing","3","£2,005,248.00"
"computer graphics & visual.","human communication in ict","3","£881,806.00"
"computer graphics & visual.","human-computer interactions","18","£42,318,261.00"
"computer graphics & visual.","image & vision computing","14","£31,735,784.00"
"computer graphics & visual.","information & knowledge mgmt","11","£20,537,190.00"
"computer graphics & visual.","medical imaging","1","£352,913.00"
"computer graphics & visual.","mobile computing","2","£11,669,263.00"
"computer graphics & visual.","multimedia","3","£17,710,748.00"
"computer graphics & visual.","networks & distributed systems","5","£17,045,677.00"
"computer graphics & visual.","organisational studies","1","£753,394.00"
"computer graphics & visual.","product design","1","£5,965,328.00"
"computer graphics & visual.","software engineering","4","£7,611,392.00"
"computer graphics & visual.","time-based media htp","1","£6,358,107.00"
"computer graphics & visual.","vision & senses - ict appl.","2","£1,647,934.00"
"computer sys. & architecture","digital signal processing","1","£480,201.00"
"computer sys. & architecture","electronic devices & subsys.","7","£13,922,218.00"
"computer sys. & architecture","fundamentals of computing","27","£32,304,172.00"
"computer sys. & architecture","industrial-org/occupational","1","£3,793,546.00"
"computer sys. & architecture","information & knowledge mgmt","7","£14,057,297.00"
"computer sys. & architecture","microsystems","1","£919,337.00"
"computer sys. & architecture","mobile computing","3","£141,066.00"
"computer sys. & architecture","modelling & simul. of it sys.","3","£8,384,174.00"
"computer sys. & architecture","networks & distributed systems","17","£28,382,751.00"
"computer sys. & architecture","parallel computing","4","£10,619,480.00"
"computer sys. & architecture","software engineering","11","£27,225,489.00"
"computer sys. & architecture","system on chip","1","£1,212,276.00"
"computer sys. & architecture","vlsi design","2","£5,900,808.00"
"condensed matter physics","electronic devices & subsys.","3","£6,139,445.00"
"condensed matter physics","high performance computing","12","£1,267,312.00"
"condensed matter physics","magnetism/magnetic phenomena","38","£44,676,871.00"
"condensed matter physics","materials characterisation","21","£36,794,143.00"
"condensed matter physics","materials synthesis & growth","13","£23,468,787.00"
"condensed matter physics","optical devices & subsystems","2","£5,264,574.00"
"condensed matter physics","optical phenomena","2","£550,906.00"
"condensed matter physics","plasmas - laser & fusion","2","£1,020,144.00"
"condensed matter physics","quantum fluids & solids","6","£8,049,811.00"
"condensed matter physics","quantum optics & information","13","£31,058,427.00"
"condensed matter physics","solar technology","11","£546,881.00"
"construction ops & management","ground engineering","1","£4,417,693.00"
"construction ops & management","materials testing & eng.","2","£79,939.00"
"construction ops & management","structural engineering","5","£22,138,448.00"
"construction ops & management","transport ops & management","4","£10,889,736.00"
"construction ops & management","urban & land management","5","£13,295,660.00"
"construction ops & management","water engineering","3","£10,167,546.00"
"continuum mechanics","design & testing technology","2","£869,052.00"
"continuum mechanics","fluid dynamics","7","£12,721,107.00"
"continuum mechanics","logic & combinatorics","8","£9,468,288.00"
"continuum mechanics","materials characterisation","5","£2,828,869.00"
"continuum mechanics","materials testing & eng.","1","£1,094,685.00"
"continuum mechanics","mathematical analysis","12","£10,824,684.00"
"continuum mechanics","mathematical aspects of or","4","£8,868,828.00"
"continuum mechanics","mathematical physics","8","£9,468,288.00"
"continuum mechanics","non-linear systems mathematics","27","£26,573,131.00"
"continuum mechanics","numerical analysis","16","£21,917,329.00"
"continuum mechanics","software engineering","2","£1,440,744.00"
"continuum mechanics","statistics & appl. probability","11","£18,733,457.00"
"continuum mechanics","underwater engineering","1","£1,094,685.00"
"control engineering","design & testing technology","2","£1,220,959.00"
"control engineering","design engineering","5","£5,080,737.00"
"control engineering","electric motor & drive systems","4","£1,559,474.00"
"control engineering","eng. dynamics & tribology","2","£4,764,013.00"
"control engineering","fundamentals of computing","3","£9,611,420.00"
"control engineering","human-computer interactions","2","£10,672,494.00"
"control engineering","image & vision computing","2","£1,611,834.00"
"control engineering","information & knowledge mgmt","4","£11,424,479.00"
"control engineering","intelligent & expert systems","3","£3,337,696.00"
"control engineering","manufact. enterprise ops& mgmt","3","£9,348,379.00"
"control engineering","manufacturing machine & plant","5","£12,653,079.00"
"control engineering","med.instrument.device& equip.","1","£1,085,910.00"
"control engineering","mobile computing","3","£9,559,082.00"
"control engineering","networks & distributed systems","5","£10,188,690.00"
"control engineering","numerical analysis","1","£487,241.00"
"control engineering","power sys man, prot & control","2","£789,528.00"
"control engineering","rf & microwave technology","1","£5,032,504.00"
"control engineering","robotics & autonomy","14","£26,949,442.00"
"control engineering","statistics & appl. probability","1","£546,970.00"
"control engineering","synthetic biology","4","£3,584,309.00"
"control engineering","theoretical biology","1","£3,610,642.00"
"control engineering","underwater engineering","2","£5,840,177.00"
"criminal law & criminology","criminology","3","£5,019,737.00"
"criminal law & criminology","international law","1","£1,975,496.00"
"criminal law & criminology","modelling & simul. of it sys.","1","£1,016,595.00"
"criminal law & criminology","networks & distributed systems","3","£5,019,737.00"
"criminology","fundamentals of computing","3","£2,088,056.00"
"criminology","information & knowledge mgmt","3","£4,022,996.00"
"criminology","mobile computing","1","£19,854.00"
"criminology","modelling & simul. of it sys.","2","£1,057,151.00"
"criminology","networks & distributed systems","5","£5,080,147.00"
"design & testing technology","design engineering","4","£13,223,213.00"
"design & testing technology","electronic devices & subsys.","2","£9,591,919.00"
"design & testing technology","eng. dynamics & tribology","1","£466,444.00"
"design & testing technology","fluid dynamics","2","£376,805.00"
"design & testing technology","high performance computing","1","£769,539.00"
"design & testing technology","human-computer interactions","2","£1,056,088.00"
"design & testing technology","instrumentation eng. & dev.","1","£98,357.00"
"design & testing technology","lasers & optics","2","£10,862,758.00"
"design & testing technology","manufact. enterprise ops& mgmt","6","£9,303,543.00"
"design & testing technology","manufacturing machine & plant","9","£14,031,884.00"
"design & testing technology","materials processing","6","£14,752,089.00"
"design & testing technology","materials testing & eng.","2","£8,514,859.00"
"design & testing technology","optical devices & subsystems","1","£7,190,025.00"
"design & testing technology","optoelect. devices & circuits","1","£7,190,025.00"
"design & testing technology","robotics & autonomy","3","£4,415,250.00"
"design & testing technology","sustainable energy networks","1","£375,708.00"
"design & testing technology","tissue engineering","1","£333,657.00"
"design engineering","design processes","3","£3,180,481.00"
"design engineering","energy efficiency","1","£6,044,904.00"
"design engineering","fluid dynamics","2","£855,720.00"
"design engineering","human-computer interactions","3","£10,178,178.00"
"design engineering","information & knowledge mgmt","4","£17,632,510.00"
"design engineering","intelligent & expert systems","3","£1,859,306.00"
"design engineering","manufact. enterprise ops& mgmt","6","£14,318,103.00"
"design engineering","manufacturing machine & plant","6","£7,377,003.00"
"design engineering","networks & distributed systems","2","£10,028,282.00"
"design engineering","optical devices & subsystems","1","£935,611.00"
"design engineering","psychology","1","£5,930,480.00"
"design engineering","statistics & appl. probability","2","£4,579,874.00"
"design engineering","transport ops & management","2","£9,993,434.00"
"design of process systems","gas & solution phase reactions","6","£16,814,215.00"
"design of process systems","heat & mass transfer","7","£17,521,657.00"
"design of process systems","intelligent measurement sys.","1","£4,956,495.00"
"design of process systems","manufact. enterprise ops& mgmt","5","£8,769,912.00"
"design of process systems","manufacturing machine & plant","20","£31,840,922.00"
"design of process systems","materials processing","4","£1,271,438.00"
"design of process systems","materials synthesis & growth","3","£10,611,071.00"
"design of process systems","mathematical aspects of or","2","£1,544,569.00"
"design of process systems","microsystems","5","£12,568,294.00"
"design of process systems","optoelect. devices & circuits","2","£3,097,215.00"
"design of process systems","particle technology","7","£18,053,258.00"
"design of process systems","reactor engineering","6","£8,785,726.00"
"design of process systems","separation processes","3","£5,924,130.00"
"design of process systems","water engineering","1","£1,196,635.00"
"design processes","human communication in ict","3","£6,921,230.00"
"design processes","human-computer interactions","5","£8,047,851.00"
"design processes","information & knowledge mgmt","8","£13,036,757.00"
"design processes","mobile computing","2","£5,060,181.00"
"design processes","networks & distributed systems","2","£1,847,077.00"
"development (biosciences)","med.instrument.device& equip.","5","£2,325,834.00"
"development (biosciences)","robotics & autonomy","4","£1,070,825.00"
"developmental psychology","human communication in ict","1","£559,077.00"
"developmental psychology","robotics & autonomy","1","£559,077.00"
"digital art & design","digital arts htp","2","£12,062,042.00"
"digital art & design","human-computer interactions","3","£12,107,768.00"
"digital art & design","manufact. business strategy","1","£5,965,328.00"
"digital art & design","mobile computing","2","£11,669,263.00"
"digital art & design","multimedia","2","£12,062,042.00"
"digital art & design","new media/web-based studies","2","£12,062,042.00"
"digital art & design","software engineering","1","£5,965,328.00"
"digital arts htp","human-computer interactions","1","£5,703,935.00"
"digital arts htp","mobile computing","1","£5,703,935.00"
"digital arts htp","multimedia","2","£12,062,042.00"
"digital arts htp","new media/web-based studies","2","£12,062,042.00"
"digital signal processing","human communication in ict","2","£7,133,790.00"
"digital signal processing","human-computer interactions","3","£6,574,309.00"
"digital signal processing","image & vision computing","7","£10,908,192.00"
"digital signal processing","med.instrument.device& equip.","3","£2,323,844.00"
"digital signal processing","microsystems","1","£4,942,312.00"
"digital signal processing","music & acoustic technology","8","£14,661,338.00"
"digital signal processing","networks & distributed systems","9","£14,577,594.00"
"digital signal processing","optical communications","4","£11,363,966.00"
"digital signal processing","optical devices & subsystems","4","£17,478,395.00"
"digital signal processing","rf & microwave technology","27","£21,258,852.00"
"digital signal processing","system on chip","1","£3,403,307.00"
"digital signal processing","vision & senses - ict appl.","7","£5,371,071.00"
"displays","lasers & optics","2","£11,652,122.00"
"displays","optical communications","2","£11,652,122.00"
"displays","optical devices & subsystems","3","£11,749,150.00"
"displays","optoelect. devices & circuits","2","£11,652,122.00"
"drug formulation & delivery","instrumentation eng. & dev.","3","£13,332,368.00"
"drug formulation & delivery","manufacturing machine & plant","2","£4,093,949.00"
"drug formulation & delivery","materials characterisation","8","£11,247,180.00"
"drug formulation & delivery","materials synthesis & growth","7","£9,451,082.00"
"drug formulation & delivery","med.instrument.device& equip.","11","£27,939,280.00"
"drug formulation & delivery","medical imaging","7","£13,445,993.00"
"drug formulation & delivery","optoelect. devices & circuits","1","£13,061.00"
"drug formulation & delivery","tissue engineering","6","£22,377,643.00"
"economics","energy efficiency","1","£2,690,768.00"
"economics","human-computer interactions","2","£8,324,372.00"
"economics","software engineering","1","£7,516,737.00"
"education","management & business studies","1","£3,444,605.00"
"education","social stats., comp. & methods","1","£3,444,605.00"
"education","transport ops & management","1","£3,444,605.00"
"education","water engineering","1","£3,444,605.00"
"electric motor & drive systems","electronic devices & subsys.","2","£4,951,809.00"
"electric motor & drive systems","energy storage","4","£1,765,038.00"
"electrochemical science & eng.","energy efficiency","3","£4,206,164.00"
"electrochemical science & eng.","fuel cell technologies","2","£3,289,944.00"
"electrochemical science & eng.","materials characterisation","4","£7,295,328.00"
"electrochemical science & eng.","materials synthesis & growth","6","£10,398,416.00"
"electrochemical science & eng.","physical organic chemistry","3","£954,862.00"
"electrochemical science & eng.","separation processes","3","£2,287,145.00"
"electrochemical science & eng.","surfaces & interfaces","4","£1,857,540.00"
"electrochemical science & eng.","sustainable energy vectors","3","£1,414,969.00"
"electromagnetics","materials synthesis & growth","1","£986,782.00"
"electromagnetics","rf & microwave technology","1","£4,618,424.00"
"electronic devices & subsys.","fundamentals of computing","4","£6,659,458.00"
"electronic devices & subsys.","instrumentation eng. & dev.","1","£307,559.00"
"electronic devices & subsys.","lasers & optics","2","£11,652,122.00"
"electronic devices & subsys.","magnetism/magnetic phenomena","3","£6,139,445.00"
"electronic devices & subsys.","manufact. enterprise ops& mgmt","4","£9,680,518.00"
"electronic devices & subsys.","manufacturing machine & plant","8","£18,153,188.00"
"electronic devices & subsys.","materials characterisation","8","£10,053,969.00"
"electronic devices & subsys.","materials synthesis & growth","15","£20,086,198.00"
"electronic devices & subsys.","med.instrument.device& equip.","2","£5,317,527.00"
"electronic devices & subsys.","mobile computing","1","£5,032,504.00"
"electronic devices & subsys.","networks & distributed systems","2","£9,114,198.00"
"electronic devices & subsys.","optical communications","3","£15,911,298.00"
"electronic devices & subsys.","optical devices & subsystems","6","£18,883,277.00"
"electronic devices & subsys.","optoelect. devices & circuits","8","£22,849,478.00"
"electronic devices & subsys.","quantum optics & information","4","£7,485,209.00"
"electronic devices & subsys.","rf & microwave technology","10","£9,765,427.00"
"electronic devices & subsys.","system on chip","2","£4,615,583.00"
"energy - conventional","energy - nuclear","1","£737,970.00"
"energy - conventional","fluid dynamics","2","£543,229.00"
"energy - conventional","manufacturing machine & plant","3","£521,059.00"
"energy - conventional","materials processing","3","£6,627,011.00"
"energy - conventional","power systems plant","2","£3,941,441.00"
"energy - conventional","transport ops & management","1","£6,550,555.00"
"energy - marine & hydropower","fluid dynamics","3","£1,040,858.00"
"energy - marine & hydropower","software engineering","3","£1,040,858.00"
"energy - marine & hydropower","underwater engineering","3","£557,545.00"
"energy - marine & hydropower","wind power","3","£14,377,472.00"
"energy - nuclear","manufacturing machine & plant","2","£5,140,025.00"
"energy - nuclear","materials testing & eng.","2","£257,913.00"
"energy - nuclear","plasmas - laser & fusion","1","£328,689.00"
"energy efficiency","energy storage","7","£6,237,145.00"
"energy efficiency","heat & mass transfer","4","£9,228,757.00"
"energy efficiency","human-computer interactions","9","£8,991,928.00"
"energy efficiency","manufact. enterprise ops& mgmt","2","£716,910.00"
"energy efficiency","manufacturing machine & plant","10","£2,857,621.00"
"energy efficiency","materials processing","4","£1,145,717.00"
"energy efficiency","materials synthesis & growth","3","£1,238,442.00"
"energy efficiency","solar technology","2","£462,698.00"
"energy efficiency","sustainable energy networks","6","£23,772,508.00"
"energy efficiency","sustainable energy vectors","3","£23,551,389.00"
"energy efficiency","urban & land management","4","£13,930,188.00"
"energy efficiency","water engineering","1","£1,223,982.00"
"energy storage","fuel cell technologies","3","£5,070,886.00"
"energy storage","manufacturing machine & plant","3","£4,154,076.00"
"energy storage","materials characterisation","3","£2,360,565.00"
"energy storage","materials synthesis & growth","3","£2,894,081.00"
"energy storage","power sys man, prot & control","1","£1,018,626.00"
"energy storage","solar technology","4","£2,739,377.00"
"energy storage","sustainable energy networks","12","£15,360,606.00"
"eng. dynamics & tribology","instrumentation eng. & dev.","1","£1,656,509.00"
"eng. dynamics & tribology","manufacturing machine & plant","2","£5,829,441.00"
"eng. dynamics & tribology","materials characterisation","3","£6,880,348.00"
"eng. dynamics & tribology","materials processing","3","£5,566,362.00"
"eng. dynamics & tribology","materials testing & eng.","9","£16,797,000.00"
"eng. dynamics & tribology","numerical analysis","1","£1,500,938.00"
"eng. dynamics & tribology","optical devices & subsystems","1","£995,080.00"
"eng. dynamics & tribology","rheology","1","£538,610.00"
"eng. dynamics & tribology","robotics & autonomy","2","£1,337,397.00"
"environment & health","water engineering","2","£568,459.00"
"environmental planning","human geography (general)","1","£3,567,862.00"
"environmental planning","sociology","1","£3,567,862.00"
"environmental planning","transport ops & management","1","£3,567,862.00"
"evolution & populations","materials characterisation","1","£1,190,209.00"
"evolution & populations","plant responses to environment","1","£1,190,209.00"
"fluid dynamics","heat & mass transfer","3","£1,292,936.00"
"fluid dynamics","intelligent & expert systems","2","£855,720.00"
"fluid dynamics","manufacturing machine & plant","2","£376,805.00"
"fluid dynamics","med.instrument.device& equip.","1","£999,726.00"
"fluid dynamics","medical science & disease","2","£10,472,194.00"
"fluid dynamics","microsystems","6","£7,595,937.00"
"fluid dynamics","multiphase flow","7","£7,472,767.00"
"fluid dynamics","pollution","1","£6,531,178.00"
"fluid dynamics","quantum optics & information","1","£6,531,178.00"
"fluid dynamics","rheology","2","£1,996,778.00"
"fluid dynamics","software engineering","6","£1,948,056.00"
"food processing","food structure/composition","1","£4,501,050.00"
"food processing","manufacturing machine & plant","2","£4,648,254.00"
"food processing","sustainable energy networks","1","£1,395,661.00"
"food processing","water engineering","2","£2,804,352.00"
"food structure/composition","materials characterisation","1","£238,693.00"
"food structure/composition","particle technology","1","£402,178.00"
"fuel cell technologies","materials characterisation","2","£1,680,087.00"
"fuel cell technologies","oil & gas extraction","1","£1,656,509.00"
"fuel cell technologies","sustainable energy vectors","9","£20,248,061.00"
"fuel cell technologies","synthetic biology","3","£3,488,503.00"
"fundamentals of computing","human-computer interactions","8","£10,131,716.00"
"fundamentals of computing","industrial-org/occupational","1","£3,793,546.00"
"fundamentals of computing","information & knowledge mgmt","16","£34,046,112.00"
"fundamentals of computing","logic & combinatorics","4","£4,374,408.00"
"fundamentals of computing","mathematical analysis","2","£1,526,467.00"
"fundamentals of computing","mathematical aspects of or","6","£11,799,936.00"
"fundamentals of computing","mobile computing","11","£14,549,656.00"
"fundamentals of computing","modelling & simul. of it sys.","8","£12,090,002.00"
"fundamentals of computing","networks & distributed systems","35","£43,196,709.00"
"fundamentals of computing","numerical analysis","1","£1,228,231.00"
"fundamentals of computing","optoelect. devices & circuits","1","£5,004,658.00"
"fundamentals of computing","organisational studies","2","£4,442,530.00"
"fundamentals of computing","political geography","1","£3,454,896.00"
"fundamentals of computing","psychology","1","£39,455.00"
"fundamentals of computing","quantum optics & information","2","£5,302,894.00"
"fundamentals of computing","rf & microwave technology","3","£5,353,257.00"
"fundamentals of computing","robotics & autonomy","4","£1,691,986.00"
"fundamentals of computing","software engineering","35","£44,298,052.00"
"fundamentals of computing","system on chip","2","£571,410.00"
"fusion","plasmas - laser & fusion","6","£2,396,747.00"
"fusion","plasmas - technological","2","£405,235.00"
"gas & solution phase reactions","heat & mass transfer","6","£16,814,215.00"
"gas & solution phase reactions","light-matter interactions","2","£7,066,482.00"
"gas & solution phase reactions","materials characterisation","3","£302,001.00"
"gas & solution phase reactions","microsystems","4","£11,654,736.00"
"gas & solution phase reactions","physical organic chemistry","4","£4,757,903.00"
"gas & solution phase reactions","scattering & spectroscopy","1","£5,838,510.00"
"gas & solution phase reactions","separation processes","4","£6,048,821.00"
"gas & solution phase reactions","surfaces & interfaces","3","£1,739,638.00"
"genomics","medical science & disease","3","£15,644,397.00"
"genomics","statistics & appl. probability","3","£15,644,397.00"
"genomics","theoretical biology","3","£15,644,397.00"
"geohazards","survey & monitoring","1","£246,258.00"
"governance","human-computer interactions","2","£1,097,691.00"
"governance","information & knowledge mgmt","2","£1,097,691.00"
"governance","social policy","2","£1,097,691.00"
"ground engineering","materials testing & eng.","1","£414,440.00"
"ground engineering","numerical analysis","1","£2,048,925.00"
"ground engineering","soil science","6","£2,458,999.00"
"ground engineering","structural engineering","7","£9,794,517.00"
"ground engineering","transport ops & management","4","£6,212,348.00"
"ground engineering","urban & land management","3","£10,955,733.00"
"heat & mass transfer","microsystems","10","£14,115,498.00"
"heat & mass transfer","reactor engineering","3","£9,771,996.00"
"heat & mass transfer","separation processes","2","£5,159,479.00"
"high performance computing","magnetism/magnetic phenomena","11","£546,881.00"
"high performance computing","materials characterisation","2","£1,154,272.00"
"high performance computing","numerical analysis","1","£1,437,554.00"
"high performance computing","parallel computing","4","£821,783.00"
"high performance computing","software engineering","2","£1,228,106.00"
"high performance computing","solar technology","11","£546,881.00"
"human communication in ict","human-computer interactions","14","£15,382,932.00"
"human communication in ict","information & knowledge mgmt","11","£14,710,000.00"
"human communication in ict","music & acoustic technology","1","£897,686.00"
"human communication in ict","networks & distributed systems","2","£5,055,223.00"
"human communication in ict","robotics & autonomy","3","£1,626,404.00"
"human geography (general)","sociology","1","£3,567,862.00"
"human geography (general)","transport ops & management","1","£3,567,862.00"
"human-computer interactions","image & vision computing","13","£38,051,800.00"
"human-computer interactions","information & knowledge mgmt","60","£77,477,720.00"
"human-computer interactions","knowledge management","1","£662,804.00"
"human-computer interactions","management & business studies","4","£9,524,708.00"
"human-computer interactions","manufact. business strategy","4","£7,419,756.00"
"human-computer interactions","manufact. enterprise ops& mgmt","4","£1,893,790.00"
"human-computer interactions","med.instrument.device& equip.","4","£2,209,758.00"
"human-computer interactions","media & communication studies","2","£6,549,112.00"
"human-computer interactions","microsystems","1","£628,709.00"
"human-computer interactions","mobile computing","32","£46,950,862.00"
"human-computer interactions","multimedia","5","£13,129,574.00"
"human-computer interactions","music & acoustic technology","6","£17,020,604.00"
"human-computer interactions","networks & distributed systems","27","£56,902,485.00"
"human-computer interactions","organisational studies","3","£1,765,024.00"
"human-computer interactions","product design","1","£5,965,328.00"
"human-computer interactions","psychology","5","£2,797,715.00"
"human-computer interactions","robotics & autonomy","12","£17,263,174.00"
"human-computer interactions","social policy","3","£1,942,868.00"
"human-computer interactions","social theory","1","£775,542.00"
"human-computer interactions","software engineering","10","£22,317,663.00"
"human-computer interactions","transport ops & management","2","£7,973,877.00"
"human-computer interactions","vision & senses - ict appl.","4","£7,253,065.00"
"image & vision computing","information & knowledge mgmt","3","£868,020.00"
"image & vision computing","instrumentation eng. & dev.","6","£5,277,312.00"
"image & vision computing","materials characterisation","1","£238,693.00"
"image & vision computing","materials testing & eng.","2","£5,649,702.00"
"image & vision computing","med.instrument.device& equip.","5","£13,723,658.00"
"image & vision computing","medical imaging","6","£6,704,242.00"
"image & vision computing","music & acoustic technology","3","£15,084,360.00"
"image & vision computing","networks & distributed systems","5","£22,691,269.00"
"image & vision computing","optical devices & subsystems","2","£3,106,678.00"
"image & vision computing","rf & microwave technology","2","£14,717,804.00"
"image & vision computing","robotics & autonomy","11","£9,793,403.00"
"image & vision computing","vision & senses - ict appl.","19","£14,652,485.00"
"industrial-org/occupational","modelling & simul. of it sys.","1","£3,793,546.00"
"industrial-org/occupational","organisational studies","1","£3,793,546.00"
"information & knowledge mgmt","intelligent & expert systems","2","£7,438,471.00"
"information & knowledge mgmt","international law","1","£1,975,496.00"
"information & knowledge mgmt","logic & combinatorics","1","£3,454,896.00"
"information & knowledge mgmt","management & business studies","3","£2,007,971.00"
"information & knowledge mgmt","manufact. business strategy","2","£7,900,121.00"
"information & knowledge mgmt","manufact. enterprise ops& mgmt","3","£5,313,513.00"
"information & knowledge mgmt","materials testing & eng.","2","£559,340.00"
"information & knowledge mgmt","mathematical aspects of or","2","£4,098,203.00"
"information & knowledge mgmt","med.instrument.device& equip.","6","£20,840,311.00"
"information & knowledge mgmt","medical science & disease","2","£11,999,846.00"
"information & knowledge mgmt","microsystems","2","£11,686,638.00"
"information & knowledge mgmt","mobile computing","31","£49,895,992.00"
"information & knowledge mgmt","modelling & simul. of it sys.","4","£9,916,765.00"
"information & knowledge mgmt","networks & distributed systems","33","£67,139,031.00"
"information & knowledge mgmt","organisational studies","2","£4,546,940.00"
"information & knowledge mgmt","political geography","2","£7,455,498.00"
"information & knowledge mgmt","population ecology","2","£11,999,846.00"
"information & knowledge mgmt","psychology","5","£7,990,689.00"
"information & knowledge mgmt","rf & microwave technology","1","£5,032,504.00"
"information & knowledge mgmt","robotics & autonomy","6","£11,510,410.00"
"information & knowledge mgmt","social policy","3","£1,942,868.00"
"information & knowledge mgmt","software engineering","13","£22,205,755.00"
"information & knowledge mgmt","statistics & appl. probability","6","£18,880,503.00"
"information & knowledge mgmt","transport ops & management","3","£13,904,357.00"
"instrumentation eng. & dev.","manufacturing machine & plant","1","£298,572.00"
"instrumentation eng. & dev.","materials characterisation","2","£2,310,190.00"
"instrumentation eng. & dev.","materials testing & eng.","6","£6,454,938.00"
"instrumentation eng. & dev.","med.instrument.device& equip.","7","£14,467,820.00"
"instrumentation eng. & dev.","microsystems","3","£2,418,350.00"
"instrumentation eng. & dev.","new media/web-based studies","1","£7,174,439.00"
"instrumentation eng. & dev.","oil & gas extraction","1","£1,656,509.00"
"instrumentation eng. & dev.","optical devices & subsystems","4","£2,697,407.00"
"instrumentation eng. & dev.","rheology","1","£97,812.00"
"instrumentation eng. & dev.","robotics & autonomy","6","£6,555,497.00"
"instrumentation eng. & dev.","tissue engineering","3","£13,443,531.00"
"intelligent & expert systems","intelligent measurement sys.","1","£4,956,495.00"
"intelligent & expert systems","manufact. enterprise ops& mgmt","2","£3,485,562.00"
"international relations theory","networks & distributed systems","1","£3,489,111.00"
"knowledge management","networks & distributed systems","1","£393,867.00"
"lasers & optics","light-matter interactions","2","£2,747,913.00"
"lasers & optics","manufacturing machine & plant","5","£13,728,449.00"
"lasers & optics","materials testing & eng.","2","£8,666,093.00"
"lasers & optics","med.instrument.device& equip.","5","£2,027,213.00"
"lasers & optics","optical communications","2","£11,652,122.00"
"lasers & optics","optical devices & subsystems","10","£37,354,674.00"
"lasers & optics","optical phenomena","7","£18,732,651.00"
"lasers & optics","optoelect. devices & circuits","5","£34,168,407.00"
"lasers & optics","quantum optics & information","2","£5,575,897.00"
"light-matter interactions","materials processing","1","£204,437.00"
"light-matter interactions","optoelect. devices & circuits","1","£204,437.00"
"light-matter interactions","plasmas - laser & fusion","3","£3,910,383.00"
"light-matter interactions","quantum optics & information","11","£19,686,099.00"
"light-matter interactions","surfaces & interfaces","3","£1,441,245.00"
"logic & combinatorics","mathematical analysis","11","£11,716,385.00"
"logic & combinatorics","mathematical aspects of or","5","£12,323,724.00"
"logic & combinatorics","mathematical physics","10","£10,371,620.00"
"logic & combinatorics","non-linear systems mathematics","8","£9,468,288.00"
"logic & combinatorics","numerical analysis","9","£9,751,714.00"
"logic & combinatorics","statistics & appl. probability","11","£11,825,175.00"
"macroeconomics","political geography","1","£4,000,602.00"
"magnetism/magnetic phenomena","materials characterisation","14","£14,395,219.00"
"magnetism/magnetic phenomena","materials synthesis & growth","13","£12,666,160.00"
"magnetism/magnetic phenomena","quantum fluids & solids","4","£7,109,257.00"
"magnetism/magnetic phenomena","quantum optics & information","13","£20,016,495.00"
"magnetism/magnetic phenomena","solar technology","11","£546,881.00"
"management & business studies","marketing","2","£1,015,702.00"
"management & business studies","networks & distributed systems","4","£12,884,652.00"
"management & business studies","psychology","2","£1,015,702.00"
"management & business studies","software engineering","1","£7,516,737.00"
"management & business studies","sustainable energy networks","2","£7,012,467.00"
"management & business studies","transport ops & management","2","£7,012,467.00"
"management & business studies","water engineering","1","£3,444,605.00"
"manufact. business strategy","manufact. enterprise ops& mgmt","3","£1,162,151.00"
"manufact. business strategy","multimedia","3","£1,454,428.00"
"manufact. business strategy","product design","1","£5,965,328.00"
"manufact. business strategy","software engineering","1","£5,965,328.00"
"manufact. enterprise ops& mgmt","manufacturing machine & plant","31","£62,179,533.00"
"manufact. enterprise ops& mgmt","materials processing","9","£31,283,754.00"
"manufact. enterprise ops& mgmt","materials synthesis & growth","4","£12,141,544.00"
"manufact. enterprise ops& mgmt","mathematical aspects of or","3","£2,005,789.00"
"manufact. enterprise ops& mgmt","networks & distributed systems","2","£2,871,417.00"
"manufact. enterprise ops& mgmt","optical devices & subsystems","2","£2,539,279.00"
"manufact. enterprise ops& mgmt","particle technology","1","£3,584,884.00"
"manufact. enterprise ops& mgmt","robotics & autonomy","4","£9,362,132.00"
"manufact. enterprise ops& mgmt","statistics & appl. probability","2","£1,410,103.00"
"manufact. enterprise ops& mgmt","water engineering","1","£1,408,691.00"
"manufacturing machine & plant","materials processing","39","£71,722,420.00"
"manufacturing machine & plant","materials synthesis & growth","8","£17,818,942.00"
"manufacturing machine & plant","materials testing & eng.","6","£23,637,805.00"
"manufacturing machine & plant","med.instrument.device& equip.","7","£3,281,703.00"
"manufacturing machine & plant","numerical analysis","3","£1,551,106.00"
"manufacturing machine & plant","optical devices & subsystems","4","£7,284,392.00"
"manufacturing machine & plant","optoelect. devices & circuits","8","£17,977,421.00"
"manufacturing machine & plant","reactor engineering","2","£1,961,259.00"
"manufacturing machine & plant","rf & microwave technology","3","£11,044,762.00"
"manufacturing machine & plant","robotics & autonomy","7","£14,470,346.00"
"manufacturing machine & plant","statistics & appl. probability","4","£2,132,530.00"
"manufacturing machine & plant","tissue engineering","4","£5,497,308.00"
"manufacturing machine & plant","waste minimisation","2","£6,584,926.00"
"marketing","psychology","2","£1,015,702.00"
"materials characterisation","materials processing","41","£102,176,319.00"
"materials characterisation","materials synthesis & growth","143","£154,284,245.00"
"materials characterisation","materials testing & eng.","18","£45,116,001.00"
"materials characterisation","medical imaging","2","£600,324.00"
"materials characterisation","medical science & disease","2","£10,472,194.00"
"materials characterisation","optical devices & subsystems","3","£213,332.00"
"materials characterisation","optoelect. devices & circuits","6","£2,851,713.00"
"materials characterisation","particle technology","2","£1,301,882.00"
"materials characterisation","physical organic chemistry","3","£302,001.00"
"materials characterisation","plasmas - technological","1","£3,732,001.00"
"materials characterisation","population ecology","1","£6,531,178.00"
"materials characterisation","reactor engineering","1","£99,876.00"
"materials characterisation","rf & microwave technology","8","£4,022,730.00"
"materials characterisation","separation processes","3","£5,162,601.00"
"materials characterisation","solar technology","3","£1,415,507.00"
"materials characterisation","surfaces & interfaces","7","£14,517,349.00"
"materials characterisation","tissue engineering","6","£8,560,793.00"
"materials characterisation","transport ops & management","4","£627,301.00"
"materials processing","materials synthesis & growth","14","£22,842,194.00"
"materials processing","materials testing & eng.","8","£33,242,345.00"
"materials processing","medical imaging","2","£600,324.00"
"materials processing","optical devices & subsystems","1","£2,267,121.00"
"materials processing","optoelect. devices & circuits","6","£7,549,712.00"
"materials processing","plasmas - technological","1","£425,623.00"
"materials processing","rheology","1","£95,206.00"
"materials processing","statistics & appl. probability","1","£777,199.00"
"materials processing","surfaces & interfaces","3","£12,030,889.00"
"materials processing","transport ops & management","4","£627,301.00"
"materials processing","waste minimisation","2","£3,714,503.00"
"materials synthesis & growth","materials testing & eng.","6","£12,390,493.00"
"materials synthesis & growth","optical devices & subsystems","7","£5,465,601.00"
"materials synthesis & growth","optoelect. devices & circuits","10","£9,889,572.00"
"materials synthesis & growth","quantum optics & information","3","£6,739,828.00"
"materials synthesis & growth","rf & microwave technology","9","£10,906,063.00"
"materials synthesis & growth","separation processes","4","£2,187,820.00"
"materials synthesis & growth","surfaces & interfaces","4","£1,227,690.00"
"materials synthesis & growth","sustainable energy vectors","3","£7,728,245.00"
"materials synthesis & growth","tissue engineering","4","£7,930,030.00"
"materials testing & eng.","med.instrument.device& equip.","2","£2,449,178.00"
"materials testing & eng.","power systems plant","1","£1,997,000.00"
"materials testing & eng.","robotics & autonomy","2","£2,080,990.00"
"materials testing & eng.","surfaces & interfaces","1","£6,168,139.00"
"materials testing & eng.","tissue engineering","1","£1,656,509.00"
"materials testing & eng.","vision & senses - ict appl.","1","£822,223.00"
"mathematical & statistic psych","modelling & simul. of it sys.","1","£1,016,595.00"
"mathematical & statistic psych","statistics & appl. probability","1","£1,016,595.00"
"mathematical & statistic psych","tissue engineering","1","£100,803.00"
"mathematical analysis","mathematical aspects of or","4","£8,868,828.00"
"mathematical analysis","mathematical physics","15","£14,014,519.00"
"mathematical analysis","non-linear systems mathematics","22","£16,931,193.00"
"mathematical analysis","numerical analysis","26","£29,419,173.00"
"mathematical analysis","statistics & appl. probability","23","£19,402,362.00"
"mathematical aspects of or","microeconomic theory","2","£842,950.00"
"mathematical aspects of or","non-linear systems mathematics","4","£8,868,828.00"
"mathematical aspects of or","numerical analysis","5","£9,120,132.00"
"mathematical aspects of or","statistics & appl. probability","8","£17,934,855.00"
"mathematical aspects of or","theoretical biology","1","£1,629,559.00"
"mathematical physics","non-linear systems mathematics","8","£9,468,288.00"
"mathematical physics","numerical analysis","9","£10,402,777.00"
"mathematical physics","quantum optics & information","3","£1,059,333.00"
"mathematical physics","statistics & appl. probability","7","£10,627,230.00"
"med.instrument.device& equip.","medical imaging","25","£33,613,660.00"
"med.instrument.device& equip.","medical science & disease","4","£15,190,519.00"
"med.instrument.device& equip.","microsystems","6","£16,177,532.00"
"med.instrument.device& equip.","numerical analysis","3","£5,936,267.00"
"med.instrument.device& equip.","optical devices & subsystems","4","£1,345,118.00"
"med.instrument.device& equip.","rf & microwave technology","2","£1,115,803.00"
"med.instrument.device& equip.","robotics & autonomy","12","£8,560,851.00"
"med.instrument.device& equip.","statistics & appl. probability","3","£9,400,637.00"
"med.instrument.device& equip.","tissue engineering","11","£37,653,933.00"
"med.instrument.device& equip.","vision & senses - ict appl.","3","£2,323,844.00"
"media & communication studies","multimedia","2","£11,700,291.00"
"media & communication studies","new media/web-based studies","2","£11,700,291.00"
"media & communication studies","social policy","1","£845,177.00"
"medical imaging","microsystems","1","£3,210,627.00"
"medical imaging","non-linear systems mathematics","3","£1,638,785.00"
"medical imaging","numerical analysis","3","£712,944.00"
"medical imaging","robotics & autonomy","4","£6,495,413.00"
"medical imaging","software engineering","1","£352,913.00"
"medical imaging","tissue engineering","5","£11,060,308.00"
"medical science & disease","new & emerging comp. paradigms","1","£4,782,908.00"
"medical science & disease","non-linear systems mathematics","2","£3,569,680.00"
"medical science & disease","numerical analysis","1","£2,004,298.00"
"medical science & disease","population ecology","3","£16,690,970.00"
"medical science & disease","statistics & appl. probability","4","£17,209,779.00"
"medical science & disease","theoretical biology","4","£20,335,521.00"
"microsystems","multiphase flow","5","£3,550,271.00"
"microsystems","optical phenomena","1","£4,942,312.00"
"microsystems","particle technology","1","£913,558.00"
"microsystems","rheology","2","£174,190.00"
"microsystems","separation processes","2","£1,052,027.00"
"microsystems","synthetic biology","3","£5,681,364.00"
"mobile computing","networks & distributed systems","21","£32,089,077.00"
"mobile computing","organisational studies","1","£648,984.00"
"mobile computing","product design","1","£5,965,328.00"
"mobile computing","rf & microwave technology","3","£5,979,106.00"
"mobile computing","social policy","2","£1,097,691.00"
"mobile computing","social theory","1","£775,542.00"
"mobile computing","software engineering","4","£13,422,621.00"
"mobile computing","urban & land management","1","£2,503,462.00"
"modelling & simul. of it sys.","networks & distributed systems","10","£17,149,291.00"
"modelling & simul. of it sys.","software engineering","5","£14,907,434.00"
"modelling & simul. of it sys.","system on chip","1","£4,100,539.00"
"multimedia","musical performance","1","£5,971,211.00"
"multimedia","networks & distributed systems","2","£11,700,291.00"
"multimedia","new media/web-based studies","3","£18,058,398.00"
"multiphase flow","particle technology","3","£1,555,624.00"
"multiphase flow","separation processes","5","£6,501,342.00"
"multiphase flow","software engineering","3","£907,198.00"
"music & acoustic technology","vision & senses - ict appl.","2","£1,266,091.00"
"networks & distributed systems","new media/web-based studies","2","£11,700,291.00"
"networks & distributed systems","optical communications","8","£21,837,074.00"
"networks & distributed systems","optoelect. devices & circuits","2","£3,844,142.00"
"networks & distributed systems","organisational studies","4","£5,303,453.00"
"networks & distributed systems","power sys man, prot & control","2","£789,528.00"
"networks & distributed systems","psychology","2","£894,263.00"
"networks & distributed systems","rf & microwave technology","16","£33,170,070.00"
"networks & distributed systems","robotics & autonomy","3","£4,098,973.00"
"networks & distributed systems","software engineering","14","£39,790,278.00"
"networks & distributed systems","statistics & appl. probability","5","£13,839,998.00"
"networks & distributed systems","system on chip","2","£7,711,181.00"
"networks & distributed systems","transport ops & management","3","£11,418,482.00"
"new & emerging comp. paradigms","non-linear systems mathematics","2","£7,584,967.00"
"new & emerging comp. paradigms","statistics & appl. probability","2","£7,584,967.00"
"new media/web-based studies","social anthropology","1","£5,996,356.00"
"new media/web-based studies","tissue engineering","1","£7,174,439.00"
"non-linear systems mathematics","numerical analysis","24","£36,288,732.00"
"non-linear systems mathematics","statistics & appl. probability","24","£51,363,353.00"
"novel industrial products","tissue engineering","1","£7,174,439.00"
"numerical analysis","software engineering","1","£487,241.00"
"numerical analysis","statistics & appl. probability","23","£36,258,845.00"
"numerical analysis","water engineering","1","£100,020.00"
"optical communications","optical devices & subsystems","8","£24,335,467.00"
"optical communications","optoelect. devices & circuits","9","£31,193,259.00"
"optical communications","quantum optics & information","2","£1,518,333.00"
"optical communications","rf & microwave technology","6","£11,929,015.00"
"optical devices & subsystems","optical phenomena","4","£17,355,728.00"
"optical devices & subsystems","optoelect. devices & circuits","14","£50,118,449.00"
"optical devices & subsystems","rf & microwave technology","2","£3,250,206.00"
"optical devices & subsystems","solar technology","1","£460,998.00"
"optical phenomena","optoelect. devices & circuits","3","£17,256,283.00"
"optoelect. devices & circuits","quantum optics & information","6","£13,090,721.00"
"optoelect. devices & circuits","rf & microwave technology","2","£1,560,025.00"
"optoelect. devices & circuits","solar technology","3","£1,950,478.00"
"organisational studies","software engineering","1","£3,793,546.00"
"parallel computing","software engineering","4","£10,529,925.00"
"particle technology","reactor engineering","3","£2,523,231.00"
"particle technology","surfaces & interfaces","1","£100,629.00"
"pavement engineering","structural engineering","1","£5,832,641.00"
"pavement engineering","transport ops & management","2","£10,792,915.00"
"pavement engineering","waste management","1","£5,832,641.00"
"physical organic chemistry","surfaces & interfaces","2","£2,246,431.00"
"physical organic chemistry","synthetic biology","2","£522,814.00"
"plant physiology","tools for the biosciences","1","£8,536.00"
"plasmas - laser & fusion","plasmas - technological","4","£8,631,918.00"
"plasmas - laser & fusion","rf & microwave technology","2","£356,179.00"
"population ecology","quantum optics & information","1","£6,531,178.00"
"population ecology","theoretical biology","2","£10,159,792.00"
"power sys man, prot & control","solar technology","1","£1,018,626.00"
"power sys man, prot & control","sustainable energy networks","2","£801,238.00"
"psychology","statistics & appl. probability","1","£939,908.00"
"quantum fluids & solids","quantum optics & information","4","£6,154,851.00"
"reactor engineering","robotics & autonomy","1","£995,080.00"
"reactor engineering","separation processes","3","£5,954,862.00"
"regional & extreme weather","urban & land management","2","£2,750,487.00"
"rf & microwave technology","software engineering","1","£20,185.00"
"robotics & autonomy","social psychology","1","£1,656,843.00"
"robotics & autonomy","software engineering","3","£3,531,392.00"
"robotics & autonomy","underwater engineering","2","£5,840,177.00"
"robotics & autonomy","vision & senses - ict appl.","2","£1,302,933.00"
"separation processes","waste management","1","£1,295,519.00"
"social anthropology","social theory","1","£775,542.00"
"social psychology","software engineering","4","£2,665,985.00"
"social stats., comp. & methods","transport ops & management","1","£3,444,605.00"
"social stats., comp. & methods","water engineering","1","£3,444,605.00"
"sociology","transport ops & management","1","£3,567,862.00"
"software engineering","statistics & appl. probability","2","£8,079,826.00"
"software engineering","transport ops & management","3","£806,020.00"
"solar technology","sustainable energy networks","2","£605,839.00"
"solar technology","sustainable energy vectors","2","£3,100,479.00"
"statistics & appl. probability","sustainable energy networks","3","£2,107,760.00"
"statistics & appl. probability","theoretical biology","5","£23,471,120.00"
"structural engineering","transport ops & management","3","£9,189,822.00"
"structural engineering","urban & land management","4","£11,352,414.00"
"survey & monitoring","transport ops & management","1","£246,258.00"
"sustainable energy networks","sustainable energy vectors","2","£18,591,115.00"
"sustainable energy networks","transport ops & management","3","£7,514,815.00"
"sustainable energy networks","urban & land management","4","£12,889,453.00"
"sustainable energy vectors","transport ops & management","1","£4,960,274.00"
"synthetic biology","water engineering","3","£11,965,303.00"
"systems neuroscience","tissue engineering","1","£100,803.00"
"transport ops & management","urban & land management","8","£18,137,248.00"
"transport ops & management","waste management","2","£7,056,623.00"
"transport ops & management","water engineering","4","£13,612,151.00"
"urban & land management","water engineering","5","£13,523,219.00"
