"acoustics","combustion","2","£2,073,517.00"
"acoustics","design engineering","4","£1,079,749.00"
"acoustics","high performance computing","1","£477,780.00"
"acoustics","materials testing & eng.","1","£493,563.00"
"acoustics","microsystems","2","£2,320,538.00"
"acoustics","particle technology","1","£402,178.00"
"acoustics","rheology","2","£544,759.00"
"aerodynamics","acoustics","4","£1,139,309.00"
"aerodynamics","design engineering","5","£1,225,284.00"
"aerodynamics","heat & mass transfer","3","£1,033,991.00"
"aerodynamics","materials processing","1","£1,363,268.00"
"aerodynamics","microsystems","1","£4,279,853.00"
"aerodynamics","plasmas - laser & fusion","1","£279,240.00"
"aerodynamics","transport ops & management","1","£722,190.00"
"algebra & geometry","logic & combinatorics","9","£9,766,524.00"
"algebra & geometry","mathematical aspects of or","4","£8,868,828.00"
"algebra & geometry","mathematical physics","8","£3,327,927.00"
"algebra & geometry","non-linear systems mathematics","4","£8,868,828.00"
"algebra & geometry","numerical analysis","8","£5,766,084.00"
"algebra & geometry","statistics & appl. probability","10","£14,538,922.00"
"analytical science","chemical biology","7","£22,507,735.00"
"analytical science","chemical synthetic methodology","2","£1,699,730.00"
"analytical science","drug formulation & delivery","2","£1,023,588.00"
"analytical science","electrochemical science & eng.","3","£1,225,297.00"
"analytical science","gas & solution phase reactions","3","£1,911,187.00"
"analytical science","instrumentation eng. & dev.","7","£5,024,479.00"
"analytical science","materials characterisation","2","£5,163,950.00"
"analytical science","med.instrument.device& equip.","3","£12,464,542.00"
"analytical science","optical devices & subsystems","4","£11,111,182.00"
"analytical science","separation processes","1","£564,726.00"
"analytical science","statistics & appl. probability","2","£10,175,729.00"
"analytical science","tissue engineering","1","£505,264.00"
"animal organisms","complexity science","1","£1,581,410.00"
"applied arts htp","multimedia","1","£6,358,107.00"
"artificial intelligence","animal behaviour","1","£506,361.00"
"artificial intelligence","cognitive science appl. in ict","2","£4,883,132.00"
"artificial intelligence","control engineering","1","£4,930,858.00"
"artificial intelligence","criminology","1","£2,027,646.00"
"artificial intelligence","electronic devices & subsys.","1","£5,032,504.00"
"artificial intelligence","fundamentals of computing","6","£14,977,555.00"
"artificial intelligence","human communication in ict","3","£5,225,456.00"
"artificial intelligence","human-computer interactions","15","£31,413,326.00"
"artificial intelligence","image & vision computing","11","£13,872,147.00"
"artificial intelligence","information & knowledge mgmt","20","£40,175,677.00"
"artificial intelligence","medical science & disease","2","£11,314,086.00"
"artificial intelligence","music & acoustic technology","4","£5,080,409.00"
"artificial intelligence","networks & distributed systems","7","£32,829,451.00"
"artificial intelligence","new & emerging comp. paradigms","4","£11,972,569.00"
"artificial intelligence","psychology","2","£1,129,607.00"
"artificial intelligence","robotics & autonomy","12","£15,337,243.00"
"artificial intelligence","software engineering","9","£8,240,413.00"
"artificial intelligence","statistics & appl. probability","9","£26,230,026.00"
"artificial intelligence","transport ops & management","4","£3,068,489.00"
"asymmetric chemistry","analytical science","1","£708,512.00"
"asymmetric chemistry","chemical synthetic methodology","3","£10,491,045.00"
"atoms & ions","light-matter interactions","2","£1,391,381.00"
"behavioural & experimental eco","criminal law & criminology","1","£1,975,496.00"
"behavioural & experimental eco","networks & distributed systems","1","£1,975,496.00"
"biochemical engineering","design of process systems","2","£6,123,065.00"
"biochemical engineering","manufacturing machine & plant","1","£4,424,686.00"
"bioelectronic devices","chemical structure","1","£4,884,594.00"
"bioelectronic devices","genomics","1","£5,468,668.00"
"bioelectronic devices","med.instrument.device& equip.","2","£5,708,678.00"
"bioelectronic devices","optical devices & subsystems","1","£7,190,025.00"
"bioelectronic devices","optoelect. devices & circuits","3","£16,333,795.00"
"bioenergy","combustion","1","£931,604.00"
"bioenergy","design of process systems","4","£763,014.00"
"bioenergy","energy efficiency","1","£2,690,768.00"
"bioenergy","physical organic chemistry","1","£314,946.00"
"bioenergy","separation processes","1","£109,027.00"
"bioinformatics","analytical science","4","£22,177,598.00"
"bioinformatics","artificial intelligence","3","£1,508,955.00"
"bioinformatics","chemical biology","4","£21,140,818.00"
"bioinformatics","genomics","2","£10,289,092.00"
"bioinformatics","human-computer interactions","2","£673,794.00"
"bioinformatics","med.instrument.device& equip.","2","£12,643,107.00"
"bioinformatics","medical science & disease","2","£10,175,729.00"
"bioinformatics","population ecology","1","£5,468,668.00"
"bioinformatics","robotics & autonomy","2","£673,794.00"
"bioinformatics","theoretical biology","3","£15,644,397.00"
"bioinformatics","transport ops & management","1","£721,298.00"
"biological & medicinal chem.","bioinformatics","3","£17,357,174.00"
"biological & medicinal chem.","cells","1","£1,425,873.00"
"biological & medicinal chem.","chemical synthetic methodology","3","£11,077,953.00"
"biological & medicinal chem.","drug formulation & delivery","2","£1,023,588.00"
"biological & medicinal chem.","genomics","2","£10,175,729.00"
"biological & medicinal chem.","optoelect. devices & circuits","1","£13,061.00"
"biological & medicinal chem.","statistics & appl. probability","2","£10,175,729.00"
"biomaterials","analytical science","1","£4,920,206.00"
"biomaterials","catalysis & applied catalysis","1","£1,074,212.00"
"biomaterials","complex fluids & soft solids","2","£649,679.00"
"biomaterials","design of process systems","7","£4,100,980.00"
"biomaterials","drug formulation & delivery","3","£11,636,548.00"
"biomaterials","high performance computing","1","£384,733.00"
"biomaterials","manufact. enterprise ops& mgmt","1","£3,529,512.00"
"biomaterials","manufacturing machine & plant","2","£1,092,674.00"
"biomaterials","materials characterisation","7","£14,271,070.00"
"biomaterials","materials synthesis & growth","10","£4,270,248.00"
"biomaterials","med.instrument.device& equip.","5","£20,425,719.00"
"biomaterials","microsystems","1","£628,709.00"
"biomaterials","oil & gas extraction","1","£1,656,509.00"
"biomaterials","robotics & autonomy","1","£1,046,902.00"
"biomaterials","synthetic biology","2","£943,489.00"
"biomaterials","tissue engineering","11","£24,624,348.00"
"biomechanics & rehabilitation","biomaterials","9","£10,776,990.00"
"biomechanics & rehabilitation","drug formulation & delivery","1","£4,097,771.00"
"biomechanics & rehabilitation","human-computer interactions","2","£4,501,392.00"
"biomechanics & rehabilitation","manufact. enterprise ops& mgmt","1","£507,337.00"
"biomechanics & rehabilitation","med.instrument.device& equip.","4","£9,584,094.00"
"biomechanics & rehabilitation","robotics & autonomy","5","£9,019,386.00"
"biomechanics & rehabilitation","tissue engineering","8","£8,618,210.00"
"biomedical neuroscience","biomechanics & rehabilitation","1","£4,164,295.00"
"biomedical neuroscience","complexity science","1","£4,691,124.00"
"biomedical neuroscience","medical imaging","2","£669,273.00"
"biomedical neuroscience","population ecology","1","£4,691,124.00"
"biomedical neuroscience","tissue engineering","1","£7,181,445.00"
"biomedical sciences","analytical science","1","£188,407.00"
"biophysics","analytical science","2","£3,397,665.00"
"biophysics","complex fluids & soft solids","4","£1,833,889.00"
"biophysics","condensed matter physics","2","£6,849,609.00"
"biophysics","high performance computing","11","£546,881.00"
"biophysics","materials characterisation","3","£9,811,386.00"
"biophysics","materials synthesis & growth","2","£649,679.00"
"biophysics","microsystems","1","£201,932.00"
"biophysics","optoelect. devices & circuits","1","£13,061.00"
"biophysics","quantum optics & information","1","£3,992,129.00"
"biophysics","solar technology","11","£546,881.00"
"biophysics","tools for the biosciences","1","£3,868,978.00"
"bioprocess engineering","biochemical engineering","2","£6,123,065.00"
"bioprocess engineering","biomaterials","7","£4,100,980.00"
"bioprocess engineering","manufacturing machine & plant","12","£13,372,344.00"
"bioprocess engineering","protein engineering","1","£1,015,843.00"
"bioprocess engineering","synthetic biology","1","£5,158,504.00"
"building ops & management","biomaterials","2","£751,459.00"
"building ops & management","construction ops & management","2","£7,056,623.00"
"building ops & management","human-computer interactions","1","£3,910,923.00"
"building ops & management","med.instrument.device& equip.","2","£751,459.00"
"building ops & management","optoelect. devices & circuits","1","£99,283.00"
"building ops & management","robotics & autonomy","1","£4,217,380.00"
"building ops & management","structural engineering","4","£10,477,522.00"
"building ops & management","transport ops & management","1","£1,223,982.00"
"building ops & management","urban & land management","3","£5,042,777.00"
"building ops & management","water engineering","1","£4,980,773.00"
"carbon capture & storage","biomaterials","1","£1,656,509.00"
"carbon capture & storage","electrochemical science & eng.","3","£3,554,348.00"
"carbon capture & storage","materials synthesis & growth","1","£764,651.00"
"carbon capture & storage","solar technology","1","£486,940.00"
"carbon capture & storage","sustainable energy vectors","2","£1,396,511.00"
"catalysis & applied catalysis","analytical science","2","£1,871,455.00"
"catalysis & applied catalysis","asymmetric chemistry","6","£2,267,905.00"
"catalysis & applied catalysis","biological & medicinal chem.","1","£99,728.00"
"catalysis & applied catalysis","biomaterials","3","£8,062,399.00"
"catalysis & applied catalysis","carbon capture & storage","3","£2,357,556.00"
"catalysis & applied catalysis","co-ordination chemistry","3","£1,094,792.00"
"catalysis & applied catalysis","design of process systems","6","£10,609,434.00"
"catalysis & applied catalysis","electrochemical science & eng.","4","£9,132,318.00"
"catalysis & applied catalysis","gas & solution phase reactions","8","£17,871,833.00"
"catalysis & applied catalysis","manufact. enterprise ops& mgmt","2","£5,169,972.00"
"catalysis & applied catalysis","materials characterisation","7","£1,691,257.00"
"catalysis & applied catalysis","materials synthesis & growth","4","£9,400,713.00"
"catalysis & applied catalysis","microsystems","5","£12,068,635.00"
"catalysis & applied catalysis","optoelect. devices & circuits","1","£204,437.00"
"catalysis & applied catalysis","physical organic chemistry","5","£2,635,121.00"
"catalysis & applied catalysis","reactor engineering","6","£6,230,686.00"
"catalysis & applied catalysis","separation processes","2","£4,659,343.00"
"catalysis & applied catalysis","surfaces & interfaces","6","£3,037,391.00"
"catalysis & applied catalysis","sustainable energy vectors","5","£3,315,784.00"
"catalysis & enzymology","biological & medicinal chem.","1","£400,859.00"
"catalysis & enzymology","high performance computing","1","£288,481.00"
"cells","biological & medicinal chem.","1","£1,425,873.00"
"cells","medical science & disease","1","£4,691,124.00"
"chemical biology","analytical science","5","£11,052,160.00"
"chemical biology","bioinformatics","4","£22,966,958.00"
"chemical biology","biological & medicinal chem.","4","£15,929,269.00"
"chemical biology","biophysics","2","£407,583.00"
"chemical biology","catalysis & enzymology","1","£288,481.00"
"chemical biology","design processes","1","£1,923,246.00"
"chemical biology","gas & solution phase reactions","2","£1,325,156.00"
"chemical biology","med.instrument.device& equip.","3","£16,153,010.00"
"chemical biology","physical organic chemistry","2","£1,640,556.00"
"chemical biology","protein chemistry","1","£288,481.00"
"chemical biology","theoretical biology","3","£15,644,397.00"
"chemical structure","analytical science","5","£9,224,693.00"
"chemical structure","chemical biology","2","£1,662,081.00"
"chemical structure","co-ordination chemistry","3","£2,822,596.00"
"chemical structure","electrochemical science & eng.","3","£7,472,912.00"
"chemical structure","instrumentation eng. & dev.","1","£789,800.00"
"chemical structure","materials characterisation","2","£7,499,298.00"
"chemical structure","materials synthesis & growth","3","£7,484,002.00"
"chemical structure","physical organic chemistry","1","£1,491,903.00"
"chemical structure","quantum optics & information","2","£6,983,129.00"
"chemical structure","surfaces & interfaces","1","£1,229,895.00"
"chemical synthetic methodology","analytical science","3","£6,546,547.00"
"chemical synthetic methodology","biological & medicinal chem.","9","£15,042,049.00"
"chemical synthetic methodology","catalysis & applied catalysis","9","£2,692,103.00"
"chemical synthetic methodology","chemical biology","4","£3,431,653.00"
"chemical synthetic methodology","co-ordination chemistry","4","£3,225,522.00"
"chemical synthetic methodology","design of process systems","2","£9,846,420.00"
"chemical synthetic methodology","electrochemical science & eng.","3","£8,633,183.00"
"chemical synthetic methodology","instrumentation eng. & dev.","2","£1,060,300.00"
"chemical synthetic methodology","materials synthesis & growth","8","£26,781,462.00"
"chemical synthetic methodology","physical organic chemistry","3","£929,278.00"
"chemical synthetic methodology","robotics & autonomy","1","£3,693,477.00"
"chemical synthetic methodology","surfaces & interfaces","5","£2,225,570.00"
"civil engineering materials","building ops & management","2","£6,083,380.00"
"civil engineering materials","manufacturing machine & plant","1","£263,811.00"
"civil engineering materials","materials testing & eng.","4","£2,518,632.00"
"civil engineering materials","structural engineering","2","£1,399,649.00"
"civil engineering materials","waste minimisation","2","£788,111.00"
"climate & climate change","energy - nuclear","1","£1,415,336.00"
"co-ordination chemistry","analytical science","2","£984,267.00"
"co-ordination chemistry","catalysis & applied catalysis","10","£4,877,689.00"
"co-ordination chemistry","chemical structure","5","£1,329,197.00"
"co-ordination chemistry","chemical synthetic methodology","6","£3,917,388.00"
"co-ordination chemistry","materials synthesis & growth","6","£8,210,607.00"
"co-ordination chemistry","surfaces & interfaces","2","£2,114,959.00"
"coastal & waterway engineering","building ops & management","1","£1,223,982.00"
"coastal & waterway engineering","climate & climate change","2","£1,514,829.00"
"coastal & waterway engineering","land - ocean interactions","1","£1,415,336.00"
"coastal & waterway engineering","mobile computing","1","£2,503,462.00"
"coastal & waterway engineering","urban & land management","3","£3,347,394.00"
"cognitive psychology","artificial intelligence","5","£2,152,462.00"
"cognitive psychology","mobile computing","1","£1,008,824.00"
"cognitive psychology","vision & senses - ict appl.","4","£2,052,238.00"
"cognitive science appl. in ict","cognitive psychology","1","£100,224.00"
"cognitive science appl. in ict","human-computer interactions","3","£1,494,593.00"
"cognitive science appl. in ict","vision & senses - ict appl.","1","£4,782,908.00"
"cold atomic species","light-matter interactions","2","£1,921,489.00"
"cold atomic species","quantum optics & information","4","£12,635,095.00"
"combustion","aerodynamics","3","£2,470,941.00"
"combustion","electric motor & drive systems","1","£179,235.00"
"combustion","heat & mass transfer","2","£768,943.00"
"combustion","materials testing & eng.","1","£1,997,000.00"
"combustion","sustainable energy vectors","1","£7,073,862.00"
"complex fluids & soft solids","algebra & geometry","1","£97,036.00"
"complex fluids & soft solids","biomaterials","1","£4,066,457.00"
"complex fluids & soft solids","biophysics","7","£6,369,215.00"
"complex fluids & soft solids","materials characterisation","4","£12,708,423.00"
"complex fluids & soft solids","materials synthesis & growth","5","£5,560,599.00"
"complex fluids & soft solids","microsystems","1","£287,407.00"
"complex fluids & soft solids","non-linear systems mathematics","1","£381,011.00"
"complex fluids & soft solids","optoelect. devices & circuits","3","£129,896.00"
"complex fluids & soft solids","particle technology","4","£1,899,691.00"
"complex fluids & soft solids","reactor engineering","2","£965,887.00"
"complex fluids & soft solids","statistics & appl. probability","1","£1,171,149.00"
"complex fluids & soft solids","tools for the biosciences","1","£344,067.00"
"complexity science","artificial intelligence","1","£1,043,449.00"
"complexity science","cells","1","£4,691,124.00"
"complexity science","coastal & waterway engineering","1","£1,581,410.00"
"complexity science","human geography (general)","1","£3,567,862.00"
"complexity science","information & knowledge mgmt","1","£6,531,178.00"
"complexity science","manufact. enterprise ops& mgmt","2","£3,772,771.00"
"complexity science","medical science & disease","2","£8,535,476.00"
"complexity science","networks & distributed systems","3","£6,730,738.00"
"complexity science","new & emerging comp. paradigms","2","£7,584,967.00"
"complexity science","non-linear systems mathematics","4","£3,895,335.00"
"complexity science","population ecology","2","£11,222,302.00"
"complexity science","software engineering","1","£507,675.00"
"complexity science","statistics & appl. probability","6","£18,007,197.00"
"complexity science","theoretical biology","1","£3,610,642.00"
"complexity science","transport ops & management","3","£7,733,765.00"
"complexity science","urban & land management","3","£6,293,676.00"
"composition","image & vision computing","1","£5,971,211.00"
"comput./corpus linguistics","artificial intelligence","10","£3,827,642.00"
"comput./corpus linguistics","human communication in ict","1","£603,425.00"
"comput./corpus linguistics","human-computer interactions","2","£1,527,980.00"
"comput./corpus linguistics","statistics & appl. probability","1","£939,908.00"
"computer graphics & visual.","artificial intelligence","3","£9,727,215.00"
"computer graphics & visual.","biomechanics & rehabilitation","2","£4,093,110.00"
"computer graphics & visual.","digital art & design","2","£12,323,435.00"
"computer graphics & visual.","human-computer interactions","5","£5,246,298.00"
"computer graphics & visual.","image & vision computing","7","£20,527,240.00"
"computer graphics & visual.","information & knowledge mgmt","6","£16,672,414.00"
"computer graphics & visual.","mobile computing","1","£5,965,328.00"
"computer graphics & visual.","multimedia","3","£17,710,748.00"
"computer graphics & visual.","new media/web-based studies","1","£5,703,935.00"
"computer graphics & visual.","organisational studies","1","£753,394.00"
"computer graphics & visual.","software engineering","3","£1,646,064.00"
"computer graphics & visual.","statistics & appl. probability","2","£2,407,837.00"
"computer graphics & visual.","vision & senses - ict appl.","1","£840,940.00"
"computer sys. & architecture","fundamentals of computing","1","£19,854.00"
"computer sys. & architecture","human-computer interactions","2","£3,528,566.00"
"computer sys. & architecture","information & knowledge mgmt","4","£6,406,587.00"
"computer sys. & architecture","mobile computing","2","£121,212.00"
"computer sys. & architecture","modelling & simul. of it sys.","2","£4,724,587.00"
"computer sys. & architecture","networks & distributed systems","11","£20,021,203.00"
"computer sys. & architecture","rf & microwave technology","2","£500,386.00"
"computer sys. & architecture","software engineering","6","£18,210,588.00"
"computer sys. & architecture","vlsi design","1","£1,765,760.00"
"condensed matter physics","chemical structure","1","£665,124.00"
"condensed matter physics","complex fluids & soft solids","1","£2,980,631.00"
"condensed matter physics","high performance computing","11","£546,881.00"
"condensed matter physics","magnetism/magnetic phenomena","4","£10,131,574.00"
"condensed matter physics","materials characterisation","8","£10,628,837.00"
"condensed matter physics","materials synthesis & growth","9","£17,181,989.00"
"condensed matter physics","quantum fluids & solids","3","£2,247,399.00"
"condensed matter physics","quantum optics & information","10","£23,117,302.00"
"condensed matter physics","solar technology","11","£546,881.00"
"construction ops & management","building ops & management","2","£8,067,242.00"
"construction ops & management","coastal & waterway engineering","1","£1,223,982.00"
"construction ops & management","materials testing & eng.","2","£79,939.00"
"construction ops & management","structural engineering","3","£15,206,653.00"
"construction ops & management","urban & land management","2","£4,543,062.00"
"construction ops & management","waste minimisation","1","£300,094.00"
"continuum mechanics","aerodynamics","6","£7,064,618.00"
"continuum mechanics","algebra & geometry","5","£2,650,775.00"
"continuum mechanics","combustion","1","£397,424.00"
"continuum mechanics","design & testing technology","1","£99,513.00"
"continuum mechanics","fluid dynamics","2","£5,835,684.00"
"continuum mechanics","logic & combinatorics","5","£7,538,729.00"
"continuum mechanics","materials characterisation","3","£1,963,631.00"
"continuum mechanics","mathematical aspects of or","3","£7,239,269.00"
"continuum mechanics","mathematical physics","3","£1,929,019.00"
"continuum mechanics","non-linear systems mathematics","15","£15,480,884.00"
"continuum mechanics","numerical analysis","7","£9,125,496.00"
"continuum mechanics","statistics & appl. probability","9","£11,640,408.00"
"control engineering","acoustics","1","£3,768,933.00"
"control engineering","aerodynamics","2","£244,076.00"
"control engineering","artificial intelligence","4","£10,211,453.00"
"control engineering","electric motor & drive systems","1","£179,235.00"
"control engineering","fluid dynamics","2","£855,720.00"
"control engineering","fundamentals of computing","2","£9,216,198.00"
"control engineering","intelligent & expert systems","1","£2,481,976.00"
"control engineering","manufacturing machine & plant","4","£10,945,885.00"
"control engineering","materials testing & eng.","2","£2,280,019.00"
"control engineering","modelling & simul. of it sys.","2","£1,581,190.00"
"control engineering","networks & distributed systems","2","£4,366,658.00"
"control engineering","power sys man, prot & control","2","£789,528.00"
"control engineering","robotics & autonomy","7","£12,290,310.00"
"control engineering","software engineering","2","£4,670,935.00"
"control engineering","underwater engineering","2","£5,840,177.00"
"criminal law & criminology","fundamentals of computing","1","£2,027,646.00"
"criminal law & criminology","mathematical & statistic psych","1","£1,016,595.00"
"criminal law & criminology","networks & distributed systems","3","£5,019,737.00"
"criminology","criminal law & criminology","2","£3,044,241.00"
"criminology","information & knowledge mgmt","3","£4,022,996.00"
"criminology","networks & distributed systems","2","£1,995,350.00"
"design & testing technology","biomechanics & rehabilitation","1","£466,444.00"
"design & testing technology","cognitive science appl. in ict","2","£1,056,088.00"
"design & testing technology","control engineering","2","£1,220,959.00"
"design & testing technology","energy efficiency","1","£6,044,904.00"
"design & testing technology","high performance computing","1","£769,539.00"
"design & testing technology","lasers & optics","1","£7,190,025.00"
"design & testing technology","manufact. enterprise ops& mgmt","3","£6,890,482.00"
"design & testing technology","manufacturing machine & plant","5","£7,701,432.00"
"design & testing technology","medical science & disease","1","£466,444.00"
"design & testing technology","optoelect. devices & circuits","1","£7,190,025.00"
"design & testing technology","statistics & appl. probability","1","£769,539.00"
"design & testing technology","sustainable energy vectors","1","£498,835.00"
"design & testing technology","urban & land management","1","£4,217,380.00"
"design engineering","aerodynamics","4","£1,079,749.00"
"design engineering","biomechanics & rehabilitation","1","£275,538.00"
"design engineering","computer graphics & visual.","1","£5,965,328.00"
"design engineering","control engineering","3","£1,001,255.00"
"design engineering","energy efficiency","1","£6,044,904.00"
"design engineering","human-computer interactions","2","£10,028,282.00"
"design engineering","intelligent & expert systems","2","£855,720.00"
"design engineering","manufact. enterprise ops& mgmt","2","£6,837,980.00"
"design engineering","manufacturing machine & plant","2","£4,079,482.00"
"design engineering","networks & distributed systems","2","£10,028,282.00"
"design engineering","transport ops & management","2","£9,993,434.00"
"design of process systems","bioprocess engineering","9","£10,224,045.00"
"design of process systems","catalysis & applied catalysis","6","£3,872,561.00"
"design of process systems","gas & solution phase reactions","5","£16,214,709.00"
"design of process systems","information & knowledge mgmt","1","£4,956,495.00"
"design of process systems","manufact. enterprise ops& mgmt","2","£3,640,459.00"
"design of process systems","manufacturing machine & plant","4","£3,442,964.00"
"design of process systems","materials processing","4","£1,271,438.00"
"design of process systems","mathematical aspects of or","2","£1,544,569.00"
"design of process systems","microsystems","4","£11,654,736.00"
"design of process systems","particle technology","5","£16,443,585.00"
"design of process systems","reactor engineering","4","£3,312,195.00"
"design of process systems","surfaces & interfaces","1","£612,278.00"
"design of process systems","water engineering","1","£1,196,635.00"
"design processes","catalysis & applied catalysis","2","£4,078,746.00"
"design processes","design engineering","2","£1,506,733.00"
"design processes","human-computer interactions","3","£6,052,450.00"
"design processes","information & knowledge mgmt","4","£5,546,753.00"
"design processes","mobile computing","2","£5,060,181.00"
"design processes","psychology","1","£854,808.00"
"development (biosciences)","robotics & autonomy","4","£1,070,825.00"
"developmental psychology","robotics & autonomy","1","£559,077.00"
"digital art & design","computer graphics & visual.","1","£6,358,107.00"
"digital art & design","digital arts htp","1","£5,703,935.00"
"digital art & design","information & knowledge mgmt","1","£5,965,328.00"
"digital art & design","mobile computing","1","£5,965,328.00"
"digital art & design","multimedia","2","£12,062,042.00"
"digital art & design","time-based media htp","1","£6,358,107.00"
"digital arts htp","digital art & design","1","£5,703,935.00"
"digital arts htp","multimedia","2","£12,062,042.00"
"digital arts htp","time-based media htp","1","£6,358,107.00"
"digital signal processing","artificial intelligence","2","£1,781,762.00"
"digital signal processing","information & knowledge mgmt","1","£5,199,944.00"
"digital signal processing","medical imaging","1","£72,355.00"
"digital signal processing","music & acoustic technology","3","£7,588,291.00"
"digital signal processing","optical communications","3","£8,329,643.00"
"digital signal processing","optical devices & subsystems","2","£12,463,728.00"
"digital signal processing","rf & microwave technology","5","£2,349,687.00"
"digital signal processing","statistics & appl. probability","2","£794,030.00"
"digital signal processing","vision & senses - ict appl.","7","£5,371,071.00"
"displays","lasers & optics","2","£11,652,122.00"
"displays","optical devices & subsystems","3","£11,749,150.00"
"drug formulation & delivery","biomaterials","2","£7,434,839.00"
"drug formulation & delivery","biomechanics & rehabilitation","3","£9,074,692.00"
"drug formulation & delivery","bioprocess engineering","2","£2,380,872.00"
"drug formulation & delivery","materials processing","2","£600,324.00"
"drug formulation & delivery","materials synthesis & growth","6","£9,351,212.00"
"drug formulation & delivery","med.instrument.device& equip.","4","£10,180,963.00"
"drug formulation & delivery","medical imaging","6","£12,392,359.00"
"drug formulation & delivery","tissue engineering","4","£20,682,492.00"
"economics","human-computer interactions","2","£8,324,372.00"
"economics","statistics & appl. probability","1","£7,516,737.00"
"education","social stats., comp. & methods","1","£3,444,605.00"
"education","water engineering","1","£3,444,605.00"
"electric motor & drive systems","control engineering","3","£1,047,083.00"
"electrochemical science & eng.","catalysis & applied catalysis","4","£3,577,926.00"
"electrochemical science & eng.","chemical synthetic methodology","3","£8,633,183.00"
"electrochemical science & eng.","co-ordination chemistry","4","£7,853,974.00"
"electrochemical science & eng.","materials characterisation","3","£963,376.00"
"electrochemical science & eng.","materials synthesis & growth","1","£6,331,952.00"
"electrochemical science & eng.","physical organic chemistry","2","£634,559.00"
"electrochemical science & eng.","surfaces & interfaces","3","£972,476.00"
"electrochemical science & eng.","sustainable energy vectors","3","£1,414,969.00"
"electronic devices & subsys.","biomaterials","1","£4,920,206.00"
"electronic devices & subsys.","computer sys. & architecture","4","£7,708,911.00"
"electronic devices & subsys.","condensed matter physics","3","£6,139,445.00"
"electronic devices & subsys.","displays","1","£4,462,097.00"
"electronic devices & subsys.","electric motor & drive systems","2","£4,951,809.00"
"electronic devices & subsys.","information & knowledge mgmt","1","£5,032,504.00"
"electronic devices & subsys.","lasers & optics","1","£7,190,025.00"
"electronic devices & subsys.","manufacturing machine & plant","5","£9,867,563.00"
"electronic devices & subsys.","materials synthesis & growth","10","£16,094,356.00"
"electronic devices & subsys.","networks & distributed systems","2","£9,114,198.00"
"electronic devices & subsys.","optical communications","2","£8,721,273.00"
"electronic devices & subsys.","optical devices & subsystems","2","£8,557,314.00"
"electronic devices & subsys.","optoelect. devices & circuits","7","£22,340,738.00"
"electronic devices & subsys.","system on chip","2","£4,615,583.00"
"energy - conventional","chemical structure","1","£397,354.00"
"energy - conventional","combustion","2","£8,547,555.00"
"energy - conventional","materials processing","3","£6,627,011.00"
"energy - conventional","sustainable energy networks","1","£4,607,765.00"
"energy - marine & hydropower","combustion","1","£7,073,862.00"
"energy - marine & hydropower","software engineering","3","£1,040,858.00"
"energy - nuclear","chemical synthetic methodology","1","£7,071,238.00"
"energy - nuclear","energy - conventional","1","£737,970.00"
"energy efficiency","aerodynamics","1","£4,918.00"
"energy efficiency","building ops & management","8","£15,103,775.00"
"energy efficiency","complexity science","1","£283,789.00"
"energy efficiency","construction ops & management","2","£6,180,301.00"
"energy efficiency","economics","1","£2,690,768.00"
"energy efficiency","electrochemical science & eng.","3","£4,206,164.00"
"energy efficiency","manufacturing machine & plant","6","£1,792,422.00"
"energy efficiency","materials processing","4","£1,145,717.00"
"energy efficiency","sustainable energy networks","4","£5,181,393.00"
"energy efficiency","sustainable energy vectors","3","£23,551,389.00"
"energy efficiency","urban & land management","3","£7,613,762.00"
"energy storage","chemical synthetic methodology","1","£697,037.00"
"energy storage","electric motor & drive systems","4","£1,765,038.00"
"energy storage","energy efficiency","5","£5,843,267.00"
"energy storage","materials synthesis & growth","3","£2,894,081.00"
"energy storage","solar technology","2","£2,150,456.00"
"energy storage","sustainable energy networks","2","£393,878.00"
"eng. dynamics & tribology","aerodynamics","1","£1,500,938.00"
"eng. dynamics & tribology","bioprocess engineering","1","£995,080.00"
"eng. dynamics & tribology","control engineering","1","£3,768,933.00"
"eng. dynamics & tribology","design of process systems","1","£995,080.00"
"eng. dynamics & tribology","instrumentation eng. & dev.","1","£1,656,509.00"
"eng. dynamics & tribology","materials processing","1","£4,979,741.00"
"eng. dynamics & tribology","materials testing & eng.","3","£8,690,870.00"
"eng. dynamics & tribology","robotics & autonomy","1","£995,080.00"
"environmental economics","civil engineering materials","1","£2,926.00"
"environmental planning","complexity science","1","£3,567,862.00"
"environmental planning","sustainable energy networks","1","£3,567,862.00"
"evolution & populations","plant physiology","1","£1,190,209.00"
"fluid dynamics","aerodynamics","2","£193,889.00"
"fluid dynamics","artificial intelligence","2","£10,472,194.00"
"fluid dynamics","combustion","17","£2,436,854.00"
"fluid dynamics","complexity science","1","£6,531,178.00"
"fluid dynamics","continuum mechanics","3","£5,909,722.00"
"fluid dynamics","energy - conventional","2","£543,229.00"
"fluid dynamics","manufacturing machine & plant","2","£376,805.00"
"fluid dynamics","medical science & disease","1","£3,941,016.00"
"fluid dynamics","microsystems","3","£4,927,800.00"
"fluid dynamics","multiphase flow","4","£6,565,569.00"
"fluid dynamics","pollution","1","£6,531,178.00"
"fluid dynamics","rheology","1","£999,726.00"
"fluid dynamics","software engineering","6","£1,948,056.00"
"food processing","sustainable energy networks","1","£1,395,661.00"
"food structure/composition","image & vision computing","1","£238,693.00"
"food structure/composition","materials testing & eng.","1","£238,693.00"
"fuel cell technologies","biomechanics & rehabilitation","1","£99,425.00"
"fuel cell technologies","carbon capture & storage","1","£1,656,509.00"
"fuel cell technologies","catalysis & applied catalysis","3","£3,628,361.00"
"fuel cell technologies","energy storage","2","£3,414,377.00"
"fuel cell technologies","materials characterisation","2","£1,680,087.00"
"fuel cell technologies","sustainable energy vectors","2","£2,303,100.00"
"fundamentals of computing","artificial intelligence","8","£17,088,231.00"
"fundamentals of computing","cognitive science appl. in ict","1","£438,505.00"
"fundamentals of computing","computer sys. & architecture","11","£9,418,414.00"
"fundamentals of computing","continuum mechanics","1","£715,138.00"
"fundamentals of computing","criminology","3","£2,088,056.00"
"fundamentals of computing","electronic devices & subsys.","4","£6,659,458.00"
"fundamentals of computing","human-computer interactions","5","£5,260,222.00"
"fundamentals of computing","information & knowledge mgmt","5","£9,694,021.00"
"fundamentals of computing","microeconomic theory","2","£842,950.00"
"fundamentals of computing","mobile computing","4","£9,035,929.00"
"fundamentals of computing","modelling & simul. of it sys.","5","£5,002,486.00"
"fundamentals of computing","networks & distributed systems","20","£24,164,470.00"
"fundamentals of computing","psychology","1","£39,455.00"
"fundamentals of computing","rf & microwave technology","2","£5,333,072.00"
"fundamentals of computing","robotics & autonomy","4","£1,691,986.00"
"fundamentals of computing","software engineering","19","£36,726,162.00"
"fundamentals of computing","vlsi design","1","£1,765,760.00"
"fusion","plasmas - laser & fusion","1","£326,261.00"
"fusion","plasmas - technological","2","£405,235.00"
"gas & solution phase reactions","biophysics","1","£5,838,510.00"
"gas & solution phase reactions","catalysis & applied catalysis","6","£1,696,639.00"
"gas & solution phase reactions","chemical biology","4","£2,244,712.00"
"gas & solution phase reactions","co-ordination chemistry","2","£808,607.00"
"gas & solution phase reactions","cold atomic species","4","£2,405,306.00"
"gas & solution phase reactions","design of process systems","6","£16,814,215.00"
"gas & solution phase reactions","microsystems","4","£11,654,736.00"
"gas & solution phase reactions","physical organic chemistry","3","£302,001.00"
"gas & solution phase reactions","separation processes","4","£6,048,821.00"
"genomics","bioinformatics","3","£15,644,397.00"
"genomics","chemical biology","3","£14,996,153.00"
"genomics","population ecology","1","£5,468,668.00"
"genomics","statistics & appl. probability","2","£10,175,729.00"
"geohazards","structural engineering","1","£246,258.00"
"governance","information & knowledge mgmt","2","£1,097,691.00"
"governance","social policy","2","£1,097,691.00"
"ground engineering","civil engineering materials","3","£1,064,903.00"
"ground engineering","numerical analysis","1","£2,048,925.00"
"ground engineering","structural engineering","4","£3,176,939.00"
"ground engineering","urban & land management","3","£10,955,733.00"
"heat & mass transfer","combustion","1","£97,129.00"
"heat & mass transfer","design of process systems","6","£16,922,151.00"
"heat & mass transfer","electric motor & drive systems","2","£1,349,858.00"
"heat & mass transfer","energy efficiency","4","£9,228,757.00"
"heat & mass transfer","microsystems","5","£12,015,276.00"
"heat & mass transfer","multiphase flow","3","£5,442,107.00"
"high performance computing","acoustics","1","£572,579.00"
"high performance computing","catalysis & applied catalysis","2","£673,214.00"
"high performance computing","combustion","1","£572,579.00"
"high performance computing","condensed matter physics","11","£546,881.00"
"high performance computing","design & testing technology","1","£769,539.00"
"high performance computing","light-matter interactions","1","£488,453.00"
"high performance computing","numerical analysis","1","£1,437,554.00"
"high performance computing","software engineering","2","£1,228,106.00"
"high performance computing","solar technology","11","£546,881.00"
"human communication in ict","computer graphics & visual.","2","£499,753.00"
"human communication in ict","design processes","2","£2,869,873.00"
"human communication in ict","digital signal processing","1","£6,236,104.00"
"human communication in ict","human-computer interactions","2","£4,150,033.00"
"human communication in ict","information & knowledge mgmt","9","£8,781,039.00"
"human communication in ict","robotics & autonomy","3","£1,626,404.00"
"human geography (general)","environmental planning","1","£3,567,862.00"
"human geography (general)","transport ops & management","1","£3,567,862.00"
"human-computer interactions","artificial intelligence","8","£16,748,995.00"
"human-computer interactions","bioinformatics","2","£673,794.00"
"human-computer interactions","biomechanics & rehabilitation","3","£7,301,059.00"
"human-computer interactions","cognitive science appl. in ict","1","£438,505.00"
"human-computer interactions","comput./corpus linguistics","2","£1,527,980.00"
"human-computer interactions","computer graphics & visual.","9","£28,198,446.00"
"human-computer interactions","design & testing technology","2","£1,056,088.00"
"human-computer interactions","digital art & design","2","£11,669,263.00"
"human-computer interactions","digital signal processing","3","£6,574,309.00"
"human-computer interactions","energy efficiency","9","£8,991,928.00"
"human-computer interactions","fundamentals of computing","5","£5,260,222.00"
"human-computer interactions","human communication in ict","8","£10,911,224.00"
"human-computer interactions","information & knowledge mgmt","15","£13,105,725.00"
"human-computer interactions","knowledge management","1","£662,804.00"
"human-computer interactions","management & business studies","3","£2,007,971.00"
"human-computer interactions","manufact. enterprise ops& mgmt","1","£507,337.00"
"human-computer interactions","med.instrument.device& equip.","2","£657,364.00"
"human-computer interactions","medical science & disease","1","£4,782,908.00"
"human-computer interactions","mobile computing","24","£29,216,526.00"
"human-computer interactions","multimedia","5","£13,129,574.00"
"human-computer interactions","music & acoustic technology","4","£9,773,992.00"
"human-computer interactions","networks & distributed systems","7","£31,008,728.00"
"human-computer interactions","organisational studies","2","£1,116,040.00"
"human-computer interactions","psychology","4","£1,909,965.00"
"human-computer interactions","robotics & autonomy","8","£8,043,916.00"
"human-computer interactions","social policy","2","£1,097,691.00"
"human-computer interactions","software engineering","8","£14,787,477.00"
"human-computer interactions","transport ops & management","1","£4,062,954.00"
"human-computer interactions","vision & senses - ict appl.","4","£7,253,065.00"
"image & vision computing","analytical science","2","£8,400,597.00"
"image & vision computing","artificial intelligence","7","£22,004,690.00"
"image & vision computing","biomechanics & rehabilitation","2","£4,501,392.00"
"image & vision computing","cognitive psychology","4","£2,052,238.00"
"image & vision computing","computer graphics & visual.","6","£6,636,929.00"
"image & vision computing","digital signal processing","4","£3,711,852.00"
"image & vision computing","human-computer interactions","11","£33,846,518.00"
"image & vision computing","manufact. enterprise ops& mgmt","1","£507,337.00"
"image & vision computing","materials testing & eng.","2","£5,649,702.00"
"image & vision computing","medical imaging","2","£1,825,172.00"
"image & vision computing","music & acoustic technology","3","£15,084,360.00"
"image & vision computing","optical communications","1","£3,034,323.00"
"image & vision computing","rf & microwave technology","2","£14,717,804.00"
"image & vision computing","robotics & autonomy","7","£7,317,629.00"
"image & vision computing","tissue engineering","1","£7,181,445.00"
"image & vision computing","vision & senses - ict appl.","3","£2,863,252.00"
"industrial-org/occupational","organisational studies","1","£3,793,546.00"
"information & knowledge mgmt","artificial intelligence","9","£4,330,449.00"
"information & knowledge mgmt","bioinformatics","3","£6,142,462.00"
"information & knowledge mgmt","chemical structure","1","£6,531,178.00"
"information & knowledge mgmt","complex fluids & soft solids","1","£5,468,668.00"
"information & knowledge mgmt","comput./corpus linguistics","2","£1,281,197.00"
"information & knowledge mgmt","computer sys. & architecture","3","£6,364,627.00"
"information & knowledge mgmt","control engineering","4","£11,424,479.00"
"information & knowledge mgmt","criminology","2","£1,995,350.00"
"information & knowledge mgmt","design engineering","3","£15,958,762.00"
"information & knowledge mgmt","design processes","4","£5,112,395.00"
"information & knowledge mgmt","fundamentals of computing","12","£30,032,227.00"
"information & knowledge mgmt","human communication in ict","5","£6,653,235.00"
"information & knowledge mgmt","human-computer interactions","36","£52,764,889.00"
"information & knowledge mgmt","industrial-org/occupational","1","£3,793,546.00"
"information & knowledge mgmt","international relations theory","1","£3,489,111.00"
"information & knowledge mgmt","management & business studies","2","£1,015,702.00"
"information & knowledge mgmt","manufact. enterprise ops& mgmt","2","£4,846,056.00"
"information & knowledge mgmt","med.instrument.device& equip.","3","£6,126,032.00"
"information & knowledge mgmt","microsystems","2","£11,686,638.00"
"information & knowledge mgmt","mobile computing","11","£17,224,911.00"
"information & knowledge mgmt","networks & distributed systems","21","£40,036,761.00"
"information & knowledge mgmt","political geography","2","£7,455,498.00"
"information & knowledge mgmt","population ecology","2","£11,999,846.00"
"information & knowledge mgmt","psychology","5","£7,990,689.00"
"information & knowledge mgmt","robotics & autonomy","3","£5,667,696.00"
"information & knowledge mgmt","social policy","3","£1,942,868.00"
"information & knowledge mgmt","software engineering","8","£11,558,517.00"
"information & knowledge mgmt","sustainable energy networks","1","£342,884.00"
"information & knowledge mgmt","transport ops & management","1","£3,910,923.00"
"instrumentation eng. & dev.","analytical science","7","£10,573,100.00"
"instrumentation eng. & dev.","biomaterials","2","£8,830,948.00"
"instrumentation eng. & dev.","chemical structure","1","£789,800.00"
"instrumentation eng. & dev.","chemical synthetic methodology","3","£1,158,523.00"
"instrumentation eng. & dev.","combustion","3","£1,789,626.00"
"instrumentation eng. & dev.","digital signal processing","1","£376,994.00"
"instrumentation eng. & dev.","electrochemical science & eng.","1","£629,902.00"
"instrumentation eng. & dev.","energy storage","1","£1,656,509.00"
"instrumentation eng. & dev.","gas & solution phase reactions","3","£1,987,555.00"
"instrumentation eng. & dev.","image & vision computing","2","£2,169,555.00"
"instrumentation eng. & dev.","materials processing","1","£1,363,268.00"
"instrumentation eng. & dev.","materials testing & eng.","5","£5,091,670.00"
"instrumentation eng. & dev.","med.instrument.device& equip.","4","£11,863,253.00"
"instrumentation eng. & dev.","networks & distributed systems","1","£492,065.00"
"instrumentation eng. & dev.","optical devices & subsystems","3","£1,681,777.00"
"instrumentation eng. & dev.","rheology","1","£97,812.00"
"instrumentation eng. & dev.","robotics & autonomy","6","£6,555,497.00"
"instrumentation eng. & dev.","tissue engineering","2","£8,830,948.00"
"intelligent & expert systems","control engineering","2","£855,720.00"
"intelligent & expert systems","fluid dynamics","2","£855,720.00"
"intelligent & expert systems","intelligent measurement sys.","1","£4,956,495.00"
"intelligent measurement sys.","design of process systems","1","£4,956,495.00"
"international law","behavioural & experimental eco","1","£1,975,496.00"
"international law","networks & distributed systems","1","£1,975,496.00"
"international relations theory","information & knowledge mgmt","1","£3,489,111.00"
"knowledge management","human-computer interactions","1","£662,804.00"
"land - ocean interactions","climate & climate change","1","£1,415,336.00"
"lasers & optics","biomechanics & rehabilitation","1","£652,829.00"
"lasers & optics","biophysics","2","£4,595,236.00"
"lasers & optics","digital signal processing","1","£4,942,312.00"
"lasers & optics","electronic devices & subsys.","2","£11,652,122.00"
"lasers & optics","materials synthesis & growth","1","£970,063.00"
"lasers & optics","materials testing & eng.","2","£8,666,093.00"
"lasers & optics","optical devices & subsystems","8","£19,780,701.00"
"lasers & optics","optoelect. devices & circuits","3","£24,582,364.00"
"lasers & optics","quantum optics & information","2","£5,575,897.00"
"light-matter interactions","chemical structure","1","£1,227,972.00"
"light-matter interactions","cold atomic species","3","£2,910,353.00"
"light-matter interactions","gas & solution phase reactions","2","£7,066,482.00"
"light-matter interactions","lasers & optics","2","£2,747,913.00"
"light-matter interactions","plasmas - laser & fusion","1","£2,050,049.00"
"light-matter interactions","quantum optics & information","4","£12,862,595.00"
"light-matter interactions","surfaces & interfaces","2","£1,145,264.00"
"logic & combinatorics","algebra & geometry","14","£4,407,130.00"
"logic & combinatorics","continuum mechanics","8","£9,468,288.00"
"logic & combinatorics","mathematical aspects of or","4","£8,868,828.00"
"logic & combinatorics","mathematical physics","6","£1,502,792.00"
"logic & combinatorics","non-linear systems mathematics","4","£8,868,828.00"
"logic & combinatorics","numerical analysis","4","£599,460.00"
"logic & combinatorics","statistics & appl. probability","6","£10,293,739.00"
"macroeconomics","political geography","1","£4,000,602.00"
"magnetism/magnetic phenomena","condensed matter physics","21","£19,040,866.00"
"magnetism/magnetic phenomena","electronic devices & subsys.","3","£6,139,445.00"
"magnetism/magnetic phenomena","materials characterisation","8","£9,999,295.00"
"magnetism/magnetic phenomena","materials synthesis & growth","4","£2,852,328.00"
"magnetism/magnetic phenomena","quantum optics & information","7","£17,586,519.00"
"magnetism/magnetic phenomena","solar technology","11","£546,881.00"
"magnetism/magnetic phenomena","surfaces & interfaces","3","£1,956,906.00"
"management & business studies","economics","1","£7,516,737.00"
"management & business studies","fundamentals of computing","1","£316,417.00"
"management & business studies","human geography (general)","1","£3,567,862.00"
"management & business studies","information & knowledge mgmt","3","£2,007,971.00"
"management & business studies","psychology","2","£1,015,702.00"
"management & business studies","statistics & appl. probability","1","£7,516,737.00"
"management & business studies","transport ops & management","1","£3,444,605.00"
"management & business studies","water engineering","1","£3,444,605.00"
"manufact. business strategy","digital art & design","1","£5,965,328.00"
"manufact. business strategy","information & knowledge mgmt","2","£7,900,121.00"
"manufact. business strategy","multimedia","3","£1,454,428.00"
"manufact. enterprise ops& mgmt","bioenergy","1","£2,524,593.00"
"manufact. enterprise ops& mgmt","biomaterials","2","£5,106,457.00"
"manufact. enterprise ops& mgmt","cognitive science appl. in ict","2","£1,056,088.00"
"manufact. enterprise ops& mgmt","control engineering","3","£9,348,379.00"
"manufact. enterprise ops& mgmt","design engineering","5","£13,314,517.00"
"manufact. enterprise ops& mgmt","electronic devices & subsys.","4","£9,680,518.00"
"manufact. enterprise ops& mgmt","eng. dynamics & tribology","1","£995,080.00"
"manufact. enterprise ops& mgmt","human-computer interactions","3","£1,386,453.00"
"manufact. enterprise ops& mgmt","information & knowledge mgmt","2","£2,831,537.00"
"manufact. enterprise ops& mgmt","intelligent & expert systems","2","£3,485,562.00"
"manufact. enterprise ops& mgmt","manufact. business strategy","3","£1,162,151.00"
"manufact. enterprise ops& mgmt","manufacturing machine & plant","3","£5,907,698.00"
"manufact. enterprise ops& mgmt","materials processing","8","£26,424,990.00"
"manufact. enterprise ops& mgmt","mathematical aspects of or","3","£2,005,789.00"
"manufact. enterprise ops& mgmt","optoelect. devices & circuits","1","£10,220,725.00"
"manufact. enterprise ops& mgmt","reactor engineering","1","£995,080.00"
"manufact. enterprise ops& mgmt","robotics & autonomy","3","£8,367,052.00"
"manufacturing machine & plant","analytical science","1","£132,415.00"
"manufacturing machine & plant","biochemical engineering","2","£6,123,065.00"
"manufacturing machine & plant","biomaterials","8","£4,225,168.00"
"manufacturing machine & plant","bioprocess engineering","1","£995,080.00"
"manufacturing machine & plant","catalysis & applied catalysis","2","£1,051,651.00"
"manufacturing machine & plant","design & testing technology","3","£3,212,107.00"
"manufacturing machine & plant","design engineering","6","£7,377,003.00"
"manufacturing machine & plant","design of process systems","14","£17,977,274.00"
"manufacturing machine & plant","electronic devices & subsys.","3","£8,285,625.00"
"manufacturing machine & plant","energy efficiency","4","£1,075,584.00"
"manufacturing machine & plant","fluid dynamics","2","£376,805.00"
"manufacturing machine & plant","food structure/composition","1","£4,501,050.00"
"manufacturing machine & plant","instrumentation eng. & dev.","1","£298,572.00"
"manufacturing machine & plant","manufact. enterprise ops& mgmt","24","£30,079,109.00"
"manufacturing machine & plant","materials processing","13","£24,007,517.00"
"manufacturing machine & plant","materials synthesis & growth","5","£9,072,392.00"
"manufacturing machine & plant","materials testing & eng.","5","£22,642,725.00"
"manufacturing machine & plant","optical devices & subsystems","2","£1,414,640.00"
"manufacturing machine & plant","optoelect. devices & circuits","6","£16,262,781.00"
"manufacturing machine & plant","reactor engineering","1","£966,179.00"
"manufacturing machine & plant","rf & microwave technology","3","£11,044,762.00"
"manufacturing machine & plant","robotics & autonomy","3","£5,301,033.00"
"manufacturing machine & plant","statistics & appl. probability","4","£2,132,530.00"
"manufacturing machine & plant","tissue engineering","3","£4,528,822.00"
"marketing","information & knowledge mgmt","2","£1,015,702.00"
"marketing","psychology","2","£1,015,702.00"
"materials characterisation","biomaterials","3","£2,303,009.00"
"materials characterisation","biophysics","3","£3,630,310.00"
"materials characterisation","carbon capture & storage","1","£1,656,509.00"
"materials characterisation","catalysis & applied catalysis","3","£6,993,722.00"
"materials characterisation","chemical synthetic methodology","2","£10,422,972.00"
"materials characterisation","complex fluids & soft solids","4","£13,794,249.00"
"materials characterisation","condensed matter physics","4","£4,301,131.00"
"materials characterisation","design & testing technology","4","£7,354,508.00"
"materials characterisation","electronic devices & subsys.","7","£9,952,907.00"
"materials characterisation","energy - nuclear","2","£1,512,837.00"
"materials characterisation","eng. dynamics & tribology","3","£6,880,348.00"
"materials characterisation","food structure/composition","1","£238,693.00"
"materials characterisation","fundamentals of computing","1","£715,138.00"
"materials characterisation","gas & solution phase reactions","3","£302,001.00"
"materials characterisation","instrumentation eng. & dev.","2","£2,310,190.00"
"materials characterisation","magnetism/magnetic phenomena","10","£11,542,891.00"
"materials characterisation","materials processing","7","£14,348,900.00"
"materials characterisation","materials synthesis & growth","43","£57,522,560.00"
"materials characterisation","materials testing & eng.","10","£39,920,171.00"
"materials characterisation","oil & gas extraction","1","£1,656,509.00"
"materials characterisation","optoelect. devices & circuits","6","£2,851,713.00"
"materials characterisation","particle technology","2","£1,301,882.00"
"materials characterisation","pollution","1","£6,531,178.00"
"materials characterisation","rf & microwave technology","8","£4,022,730.00"
"materials characterisation","separation processes","3","£5,162,601.00"
"materials characterisation","statistics & appl. probability","1","£769,539.00"
"materials characterisation","surfaces & interfaces","4","£7,436,939.00"
"materials characterisation","tissue engineering","4","£6,750,476.00"
"materials characterisation","transport ops & management","4","£627,301.00"
"materials processing","catalysis & applied catalysis","1","£204,437.00"
"materials processing","design & testing technology","2","£4,910,070.00"
"materials processing","electronic devices & subsys.","5","£16,973,930.00"
"materials processing","instrumentation eng. & dev.","1","£1,363,268.00"
"materials processing","manufact. enterprise ops& mgmt","2","£5,725,055.00"
"materials processing","manufacturing machine & plant","32","£53,722,509.00"
"materials processing","materials characterisation","24","£69,252,072.00"
"materials processing","materials synthesis & growth","8","£15,500,664.00"
"materials processing","medical imaging","2","£600,324.00"
"materials processing","optoelect. devices & circuits","6","£7,549,712.00"
"materials processing","rf & microwave technology","1","£4,012,827.00"
"materials processing","surfaces & interfaces","3","£12,030,889.00"
"materials processing","synthetic biology","1","£400,872.00"
"materials processing","transport ops & management","4","£627,301.00"
"materials synthesis & growth","analytical science","3","£6,171,103.00"
"materials synthesis & growth","biomaterials","4","£11,404,730.00"
"materials synthesis & growth","biophysics","2","£649,679.00"
"materials synthesis & growth","catalysis & applied catalysis","2","£1,887,299.00"
"materials synthesis & growth","chemical synthetic methodology","4","£12,345,872.00"
"materials synthesis & growth","co-ordination chemistry","3","£7,031,467.00"
"materials synthesis & growth","complex fluids & soft solids","3","£1,538,411.00"
"materials synthesis & growth","condensed matter physics","4","£6,286,798.00"
"materials synthesis & growth","electrochemical science & eng.","5","£4,066,464.00"
"materials synthesis & growth","electronic devices & subsys.","5","£9,917,965.00"
"materials synthesis & growth","energy storage","1","£2,190,025.00"
"materials synthesis & growth","magnetism/magnetic phenomena","8","£9,057,325.00"
"materials synthesis & growth","manufacturing machine & plant","5","£7,825,112.00"
"materials synthesis & growth","materials characterisation","123","£125,790,680.00"
"materials synthesis & growth","materials processing","13","£22,330,825.00"
"materials synthesis & growth","materials testing & eng.","4","£12,195,242.00"
"materials synthesis & growth","optoelect. devices & circuits","6","£2,236,581.00"
"materials synthesis & growth","quantum optics & information","2","£1,443,784.00"
"materials synthesis & growth","rf & microwave technology","4","£8,345,626.00"
"materials synthesis & growth","surfaces & interfaces","3","£842,957.00"
"materials synthesis & growth","sustainable energy vectors","3","£7,728,245.00"
"materials synthesis & growth","tissue engineering","3","£6,744,206.00"
"materials testing & eng.","biomaterials","1","£1,656,509.00"
"materials testing & eng.","construction ops & management","2","£79,939.00"
"materials testing & eng.","control engineering","1","£995,080.00"
"materials testing & eng.","design & testing technology","2","£8,514,859.00"
"materials testing & eng.","energy - nuclear","2","£257,913.00"
"materials testing & eng.","eng. dynamics & tribology","7","£10,306,130.00"
"materials testing & eng.","fuel cell technologies","1","£1,656,509.00"
"materials testing & eng.","information & knowledge mgmt","2","£559,340.00"
"materials testing & eng.","instrumentation eng. & dev.","4","£4,136,850.00"
"materials testing & eng.","manufacturing machine & plant","5","£19,906,543.00"
"materials testing & eng.","materials characterisation","8","£4,339,838.00"
"materials testing & eng.","materials processing","7","£31,879,077.00"
"materials testing & eng.","materials synthesis & growth","6","£12,390,493.00"
"materials testing & eng.","underwater engineering","1","£1,094,685.00"
"mathematical & statistic psych","criminology","1","£1,016,595.00"
"mathematical & statistic psych","systems neuroscience","1","£100,803.00"
"mathematical analysis","algebra & geometry","15","£6,085,697.00"
"mathematical analysis","continuum mechanics","6","£8,312,573.00"
"mathematical analysis","high performance computing","1","£477,780.00"
"mathematical analysis","logic & combinatorics","3","£1,929,559.00"
"mathematical analysis","mathematical aspects of or","3","£7,239,269.00"
"mathematical analysis","mathematical physics","7","£5,527,998.00"
"mathematical analysis","non-linear systems mathematics","9","£8,281,277.00"
"mathematical analysis","numerical analysis","8","£8,643,372.00"
"mathematical analysis","statistics & appl. probability","12","£11,138,028.00"
"mathematical aspects of or","fundamentals of computing","4","£10,956,986.00"
"mathematical aspects of or","logic & combinatorics","1","£3,454,896.00"
"mathematical aspects of or","manufact. enterprise ops& mgmt","2","£1,544,569.00"
"mathematical aspects of or","mathematical analysis","4","£8,868,828.00"
"mathematical aspects of or","non-linear systems mathematics","4","£8,868,828.00"
"mathematical aspects of or","statistics & appl. probability","4","£8,868,828.00"
"mathematical aspects of or","transport ops & management","1","£2,262,469.00"
"mathematical physics","algebra & geometry","15","£11,851,647.00"
"mathematical physics","continuum mechanics","7","£7,838,729.00"
"mathematical physics","logic & combinatorics","2","£1,645,969.00"
"mathematical physics","mathematical analysis","14","£12,384,960.00"
"mathematical physics","non-linear systems mathematics","3","£7,239,269.00"
"mathematical physics","numerical analysis","6","£3,163,508.00"
"mathematical physics","statistics & appl. probability","4","£8,697,671.00"
"med.instrument.device& equip.","bioinformatics","2","£12,650,113.00"
"med.instrument.device& equip.","biomaterials","8","£14,757,991.00"
"med.instrument.device& equip.","biomechanics & rehabilitation","9","£20,340,204.00"
"med.instrument.device& equip.","biomedical neuroscience","5","£9,777,666.00"
"med.instrument.device& equip.","drug formulation & delivery","1","£896,741.00"
"med.instrument.device& equip.","human-computer interactions","1","£628,709.00"
"med.instrument.device& equip.","image & vision computing","3","£11,032,247.00"
"med.instrument.device& equip.","information & knowledge mgmt","4","£9,153,673.00"
"med.instrument.device& equip.","instrumentation eng. & dev.","7","£14,467,820.00"
"med.instrument.device& equip.","manufacturing machine & plant","7","£3,281,703.00"
"med.instrument.device& equip.","materials characterisation","5","£6,717,741.00"
"med.instrument.device& equip.","medical imaging","11","£15,480,628.00"
"med.instrument.device& equip.","microsystems","4","£15,099,197.00"
"med.instrument.device& equip.","numerical analysis","1","£2,004,298.00"
"med.instrument.device& equip.","optical devices & subsystems","2","£616,104.00"
"med.instrument.device& equip.","rheology","1","£999,726.00"
"med.instrument.device& equip.","robotics & autonomy","9","£5,949,707.00"
"med.instrument.device& equip.","theoretical biology","1","£5,468,668.00"
"med.instrument.device& equip.","tissue engineering","7","£28,331,972.00"
"med.instrument.device& equip.","vision & senses - ict appl.","3","£2,323,844.00"
"media & communication studies","information & knowledge mgmt","2","£6,841,533.00"
"media & communication studies","networks & distributed systems","1","£5,996,356.00"
"media & communication studies","social anthropology","1","£5,996,356.00"
"medical imaging","biomaterials","1","£4,164,295.00"
"medical imaging","biomechanics & rehabilitation","6","£10,903,759.00"
"medical imaging","biomedical neuroscience","3","£6,080,176.00"
"medical imaging","image & vision computing","4","£4,989,155.00"
"medical imaging","materials characterisation","2","£600,324.00"
"medical imaging","med.instrument.device& equip.","20","£21,153,089.00"
"medical imaging","numerical analysis","2","£614,620.00"
"medical imaging","robotics & autonomy","4","£6,495,413.00"
"medical imaging","tissue engineering","3","£8,496,525.00"
"medical science & disease","analytical science","2","£10,175,729.00"
"medical science & disease","biological & medicinal chem.","2","£10,175,729.00"
"medical science & disease","biomechanics & rehabilitation","1","£466,444.00"
"medical science & disease","biomedical neuroscience","6","£11,371,844.00"
"medical science & disease","complexity science","2","£6,256,506.00"
"medical science & disease","fluid dynamics","1","£6,531,178.00"
"medical science & disease","genomics","2","£10,175,729.00"
"medical science & disease","instrumentation eng. & dev.","1","£7,174,439.00"
"medical science & disease","materials characterisation","2","£10,472,194.00"
"medical science & disease","new media/web-based studies","1","£7,174,439.00"
"medical science & disease","population ecology","2","£11,999,846.00"
"medical science & disease","theoretical biology","4","£20,335,521.00"
"medical science & disease","vision & senses - ict appl.","1","£4,782,908.00"
"microbiology","medical science & disease","1","£404,819.00"
"microeconomic theory","mathematical aspects of or","2","£842,950.00"
"microsystems","continuum mechanics","1","£1,616,110.00"
"microsystems","design of process systems","5","£12,568,294.00"
"microsystems","fluid dynamics","4","£5,619,287.00"
"microsystems","heat & mass transfer","8","£13,233,364.00"
"microsystems","instrumentation eng. & dev.","2","£2,320,538.00"
"microsystems","med.instrument.device& equip.","5","£12,966,905.00"
"microsystems","multiphase flow","3","£2,498,244.00"
"microsystems","reactor engineering","1","£913,558.00"
"microsystems","separation processes","2","£1,052,027.00"
"mobile computing","artificial intelligence","1","£5,032,504.00"
"mobile computing","control engineering","1","£4,183,694.00"
"mobile computing","design engineering","1","£5,965,328.00"
"mobile computing","digital art & design","1","£5,703,935.00"
"mobile computing","fundamentals of computing","3","£868,989.00"
"mobile computing","human-computer interactions","9","£17,636,132.00"
"mobile computing","information & knowledge mgmt","27","£42,813,119.00"
"mobile computing","med.instrument.device& equip.","1","£923,685.00"
"mobile computing","networks & distributed systems","5","£1,309,848.00"
"mobile computing","political geography","1","£4,000,602.00"
"mobile computing","rf & microwave technology","3","£5,979,106.00"
"mobile computing","social policy","2","£1,097,691.00"
"mobile computing","software engineering","2","£7,437,108.00"
"modelling & simul. of it sys.","computer sys. & architecture","1","£3,659,587.00"
"modelling & simul. of it sys.","criminal law & criminology","1","£1,016,595.00"
"modelling & simul. of it sys.","fundamentals of computing","4","£4,329,672.00"
"modelling & simul. of it sys.","information & knowledge mgmt","4","£9,916,765.00"
"modelling & simul. of it sys.","mobile computing","1","£747,777.00"
"modelling & simul. of it sys.","organisational studies","1","£3,793,546.00"
"modelling & simul. of it sys.","software engineering","4","£11,113,888.00"
"multimedia","composition","1","£5,971,211.00"
"multimedia","digital art & design","1","£5,703,935.00"
"multimedia","human-computer interactions","1","£5,703,935.00"
"multimedia","image & vision computing","2","£11,619,917.00"
"multimedia","manufact. business strategy","3","£1,454,428.00"
"multimedia","networks & distributed systems","1","£5,996,356.00"
"multimedia","social anthropology","1","£5,996,356.00"
"multiphase flow","complex fluids & soft solids","3","£1,006,358.00"
"multiphase flow","design of process systems","2","£5,595,789.00"
"multiphase flow","heat & mass transfer","2","£5,169,722.00"
"multiphase flow","microsystems","5","£3,550,271.00"
"multiphase flow","particle technology","3","£1,555,624.00"
"multiphase flow","software engineering","3","£907,198.00"
"music & acoustic technology","artificial intelligence","3","£1,684,867.00"
"music & acoustic technology","computer graphics & visual.","1","£3,697,945.00"
"music & acoustic technology","digital signal processing","3","£5,806,956.00"
"music & acoustic technology","human-computer interactions","4","£8,122,715.00"
"music & acoustic technology","information & knowledge mgmt","2","£5,509,186.00"
"music & acoustic technology","vision & senses - ict appl.","2","£1,266,091.00"
"musical performance","image & vision computing","1","£5,971,211.00"
"networks & distributed systems","artificial intelligence","4","£13,736,041.00"
"networks & distributed systems","bioinformatics","1","£4,353,851.00"
"networks & distributed systems","computer graphics & visual.","2","£9,876,251.00"
"networks & distributed systems","computer sys. & architecture","4","£4,832,982.00"
"networks & distributed systems","control engineering","3","£9,399,162.00"
"networks & distributed systems","criminology","5","£5,080,147.00"
"networks & distributed systems","digital signal processing","4","£9,673,785.00"
"networks & distributed systems","electronic devices & subsys.","1","£4,081,694.00"
"networks & distributed systems","fundamentals of computing","23","£27,873,666.00"
"networks & distributed systems","human-computer interactions","17","£22,464,304.00"
"networks & distributed systems","image & vision computing","5","£22,691,269.00"
"networks & distributed systems","information & knowledge mgmt","13","£34,991,920.00"
"networks & distributed systems","management & business studies","2","£8,509,006.00"
"networks & distributed systems","mobile computing","19","£30,414,883.00"
"networks & distributed systems","modelling & simul. of it sys.","8","£16,653,721.00"
"networks & distributed systems","new media/web-based studies","1","£5,703,935.00"
"networks & distributed systems","optical devices & subsystems","2","£5,534,323.00"
"networks & distributed systems","organisational studies","3","£1,509,907.00"
"networks & distributed systems","psychology","2","£894,263.00"
"networks & distributed systems","rf & microwave technology","10","£12,564,091.00"
"networks & distributed systems","social stats., comp. & methods","1","£3,444,605.00"
"networks & distributed systems","software engineering","8","£21,443,698.00"
"networks & distributed systems","statistics & appl. probability","3","£8,760,449.00"
"networks & distributed systems","transport ops & management","2","£7,507,559.00"
"new & emerging comp. paradigms","biomedical neuroscience","1","£4,782,908.00"
"new & emerging comp. paradigms","complexity science","2","£7,584,967.00"
"new & emerging comp. paradigms","human-computer interactions","2","£4,816,659.00"
"new & emerging comp. paradigms","statistics & appl. probability","2","£7,584,967.00"
"new media/web-based studies","biomaterials","1","£7,174,439.00"
"new media/web-based studies","digital art & design","1","£5,703,935.00"
"new media/web-based studies","human-computer interactions","1","£5,703,935.00"
"new media/web-based studies","instrumentation eng. & dev.","1","£7,174,439.00"
"new media/web-based studies","mobile computing","1","£5,703,935.00"
"new media/web-based studies","networks & distributed systems","1","£5,703,935.00"
"new media/web-based studies","time-based media htp","1","£6,358,107.00"
"non-linear systems mathematics","acoustics","1","£3,768,933.00"
"non-linear systems mathematics","algebra & geometry","3","£4,071,473.00"
"non-linear systems mathematics","complexity science","6","£21,590,582.00"
"non-linear systems mathematics","continuum mechanics","12","£15,557,652.00"
"non-linear systems mathematics","fluid dynamics","3","£2,913,953.00"
"non-linear systems mathematics","logic & combinatorics","2","£300,000.00"
"non-linear systems mathematics","materials synthesis & growth","1","£2,551,402.00"
"non-linear systems mathematics","mathematical analysis","20","£16,631,193.00"
"non-linear systems mathematics","mathematical physics","6","£9,168,828.00"
"non-linear systems mathematics","medical science & disease","1","£1,565,382.00"
"non-linear systems mathematics","numerical analysis","7","£3,693,333.00"
"non-linear systems mathematics","statistics & appl. probability","19","£43,259,704.00"
"novel industrial products","instrumentation eng. & dev.","1","£7,174,439.00"
"novel industrial products","tissue engineering","1","£7,174,439.00"
"numerical analysis","algebra & geometry","2","£1,730,013.00"
"numerical analysis","artificial intelligence","2","£683,254.00"
"numerical analysis","continuum mechanics","12","£14,049,325.00"
"numerical analysis","design processes","1","£1,437,554.00"
"numerical analysis","information & knowledge mgmt","1","£1,437,554.00"
"numerical analysis","logic & combinatorics","2","£1,912,985.00"
"numerical analysis","mathematical analysis","18","£21,054,511.00"
"numerical analysis","mathematical aspects of or","2","£1,880,863.00"
"numerical analysis","mathematical physics","4","£8,173,758.00"
"numerical analysis","non-linear systems mathematics","18","£26,103,853.00"
"numerical analysis","statistics & appl. probability","13","£14,784,516.00"
"numerical analysis","water engineering","1","£100,020.00"
"oil & gas extraction","eng. dynamics & tribology","1","£1,656,509.00"
"oil & gas extraction","materials testing & eng.","1","£1,656,509.00"
"optical communications","digital signal processing","1","£3,034,323.00"
"optical communications","electronic devices & subsys.","2","£11,449,201.00"
"optical communications","networks & distributed systems","7","£21,742,671.00"
"optical communications","optoelect. devices & circuits","5","£18,510,581.00"
"optical communications","quantum optics & information","2","£1,518,333.00"
"optical devices & subsystems","artificial intelligence","1","£5,004,658.00"
"optical devices & subsystems","biophysics","2","£194,274.00"
"optical devices & subsystems","condensed matter physics","1","£259,916.00"
"optical devices & subsystems","design engineering","1","£935,611.00"
"optical devices & subsystems","digital signal processing","3","£14,444,072.00"
"optical devices & subsystems","electronic devices & subsys.","4","£17,414,926.00"
"optical devices & subsystems","instrumentation eng. & dev.","4","£2,697,407.00"
"optical devices & subsystems","manufact. enterprise ops& mgmt","2","£2,539,279.00"
"optical devices & subsystems","manufacturing machine & plant","3","£6,289,312.00"
"optical devices & subsystems","materials synthesis & growth","6","£5,364,539.00"
"optical devices & subsystems","med.instrument.device& equip.","4","£1,345,118.00"
"optical devices & subsystems","microsystems","1","£4,942,312.00"
"optical devices & subsystems","optical communications","7","£20,076,291.00"
"optical devices & subsystems","optoelect. devices & circuits","6","£31,209,723.00"
"optical devices & subsystems","quantum optics & information","2","£10,128,604.00"
"optical devices & subsystems","solar technology","1","£460,998.00"
"optical phenomena","condensed matter physics","2","£550,906.00"
"optical phenomena","lasers & optics","4","£5,966,729.00"
"optical phenomena","optical devices & subsystems","3","£10,165,703.00"
"optical phenomena","quantum optics & information","2","£5,575,897.00"
"optoelect. devices & circuits","biophysics","1","£13,061.00"
"optoelect. devices & circuits","condensed matter physics","1","£5,004,658.00"
"optoelect. devices & circuits","digital signal processing","1","£4,942,312.00"
"optoelect. devices & circuits","drug formulation & delivery","1","£13,061.00"
"optoelect. devices & circuits","electronic devices & subsys.","4","£16,842,535.00"
"optoelect. devices & circuits","manufacturing machine & plant","5","£13,836,107.00"
"optoelect. devices & circuits","materials processing","4","£4,771,222.00"
"optoelect. devices & circuits","materials synthesis & growth","9","£9,788,510.00"
"optoelect. devices & circuits","optical communications","4","£18,453,653.00"
"optoelect. devices & circuits","optical devices & subsystems","10","£37,309,231.00"
"optoelect. devices & circuits","quantum optics & information","3","£6,642,279.00"
"optoelect. devices & circuits","solar technology","1","£460,998.00"
"optoelect. devices & circuits","surfaces & interfaces","2","£1,313,308.00"
"organisational studies","human-computer interactions","2","£1,402,378.00"
"organisational studies","networks & distributed systems","4","£5,303,453.00"
"parallel computing","data handling & storage","1","£742,513.00"
"parallel computing","fundamentals of computing","2","£4,334,758.00"
"parallel computing","high performance computing","4","£821,783.00"
"parallel computing","software engineering","4","£10,529,925.00"
"particle technology","design & testing technology","1","£2,482,246.00"
"particle technology","fluid dynamics","1","£2,270,296.00"
"particle technology","instrumentation eng. & dev.","1","£763,902.00"
"particle technology","manufact. enterprise ops& mgmt","1","£3,584,884.00"
"particle technology","manufacturing machine & plant","2","£10,409,660.00"
"particle technology","microsystems","1","£913,558.00"
"particle technology","multiphase flow","3","£1,555,624.00"
"particle technology","rheology","2","£544,759.00"
"pavement engineering","building ops & management","1","£5,832,641.00"
"pavement engineering","construction ops & management","1","£5,832,641.00"
"pavement engineering","transport ops & management","1","£5,832,641.00"
"pavement engineering","water engineering","1","£5,832,641.00"
"physical organic chemistry","catalysis & applied catalysis","5","£937,250.00"
"physical organic chemistry","chemical structure","2","£886,912.00"
"physical organic chemistry","chemical synthetic methodology","5","£4,093,416.00"
"physical organic chemistry","electrochemical science & eng.","3","£954,862.00"
"physical organic chemistry","manufacturing machine & plant","1","£450,811.00"
"physical organic chemistry","materials characterisation","3","£302,001.00"
"plant physiology","surfaces & interfaces","1","£1,190,209.00"
"plant responses to environment","materials characterisation","1","£1,190,209.00"
"plasmas - laser & fusion","atoms & ions","4","£876,614.00"
"plasmas - laser & fusion","condensed matter physics","2","£1,020,144.00"
"plasmas - laser & fusion","fusion","5","£2,270,752.00"
"plasmas - laser & fusion","lasers & optics","2","£6,544,731.00"
"plasmas - laser & fusion","optical devices & subsystems","1","£2,050,049.00"
"plasmas - laser & fusion","plasmas - technological","2","£3,857,996.00"
"plasmas - technological","biophysics","1","£4,494,682.00"
"plasmas - technological","materials processing","1","£425,623.00"
"plasmas - technological","plasmas - laser & fusion","4","£8,631,918.00"
"political geography","information & knowledge mgmt","1","£4,000,602.00"
"political geography","mobile computing","1","£4,000,602.00"
"pollution","artificial intelligence","1","£6,531,178.00"
"pollution","information & knowledge mgmt","1","£6,531,178.00"
"pollution","quantum optics & information","1","£6,531,178.00"
"population ecology","cells","1","£4,691,124.00"
"population ecology","complex fluids & soft solids","1","£5,468,668.00"
"population ecology","information & knowledge mgmt","1","£5,468,668.00"
"population ecology","medical science & disease","2","£10,159,792.00"
"population ecology","theoretical biology","1","£5,468,668.00"
"power sys man, prot & control","energy storage","1","£1,018,626.00"
"power sys man, prot & control","networks & distributed systems","2","£789,528.00"
"power systems plant","combustion","1","£1,997,000.00"
"power systems plant","materials testing & eng.","1","£1,997,000.00"
"product design","human-computer interactions","1","£5,965,328.00"
"product design","networks & distributed systems","1","£5,965,328.00"
"protein chemistry","catalysis & enzymology","1","£288,481.00"
"protein engineering","manufacturing machine & plant","1","£1,015,843.00"
"psychology","comput./corpus linguistics","1","£939,908.00"
"psychology","fundamentals of computing","1","£39,455.00"
"psychology","human-computer interactions","2","£1,742,558.00"
"psychology","information & knowledge mgmt","3","£1,205,401.00"
"psychology","networks & distributed systems","2","£894,263.00"
"quantum fluids & solids","cold atomic species","2","£534,816.00"
"quantum fluids & solids","light-matter interactions","1","£1,222,168.00"
"quantum fluids & solids","magnetism/magnetic phenomena","2","£1,381,019.00"
"quantum fluids & solids","quantum optics & information","2","£4,066,303.00"
"quantum optics & information","artificial intelligence","2","£11,535,836.00"
"quantum optics & information","chemical structure","1","£595,238.00"
"quantum optics & information","co-ordination chemistry","1","£595,238.00"
"quantum optics & information","cold atomic species","7","£10,619,492.00"
"quantum optics & information","condensed matter physics","5","£12,385,205.00"
"quantum optics & information","electronic devices & subsys.","4","£7,485,209.00"
"quantum optics & information","light-matter interactions","10","£18,463,931.00"
"quantum optics & information","magnetism/magnetic phenomena","11","£10,728,322.00"
"quantum optics & information","mathematical physics","2","£192,953.00"
"quantum optics & information","optical devices & subsystems","2","£9,999,976.00"
"quantum optics & information","optoelect. devices & circuits","6","£13,090,721.00"
"quantum optics & information","quantum fluids & solids","4","£6,154,851.00"
"reactor engineering","catalysis & applied catalysis","4","£2,277,183.00"
"reactor engineering","complex fluids & soft solids","2","£965,887.00"
"reactor engineering","design of process systems","2","£5,473,531.00"
"reactor engineering","eng. dynamics & tribology","1","£995,080.00"
"reactor engineering","heat & mass transfer","3","£9,771,996.00"
"reactor engineering","materials characterisation","1","£99,876.00"
"reactor engineering","optical devices & subsystems","1","£995,080.00"
"reactor engineering","particle technology","3","£2,523,231.00"
"reactor engineering","surfaces & interfaces","1","£99,876.00"
"regional & extreme weather","urban & land management","1","£1,706,722.00"
"rf & microwave technology","artificial intelligence","2","£16,715,985.00"
"rf & microwave technology","digital signal processing","23","£19,389,366.00"
"rf & microwave technology","electronic devices & subsys.","9","£8,748,868.00"
"rf & microwave technology","manufacturing machine & plant","1","£148,602.00"
"rf & microwave technology","materials synthesis & growth","9","£10,906,063.00"
"rf & microwave technology","med.instrument.device& equip.","2","£1,115,803.00"
"rf & microwave technology","networks & distributed systems","11","£23,401,882.00"
"rf & microwave technology","optical communications","5","£8,894,692.00"
"rf & microwave technology","plasmas - laser & fusion","2","£356,179.00"
"rheology","continuum mechanics","1","£82,069.00"
"rheology","fluid dynamics","1","£997,052.00"
"rheology","med.instrument.device& equip.","1","£999,726.00"
"rheology","microsystems","2","£174,190.00"
"rheology","particle technology","2","£544,759.00"
"robotics & autonomy","artificial intelligence","6","£5,923,485.00"
"robotics & autonomy","biomechanics & rehabilitation","5","£7,118,307.00"
"robotics & autonomy","bioprocess engineering","1","£995,080.00"
"robotics & autonomy","cognitive science appl. in ict","2","£1,279,448.00"
"robotics & autonomy","control engineering","7","£14,659,132.00"
"robotics & autonomy","design of process systems","1","£995,080.00"
"robotics & autonomy","eng. dynamics & tribology","1","£342,317.00"
"robotics & autonomy","fundamentals of computing","4","£1,691,986.00"
"robotics & autonomy","human-computer interactions","7","£10,034,884.00"
"robotics & autonomy","image & vision computing","6","£7,532,016.00"
"robotics & autonomy","information & knowledge mgmt","5","£6,516,508.00"
"robotics & autonomy","instrumentation eng. & dev.","6","£6,555,497.00"
"robotics & autonomy","materials testing & eng.","1","£995,080.00"
"robotics & autonomy","med.instrument.device& equip.","10","£7,302,168.00"
"robotics & autonomy","medical imaging","4","£6,495,413.00"
"robotics & autonomy","reactor engineering","1","£995,080.00"
"robotics & autonomy","underwater engineering","1","£5,741,636.00"
"robotics & autonomy","vision & senses - ict appl.","2","£1,302,933.00"
"scattering & spectroscopy","light-matter interactions","1","£5,838,510.00"
"scattering & spectroscopy","quantum optics & information","1","£994,668.00"
"science & technology studies","information & knowledge mgmt","1","£2,667,741.00"
"separation processes","chemical synthetic methodology","1","£564,726.00"
"separation processes","design of process systems","2","£5,159,479.00"
"separation processes","energy - conventional","1","£109,027.00"
"separation processes","fluid dynamics","2","£1,052,027.00"
"separation processes","manufact. enterprise ops& mgmt","1","£4,508,218.00"
"separation processes","materials synthesis & growth","3","£1,419,034.00"
"separation processes","multiphase flow","4","£1,941,369.00"
"separation processes","reactor engineering","3","£5,954,862.00"
"social anthropology","multimedia","1","£5,996,356.00"
"social policy","human-computer interactions","3","£1,942,868.00"
"social policy","mobile computing","2","£1,097,691.00"
"social psychology","human-computer interactions","1","£648,984.00"
"social psychology","organisational studies","1","£648,984.00"
"social psychology","social policy","1","£845,177.00"
"social psychology","software engineering","3","£1,009,142.00"
"social stats., comp. & methods","transport ops & management","1","£3,444,605.00"
"social theory","human-computer interactions","1","£775,542.00"
"sociology","environmental planning","1","£3,567,862.00"
"sociology","transport ops & management","1","£3,567,862.00"
"software engineering","artificial intelligence","3","£7,318,230.00"
"software engineering","chemical structure","3","£534,502.00"
"software engineering","computer sys. & architecture","5","£10,654,840.00"
"software engineering","digital art & design","1","£5,965,328.00"
"software engineering","electronic devices & subsys.","1","£4,081,694.00"
"software engineering","fluid dynamics","3","£1,040,858.00"
"software engineering","fundamentals of computing","26","£21,635,456.00"
"software engineering","human-computer interactions","2","£3,266,863.00"
"software engineering","information & knowledge mgmt","11","£16,209,181.00"
"software engineering","materials characterisation","1","£715,138.00"
"software engineering","mobile computing","3","£10,169,207.00"
"software engineering","modelling & simul. of it sys.","2","£7,046,960.00"
"software engineering","multiphase flow","3","£907,198.00"
"software engineering","networks & distributed systems","7","£13,957,409.00"
"software engineering","parallel computing","4","£10,529,925.00"
"software engineering","robotics & autonomy","2","£1,874,549.00"
"software engineering","social psychology","4","£2,665,985.00"
"software engineering","transport ops & management","3","£806,020.00"
"soil science","ground engineering","4","£1,289,357.00"
"solar technology","catalysis & applied catalysis","2","£1,783,154.00"
"solar technology","condensed matter physics","11","£546,881.00"
"solar technology","fuel cell technologies","1","£1,804,265.00"
"solar technology","magnetism/magnetic phenomena","11","£546,881.00"
"solar technology","materials characterisation","1","£330,704.00"
"solar technology","materials synthesis & growth","3","£1,904,877.00"
"solar technology","optoelect. devices & circuits","3","£1,950,478.00"
"statistics & appl. probability","algebra & geometry","3","£4,071,473.00"
"statistics & appl. probability","artificial intelligence","8","£44,307,252.00"
"statistics & appl. probability","bioinformatics","3","£15,644,397.00"
"statistics & appl. probability","chemical biology","2","£10,175,729.00"
"statistics & appl. probability","complexity science","6","£13,515,183.00"
"statistics & appl. probability","continuum mechanics","6","£15,503,467.00"
"statistics & appl. probability","design & testing technology","1","£769,539.00"
"statistics & appl. probability","design engineering","2","£4,579,874.00"
"statistics & appl. probability","economics","1","£7,516,737.00"
"statistics & appl. probability","fundamentals of computing","2","£965,827.00"
"statistics & appl. probability","human-computer interactions","1","£4,062,954.00"
"statistics & appl. probability","information & knowledge mgmt","5","£14,817,549.00"
"statistics & appl. probability","logic & combinatorics","6","£1,893,408.00"
"statistics & appl. probability","manufacturing machine & plant","1","£498,109.00"
"statistics & appl. probability","materials processing","1","£777,199.00"
"statistics & appl. probability","mathematical analysis","17","£17,770,624.00"
"statistics & appl. probability","mathematical aspects of or","3","£8,851,309.00"
"statistics & appl. probability","mathematical physics","7","£10,627,230.00"
"statistics & appl. probability","medical science & disease","3","£15,644,397.00"
"statistics & appl. probability","networks & distributed systems","3","£5,760,172.00"
"statistics & appl. probability","non-linear systems mathematics","10","£20,023,948.00"
"statistics & appl. probability","numerical analysis","23","£36,258,845.00"
"statistics & appl. probability","water engineering","1","£1,395,661.00"
"structural biology","catalysis & applied catalysis","1","£288,481.00"
"structural biology","protein chemistry","1","£288,481.00"
"structural engineering","building ops & management","2","£5,457,793.00"
"structural engineering","civil engineering materials","7","£10,022,684.00"
"structural engineering","ground engineering","7","£9,794,517.00"
"structural engineering","pavement engineering","1","£5,832,641.00"
"structural engineering","urban & land management","2","£6,931,795.00"
"surfaces & interfaces","analytical science","2","£2,369,592.00"
"surfaces & interfaces","biomaterials","3","£1,135,934.00"
"surfaces & interfaces","catalysis & applied catalysis","2","£2,139,527.00"
"surfaces & interfaces","chemical structure","2","£1,669,556.00"
"surfaces & interfaces","condensed matter physics","1","£811,642.00"
"surfaces & interfaces","electrochemical science & eng.","4","£1,857,540.00"
"surfaces & interfaces","gas & solution phase reactions","3","£1,739,638.00"
"surfaces & interfaces","magnetism/magnetic phenomena","2","£1,145,264.00"
"surfaces & interfaces","materials characterisation","5","£8,370,495.00"
"surfaces & interfaces","materials synthesis & growth","3","£1,127,814.00"
"surfaces & interfaces","particle technology","1","£100,629.00"
"surfaces & interfaces","physical organic chemistry","2","£2,246,431.00"
"survey & monitoring","ground engineering","1","£246,258.00"
"sustainable energy networks","complexity science","3","£9,444,848.00"
"sustainable energy networks","education","1","£3,444,605.00"
"sustainable energy networks","electronic devices & subsys.","2","£3,994,793.00"
"sustainable energy networks","energy storage","12","£15,360,606.00"
"sustainable energy networks","mobile computing","1","£342,884.00"
"sustainable energy networks","power electronics","1","£292,576.00"
"sustainable energy networks","power sys man, prot & control","2","£801,238.00"
"sustainable energy networks","solar technology","2","£605,839.00"
"sustainable energy networks","statistics & appl. probability","3","£2,107,760.00"
"sustainable energy networks","urban & land management","2","£4,070,210.00"
"sustainable energy networks","water engineering","2","£8,819,243.00"
"sustainable energy vectors","catalysis & applied catalysis","3","£3,200,776.00"
"sustainable energy vectors","electrochemical science & eng.","2","£118,755.00"
"sustainable energy vectors","fuel cell technologies","8","£18,443,796.00"
"sustainable energy vectors","materials synthesis & growth","1","£7,073,862.00"
"sustainable energy vectors","separation processes","2","£654,383.00"
"sustainable energy vectors","solar technology","2","£3,100,479.00"
"sustainable energy vectors","urban & land management","1","£4,960,274.00"
"synthetic biology","catalysis & applied catalysis","1","£296,733.00"
"synthetic biology","chemical synthetic methodology","1","£4,563,820.00"
"synthetic biology","control engineering","4","£3,584,309.00"
"synthetic biology","fuel cell technologies","3","£3,488,503.00"
"synthetic biology","microsystems","3","£5,681,364.00"
"synthetic biology","physical organic chemistry","2","£522,814.00"
"synthetic biology","water engineering","2","£6,773,642.00"
"system on chip","electronic devices & subsys.","2","£4,615,583.00"
"system on chip","modelling & simul. of it sys.","1","£4,100,539.00"
"system on chip","theoretical biology","1","£3,610,642.00"
"theoretical biology","algebra & geometry","1","£1,629,559.00"
"theoretical biology","analytical science","2","£10,175,729.00"
"theoretical biology","biological & medicinal chem.","2","£10,175,729.00"
"theoretical biology","complexity science","2","£10,888,288.00"
"theoretical biology","genomics","2","£10,175,729.00"
"theoretical biology","logic & combinatorics","1","£1,629,559.00"
"theoretical biology","medical science & disease","1","£5,468,668.00"
"theoretical biology","population ecology","1","£4,691,124.00"
"theoretical biology","statistics & appl. probability","5","£23,471,120.00"
"time-based media htp","computer graphics & visual.","1","£6,358,107.00"
"time-based media htp","new media/web-based studies","1","£6,358,107.00"
"tissue engineering","biological & medicinal chem.","1","£7,181,445.00"
"tissue engineering","biomaterials","14","£18,415,721.00"
"tissue engineering","biomechanics & rehabilitation","6","£8,857,397.00"
"tissue engineering","drug formulation & delivery","3","£5,224,663.00"
"tissue engineering","fuel cell technologies","1","£1,656,509.00"
"tissue engineering","instrumentation eng. & dev.","2","£11,787,022.00"
"tissue engineering","manufacturing machine & plant","3","£5,343,500.00"
"tissue engineering","materials characterisation","4","£7,275,124.00"
"tissue engineering","mathematical & statistic psych","1","£100,803.00"
"tissue engineering","med.instrument.device& equip.","7","£22,387,430.00"
"tissue engineering","medical imaging","5","£11,060,308.00"
"tissue engineering","systems neuroscience","1","£100,803.00"
"tools for the biosciences","complexity science","1","£3,868,978.00"
"tools for the biosciences","plant physiology","1","£8,536.00"
"transport ops & management","artificial intelligence","1","£4,062,954.00"
"transport ops & management","building ops & management","4","£18,784,967.00"
"transport ops & management","complexity science","2","£1,223,646.00"
"transport ops & management","construction ops & management","2","£6,554,831.00"
"transport ops & management","energy efficiency","2","£2,385,844.00"
"transport ops & management","ground engineering","4","£6,212,348.00"
"transport ops & management","human-computer interactions","1","£3,910,923.00"
"transport ops & management","information & knowledge mgmt","2","£9,993,434.00"
"transport ops & management","materials processing","4","£627,301.00"
"transport ops & management","networks & distributed systems","2","£7,355,528.00"
"transport ops & management","pavement engineering","1","£4,960,274.00"
"transport ops & management","software engineering","3","£806,020.00"
"transport ops & management","structural engineering","2","£8,943,564.00"
"transport ops & management","sustainable energy networks","2","£7,012,467.00"
"transport ops & management","urban & land management","2","£5,462,622.00"
"transport ops & management","water engineering","3","£12,388,169.00"
"underwater engineering","control engineering","1","£5,741,636.00"
"underwater engineering","energy - marine & hydropower","3","£557,545.00"
"underwater engineering","robotics & autonomy","2","£5,840,177.00"
"urban & land management","bioenergy","1","£777,682.00"
"urban & land management","building ops & management","4","£11,984,136.00"
"urban & land management","complexity science","4","£4,753,391.00"
"urban & land management","construction ops & management","3","£8,752,598.00"
"urban & land management","energy efficiency","2","£7,745,932.00"
"urban & land management","mobile computing","1","£2,503,462.00"
"urban & land management","pavement engineering","1","£4,960,274.00"
"urban & land management","regional & extreme weather","2","£2,750,487.00"
"urban & land management","soil science","1","£755,202.00"
"urban & land management","structural engineering","3","£8,241,491.00"
"urban & land management","transport ops & management","7","£14,692,643.00"
"urban & land management","water engineering","2","£4,668,587.00"
"vision & senses - ict appl.","artificial intelligence","4","£2,052,238.00"
"vision & senses - ict appl.","human-computer interactions","2","£5,623,848.00"
"vision & senses - ict appl.","image & vision computing","19","£14,652,485.00"
"vision & senses - ict appl.","med.instrument.device& equip.","3","£2,323,844.00"
"vision & senses - ict appl.","new & emerging comp. paradigms","1","£4,782,908.00"
"vision & senses - ict appl.","theoretical biology","1","£1,202,384.00"
"vlsi design","electronic devices & subsys.","1","£501,273.00"
"waste management","assess/remediate contamination","1","£2,488,954.00"
"waste management","coastal & waterway engineering","1","£1,223,982.00"
"waste management","energy efficiency","1","£1,223,982.00"
"waste management","pavement engineering","1","£5,832,641.00"
"waste management","transport ops & management","1","£5,832,641.00"
"waste minimisation","bioenergy","1","£81,247.00"
"waste minimisation","construction ops & management","1","£300,094.00"
"waste minimisation","materials processing","2","£3,714,503.00"
"water engineering","building ops & management","3","£10,167,546.00"
"water engineering","coastal & waterway engineering","5","£7,600,669.00"
"water engineering","construction ops & management","2","£7,056,623.00"
"water engineering","environment & health","2","£568,459.00"
"water engineering","fuel cell technologies","1","£4,980,773.00"
"water engineering","networks & distributed systems","1","£3,444,605.00"
"water engineering","separation processes","1","£768,786.00"
"water engineering","structural engineering","2","£8,943,564.00"
"water engineering","synthetic biology","3","£11,965,303.00"
"water engineering","urban & land management","4","£12,299,237.00"
"water engineering","waste management","2","£7,056,623.00"
"wind power","energy - marine & hydropower","3","£14,377,472.00"
